販売員納品明細ID,販売員納品ID,品名,数量,単価,金額（税抜）,備考,販売員請求書鏡ID,販売員請求書鏡明細ID,削除フラグ,編集不可フラグ,未反映数
9ed45749,988ae2df,1,6,1200,7200,,,,FALSE,TRUE,0
d7666efa,988ae2df,8,5,3000,15000,,a9d543d1,,FALSE,TRUE,0
78e549b2,80c6256f,11,12,3000,36000,,,,FALSE,TRUE,0
395b1a5c,80c6256f,2,30,3000,90000,,24425c68,,FALSE,TRUE,0
ed8f6d0e,80c6256f,5,12,3500,42000,,24425c68,,FALSE,TRUE,0
a293592c,80c6256f,39,6,2500,15000,,24425c68,,FALSE,TRUE,0
96f74d21,80c6256f,24,3,3000,9000,,24425c68,,FALSE,TRUE,0
a69108d8,80c6256f,14,3,5000,15000,,24425c68,,FALSE,TRUE,0
ff6c2284,80c6256f,29,50,50,2500,,24425c68,,FALSE,TRUE,0
e397ba5b,80c6256f,4,24,3000,72000,,24425c68,,FALSE,TRUE,0
ca2ac6d0,80c6256f,6,3,5000,15000,,24425c68,,FALSE,TRUE,0
5e4f37f8,80c6256f,25,3,3000,9000,,24425c68,,FALSE,TRUE,0
e45ca8ee,80c6256f,8,60,3000,180000,,24425c68,,FALSE,TRUE,0
5661399b,80c6256f,3,6,3000,18000,,24425c68,,FALSE,TRUE,0
31ca3701,80c6256f,10,6,3000,18000,,24425c68,,FALSE,TRUE,0
6324c08f,80c6256f,1,90,1200,108000,,24425c68,,FALSE,TRUE,0
dd49d84a,80c6256f,7,12,3000,36000,,24425c68,,FALSE,TRUE,0
0990a81b,80c6256f,38,12,2500,30000,,24425c68,,FALSE,TRUE,0
5b7ed8dc,80c6256f,28,60,100,6000,,24425c68,,FALSE,TRUE,0
c146860d,80c6256f,23,3,3000,9000,,24425c68,,FALSE,TRUE,0
740a3da4,a258b173,8,12,3000,36000,,,,FALSE,TRUE,0
c63e441e,a258b173,2,6,3000,18000,,8170fea0,,FALSE,TRUE,0
f31f3c80,a258b173,1,1,1200,1200,,8170fea0,,FALSE,TRUE,0
4fd61355,a258b173,4,2,3000,6000,,8170fea0,,FALSE,TRUE,0
2380e4b8,b599688e,1,12,1200,14400,,,,FALSE,TRUE,0
50ba58a7,b599688e,11,1,3000,3000,,e244c7d4,,FALSE,TRUE,0
d1ed7a11,b599688e,6,2,5000,10000,,e244c7d4,,FALSE,TRUE,0
a739fb3c,b599688e,8,12,3000,36000,,e244c7d4,,FALSE,TRUE,0
814185da,b599688e,14,2,5000,10000,,e244c7d4,,FALSE,TRUE,0
5b4bc169,c6b6e1eb,15,1,3000,3000,,,,FALSE,TRUE,0
df5b73d1,c6b6e1eb,4,6,3000,18000,,b20db96b,,FALSE,TRUE,0
16a9c2bd,c6b6e1eb,7,1,3000,3000,,b20db96b,,FALSE,TRUE,0
a5eec198,c6b6e1eb,3,1,3000,3000,,b20db96b,,FALSE,TRUE,0
84b247e7,c6b6e1eb,2,1,3000,3000,,b20db96b,,FALSE,TRUE,0
2d53c785,c6b6e1eb,17,5,3000,15000,,b20db96b,,FALSE,TRUE,0
387f1fc1,c6b6e1eb,1,1,1200,1200,,b20db96b,,FALSE,TRUE,0
9f8d4db2,c6b6e1eb,6,2,5000,10000,,b20db96b,,FALSE,TRUE,0
be21e62b,c6b6e1eb,8,14,3000,42000,,b20db96b,,FALSE,TRUE,0
5ba12b9e,c6b6e1eb,5,6,3500,21000,,b20db96b,,FALSE,TRUE,0
bf507cb4,09bda6bc,1,4,1200,4800,,,,FALSE,TRUE,0
32c592a0,09bda6bc,3,2,3000,6000,,3801bd0f,,FALSE,TRUE,0
7612c067,09bda6bc,14,1,5000,5000,,3801bd0f,,FALSE,TRUE,0
0894db86,09bda6bc,8,5,3000,15000,,3801bd0f,,FALSE,TRUE,0
86cb8da9,09bda6bc,2,4,3000,12000,,3801bd0f,,FALSE,TRUE,0
e877538c,15279a67,10,1,3000,3000,,,,FALSE,TRUE,0
d51ed133,15279a67,1,6,1200,7200,,df369a14,,FALSE,TRUE,0
5ceffb2e,15279a67,11,1,3000,3000,,df369a14,,FALSE,TRUE,0
4f34ed2c,15279a67,8,6,3000,18000,,df369a14,,FALSE,TRUE,0
4225ebfc,15279a67,39,1,2500,2500,,df369a14,,FALSE,TRUE,0
6ace8fe7,15279a67,4,4,3000,12000,,df369a14,,FALSE,TRUE,0
38c6dbfb,15279a67,5,1,3500,3500,,df369a14,,FALSE,TRUE,0
0ef03183,15279a67,3,1,3000,3000,,df369a14,,FALSE,TRUE,0
234f9357,4a32d264,5,5,3500,17500,,,,FALSE,TRUE,0
939b79cd,4a32d264,4,6,3000,18000,,2c0674e3,,FALSE,TRUE,0
4af749b4,4a32d264,15,2,3000,6000,,2c0674e3,,FALSE,TRUE,0
ef6a832e,4a32d264,8,36,3000,108000,,2c0674e3,,FALSE,TRUE,0
6bf6d861,4a32d264,3,12,3000,36000,,2c0674e3,,FALSE,TRUE,0
fc6b108e,4a32d264,1,30,1200,36000,,2c0674e3,,FALSE,TRUE,0
2543dfba,4a32d264,10,4,3000,12000,,2c0674e3,,FALSE,TRUE,0
e71266d9,4a32d264,2,12,3000,36000,,2c0674e3,,FALSE,TRUE,0
72b4717b,4a32d264,27,1,3000,3000,,2c0674e3,,FALSE,TRUE,0
09cebe06,4a32d264,7,6,3000,18000,,2c0674e3,,FALSE,TRUE,0
710b25b8,4a32d264,11,2,3000,6000,,2c0674e3,,FALSE,TRUE,0
704e9aac,f60c1e0c,3,6,3000,18000,,,,FALSE,TRUE,0
74b9c68c,f60c1e0c,7,6,3000,18000,,044d134f,,FALSE,TRUE,0
b8d3a222,f60c1e0c,8,6,3000,18000,,044d134f,,FALSE,TRUE,0
fadd8c22,f60c1e0c,1,18,1200,21600,,044d134f,,FALSE,TRUE,0
977c036f,f60c1e0c,4,6,3000,18000,,044d134f,,FALSE,TRUE,0
a7f92eb4,f60c1e0c,11,2,3000,6000,,044d134f,,FALSE,TRUE,0
f345d3cc,f60c1e0c,2,6,3000,18000,,044d134f,,FALSE,TRUE,0
78a5c100,f60c1e0c,14,2,5000,10000,,044d134f,,FALSE,TRUE,0
3f34d3f1,a5a1e619,1,10,1200,12000,,,,FALSE,TRUE,0
c971e6a3,a5a1e619,39,1,2500,2500,,79b7217f,,FALSE,TRUE,0
46ca3aab,a5a1e619,2,7,3000,21000,,79b7217f,,FALSE,TRUE,0
3ec68290,a5a1e619,5,2,3500,7000,,79b7217f,,FALSE,TRUE,0
a6060ede,a5a1e619,4,10,3000,30000,,79b7217f,,FALSE,TRUE,0
1a80cab8,a5a1e619,11,4,3000,12000,,79b7217f,,FALSE,TRUE,0
af81deb4,a5a1e619,8,17,3000,51000,,79b7217f,,FALSE,TRUE,0
73f8439d,a5a1e619,38,1,2500,2500,,79b7217f,,FALSE,TRUE,0
de8c1691,a5a1e619,10,1,3000,3000,,79b7217f,,FALSE,TRUE,0
308c42b3,a5a1e619,7,3,3000,9000,,79b7217f,,FALSE,TRUE,0
028634d8,a5a1e619,3,8,3000,24000,,79b7217f,,FALSE,TRUE,0
d6b42ed9,287549ca,8,13,3000,39000,,,,FALSE,TRUE,0
b6df119a,287549ca,1,2,1200,2400,,26fc177e,,FALSE,TRUE,0
29e4f0fb,287549ca,14,1,5000,5000,,26fc177e,,FALSE,TRUE,0
8ead29a9,287549ca,38,2,2500,5000,,26fc177e,e098666d,FALSE,TRUE,0
e959e24b,4bdc6ebe,39,2,2500,5000,,,,FALSE,TRUE,0
83bd38c4,4bdc6ebe,8,3,3000,9000,,80a45467,,FALSE,TRUE,0
208a9431,4bdc6ebe,2,2,3000,6000,,80a45467,,FALSE,TRUE,0
ce519fe5,4bdc6ebe,14,1,5000,5000,,80a45467,,FALSE,TRUE,0
37f708ba,5278a9fa,2,2,3000,6000,,,,FALSE,TRUE,0
0a5826e8,5278a9fa,8,8,3000,24000,,7416d440,,FALSE,TRUE,0
6b0b2d8a,5278a9fa,14,2,5000,10000,,7416d440,,FALSE,TRUE,0
739fc977,5278a9fa,1,10,1200,12000,,7416d440,,FALSE,TRUE,0
e89ef46e,5278a9fa,3,3,3000,9000,,7416d440,,FALSE,TRUE,0
af03e6dd,7c50db91,5,2,3500,7000,,,,FALSE,TRUE,0
3a295133,7c50db91,1,24,1200,28800,,237676b3,,FALSE,TRUE,0
c2ab6026,7c50db91,38,5,2500,12500,,237676b3,,FALSE,TRUE,0
22179138,7c50db91,7,7,3000,21000,,237676b3,,FALSE,TRUE,0
c7a6d2d3,7c50db91,4,6,3000,18000,,237676b3,,FALSE,TRUE,0
c0a7037e,7c50db91,2,6,3000,18000,,237676b3,,FALSE,TRUE,0
224fc6e5,7c50db91,8,26,3000,78000,,237676b3,,FALSE,TRUE,0
a2862cea,7c50db91,3,6,3000,18000,,237676b3,,FALSE,TRUE,0
98b92fc5,7c50db91,39,3,2500,7500,,237676b3,,FALSE,TRUE,0
0a6b5d80,40e8f9a8,2,8,3000,24000,,,,FALSE,TRUE,0
514aa3f8,40e8f9a8,5,1,3500,3500,,0f930f51,,FALSE,TRUE,0
9153718a,40e8f9a8,3,2,3000,6000,,0f930f51,,FALSE,TRUE,0
cb4208d5,40e8f9a8,6,4,5000,20000,,0f930f51,,FALSE,TRUE,0
2cc7c27e,40e8f9a8,39,1,2500,2500,,0f930f51,,FALSE,TRUE,0
607b69b8,40e8f9a8,38,1,2500,2500,,0f930f51,,FALSE,TRUE,0
0ff8a46f,40e8f9a8,1,12,1200,14400,,0f930f51,,FALSE,TRUE,0
aa479c53,40e8f9a8,4,6,3000,18000,,0f930f51,,FALSE,TRUE,0
b89ea07c,40e8f9a8,7,6,3000,18000,,0f930f51,,FALSE,TRUE,0
ca1b358b,40e8f9a8,14,1,5000,5000,,0f930f51,,FALSE,TRUE,0
844f0152,40e8f9a8,11,1,3000,3000,,0f930f51,,FALSE,TRUE,0
3b4dea40,40e8f9a8,8,18,3000,54000,,0f930f51,,FALSE,TRUE,0
020455a3,ac38df8d,8,8,3000,24000,,,,FALSE,TRUE,0
89d6bf35,ac38df8d,9,1,3000,3000,,7ca4dfd5,,FALSE,TRUE,0
4ca4a83b,ac38df8d,39,4,2500,10000,,7ca4dfd5,,FALSE,TRUE,0
2bce6072,ac38df8d,7,4,3000,12000,,7ca4dfd5,,FALSE,TRUE,0
d39a3873,ac38df8d,5,2,3500,7000,,7ca4dfd5,,FALSE,TRUE,0
a6be7f13,ac38df8d,2,2,3000,6000,,7ca4dfd5,,FALSE,TRUE,0
e466dc57,ac38df8d,14,5,5000,25000,,7ca4dfd5,,FALSE,TRUE,0
8bfda043,ac38df8d,10,1,3000,3000,,7ca4dfd5,,FALSE,TRUE,0
ba01d5d8,ac38df8d,1,22,1200,26400,,7ca4dfd5,,FALSE,TRUE,0
ba9a44bc,ac38df8d,3,3,3000,9000,,7ca4dfd5,,FALSE,TRUE,0
298da7e8,ac38df8d,11,2,3000,6000,,7ca4dfd5,,FALSE,TRUE,0
b517a21d,ac38df8d,4,3,3000,9000,,7ca4dfd5,,FALSE,TRUE,0
7a9df721,ac38df8d,38,2,2500,5000,,7ca4dfd5,,FALSE,TRUE,0
df8070f0,8f696e27,8,90,3000,270000,,,,FALSE,TRUE,0
aa65df44,8f696e27,11,6,3000,18000,,e90f46be,,FALSE,TRUE,0
f8a9db91,8f696e27,38,6,2500,15000,,e90f46be,,FALSE,TRUE,0
d06688bb,8f696e27,10,6,3000,18000,,e90f46be,,FALSE,TRUE,0
b75f1335,8f696e27,6,2,5000,10000,,e90f46be,,FALSE,TRUE,0
39c98047,8f696e27,19,3,4500,13500,,e90f46be,,FALSE,TRUE,0
8ae64df7,8f696e27,7,24,3000,72000,,e90f46be,,FALSE,TRUE,0
02b7ea1a,8f696e27,18,2,4500,9000,,e90f46be,,FALSE,TRUE,0
ed2f4f00,8f696e27,4,36,3000,108000,,e90f46be,,FALSE,TRUE,0
824ad0f6,8f696e27,1,120,1200,144000,,e90f46be,,FALSE,TRUE,0
f26d4846,8f696e27,3,30,3000,90000,,e90f46be,,FALSE,TRUE,0
45176cd5,8f696e27,39,6,2500,15000,,e90f46be,,FALSE,TRUE,0
1279aa1e,8f696e27,2,60,3000,180000,,e90f46be,,FALSE,TRUE,0
bd791eb5,8f696e27,14,18,5000,90000,,e90f46be,,FALSE,TRUE,0
bc182bf1,8f696e27,28,100,100,10000,,e90f46be,,FALSE,TRUE,0
17a90030,8f696e27,29,100,50,5000,,e90f46be,,FALSE,TRUE,0
c08be4ad,8f696e27,32,10,100,1000,,e90f46be,,FALSE,TRUE,0
6ce238de,8f696e27,33,10,100,1000,,e90f46be,,FALSE,TRUE,0
4ff4b961,8f696e27,34,10,100,1000,,e90f46be,,FALSE,TRUE,0
2e9513ee,c9ecd7c5,4,3,3000,9000,,,,FALSE,TRUE,0
4e82c84a,c9ecd7c5,2,3,3000,9000,,45a7c4a4,,FALSE,TRUE,0
83039099,c9ecd7c5,8,9,3000,27000,,45a7c4a4,,FALSE,TRUE,0
eeaa3f3d,40ae6f72,10,3,3000,9000,,,,FALSE,TRUE,0
0449ef46,40ae6f72,38,2,2500,5000,,41db99a6,,FALSE,TRUE,0
21e9aee6,40ae6f72,9,4,3000,12000,,41db99a6,,FALSE,TRUE,0
efd27921,40ae6f72,16,1,3000,3000,,41db99a6,,FALSE,TRUE,0
51a1442f,40ae6f72,8,74,3000,222000,,41db99a6,,FALSE,TRUE,0
342a6a4c,40ae6f72,3,13,3000,39000,,41db99a6,,FALSE,TRUE,0
514ee648,40ae6f72,1,62,1200,74400,,41db99a6,,FALSE,TRUE,0
fb91bd95,40ae6f72,4,30,3000,90000,,41db99a6,,FALSE,TRUE,0
70dc55e5,40ae6f72,5,13,3500,45500,,41db99a6,,FALSE,TRUE,0
ff477874,40ae6f72,14,3,5000,15000,,41db99a6,,FALSE,TRUE,0
4929c29a,40ae6f72,2,43,3000,129000,,41db99a6,,FALSE,TRUE,0
21a79ef0,40ae6f72,39,2,2500,5000,,41db99a6,,FALSE,TRUE,0
d8429f66,40ae6f72,7,13,3000,39000,,41db99a6,,FALSE,TRUE,0
7c7a681a,40ae6f72,6,5,5000,25000,,41db99a6,,FALSE,TRUE,0
91fc80a7,00083d68,3,12,3000,36000,,,,FALSE,TRUE,0
3a6323c9,00083d68,14,2,5000,10000,,3c506aa0,,FALSE,TRUE,0
abaa2049,00083d68,17,1,3000,3000,,3c506aa0,,FALSE,TRUE,0
1a4d370d,00083d68,4,6,3000,18000,,3c506aa0,,FALSE,TRUE,0
bf9d1bc3,00083d68,5,1,3500,3500,,3c506aa0,,FALSE,TRUE,0
8d9218a7,00083d68,8,35,3000,105000,,3c506aa0,,FALSE,TRUE,0
26b594e4,00083d68,2,6,3000,18000,,3c506aa0,,FALSE,TRUE,0
4fede822,00083d68,7,6,3000,18000,,3c506aa0,,FALSE,TRUE,0
5dca674e,00083d68,1,12,1200,14400,,3c506aa0,,FALSE,TRUE,0
c05d3fc5,00083d68,11,1,3000,3000,,3c506aa0,,FALSE,TRUE,0
2aa865aa,00083d68,38,2,2500,5000,,3c506aa0,,FALSE,TRUE,0
86acb0f8,00083d68,39,3,2500,7500,,3c506aa0,,FALSE,TRUE,0
a9bec700,8ae91bb1,1,12,1200,14400,,,,FALSE,TRUE,0
0c2e699f,8ae91bb1,2,3,3000,9000,,a3c410d8,,FALSE,TRUE,0
655e77b9,8ae91bb1,8,12,3000,36000,,a3c410d8,,FALSE,TRUE,0
f88263e5,8ae91bb1,38,2,2500,5000,,a3c410d8,,FALSE,TRUE,0
ee654623,8ae91bb1,39,1,2500,2500,,a3c410d8,,FALSE,TRUE,0
57c07f51,253ea2dd,1,17,1200,20400,,,,FALSE,TRUE,0
8e5c9514,253ea2dd,39,6,2500,15000,,d3e0c812,,FALSE,TRUE,0
d7d38e37,253ea2dd,4,7,3000,21000,,d3e0c812,,FALSE,TRUE,0
a2e7e301,253ea2dd,3,12,3000,36000,,d3e0c812,,FALSE,TRUE,0
4bb54a2c,253ea2dd,6,2,5000,10000,,d3e0c812,,FALSE,TRUE,0
edb56a26,253ea2dd,15,3,3000,9000,,d3e0c812,,FALSE,TRUE,0
8adb397e,253ea2dd,19,1,4500,4500,,d3e0c812,,FALSE,TRUE,0
2d68fec5,253ea2dd,5,2,3500,7000,,d3e0c812,,FALSE,TRUE,0
b65f30ad,253ea2dd,9,3,3000,9000,,d3e0c812,,FALSE,TRUE,0
f8768388,253ea2dd,14,8,5000,40000,,d3e0c812,,FALSE,TRUE,0
744fd9b5,253ea2dd,8,27,3000,81000,,d3e0c812,,FALSE,TRUE,0
b3dbd0f6,253ea2dd,38,4,2500,10000,,d3e0c812,,FALSE,TRUE,0
3959eeee,253ea2dd,27,1,3000,3000,,d3e0c812,,FALSE,TRUE,0
d6f63a40,253ea2dd,7,8,3000,24000,,d3e0c812,,FALSE,TRUE,0
f368b44b,253ea2dd,2,15,3000,45000,,d3e0c812,,FALSE,TRUE,0
79007543,253ea2dd,24,2,3000,6000,,d3e0c812,,FALSE,TRUE,0
18289c74,253ea2dd,10,1,3000,3000,,d3e0c812,,FALSE,TRUE,0
3784d974,253ea2dd,11,2,3000,6000,,d3e0c812,,FALSE,TRUE,0
1ba34818,59ebdfd1,11,1,3000,3000,,,,FALSE,TRUE,0
fd5ddcb0,59ebdfd1,7,3,3000,9000,,7df7be6d,,FALSE,TRUE,0
d41bac85,59ebdfd1,39,2,2500,5000,,7df7be6d,,FALSE,TRUE,0
956fe6c0,59ebdfd1,14,1,5000,5000,,7df7be6d,,FALSE,TRUE,0
eaae6f8f,59ebdfd1,5,1,3500,3500,,7df7be6d,,FALSE,TRUE,0
df1860cd,59ebdfd1,6,1,5000,5000,,7df7be6d,,FALSE,TRUE,0
0ff35c07,59ebdfd1,2,2,3000,6000,,7df7be6d,,FALSE,TRUE,0
2c81ee1e,59ebdfd1,38,1,2500,2500,,7df7be6d,,FALSE,TRUE,0
b69bb45a,59ebdfd1,4,6,3000,18000,,7df7be6d,,FALSE,TRUE,0
6c70f204,59ebdfd1,1,11,1200,13200,,7df7be6d,,FALSE,TRUE,0
f71dca5e,59ebdfd1,8,11,3000,33000,,7df7be6d,,FALSE,TRUE,0
e40cadbd,59ebdfd1,3,4,3000,12000,,7df7be6d,,FALSE,TRUE,0
e65ceaea,b5b0f7cd,38,1,2500,2500,,,,FALSE,TRUE,0
46aa1816,b5b0f7cd,4,3,3000,9000,,c3b3030b,,FALSE,TRUE,0
10470b8d,b5b0f7cd,1,1,1200,1200,,c3b3030b,,FALSE,TRUE,0
7a8dbf8a,b5b0f7cd,8,13,3000,39000,,c3b3030b,,FALSE,TRUE,0
6f4415dd,2fff7dd7,10,1,3000,3000,,,,FALSE,TRUE,0
4e5b7bba,2fff7dd7,1,25,1200,30000,,2e57e466,,FALSE,TRUE,0
6ac63e09,2fff7dd7,7,2,3000,6000,,2e57e466,,FALSE,TRUE,0
6edf1ec5,2fff7dd7,39,2,2500,5000,,2e57e466,,FALSE,TRUE,0
4a666f1e,2fff7dd7,2,3,3000,9000,,2e57e466,,FALSE,TRUE,0
c35abcca,2fff7dd7,11,5,3000,15000,,2e57e466,,FALSE,TRUE,0
cf42fa37,2fff7dd7,3,6,3000,18000,,2e57e466,,FALSE,TRUE,0
c7247b00,2fff7dd7,4,2,3000,6000,,2e57e466,,FALSE,TRUE,0
e0b59da7,2fff7dd7,14,1,5000,5000,,2e57e466,,FALSE,TRUE,0
16944b1e,2fff7dd7,8,18,3000,54000,,2e57e466,,FALSE,TRUE,0
66ce2731,2fff7dd7,38,2,2500,5000,,2e57e466,,FALSE,TRUE,0
999fe74b,5d4b824d,3,2,3000,6000,,,,FALSE,TRUE,0
423fb405,5d4b824d,4,3,3000,9000,,d6bc5ee7,,FALSE,TRUE,0
bb0e7976,5d4b824d,14,2,5000,10000,,d6bc5ee7,,FALSE,TRUE,0
a3928d27,5d4b824d,7,5,3000,15000,,d6bc5ee7,,FALSE,TRUE,0
33476185,5d4b824d,11,1,3000,3000,,d6bc5ee7,,FALSE,TRUE,0
513cacdb,5d4b824d,8,16,3000,48000,,d6bc5ee7,,FALSE,TRUE,0
5eb5826b,5d4b824d,2,3,3000,9000,,d6bc5ee7,,FALSE,TRUE,0
222b02ef,5d4b824d,15,1,3000,3000,,d6bc5ee7,,FALSE,TRUE,0
d58016ce,5d4b824d,38,1,2500,2500,,d6bc5ee7,,FALSE,TRUE,0
48f03d38,5d4b824d,1,11,1200,13200,,d6bc5ee7,,FALSE,TRUE,0
827854bf,5d4b824d,39,1,2500,2500,,d6bc5ee7,,FALSE,TRUE,0
a05377e0,5d4b824d,10,2,3000,6000,,d6bc5ee7,,FALSE,TRUE,0
8858fa4d,80ea1610,39,1,2500,2500,,,,FALSE,TRUE,0
bb5f9c0e,80ea1610,4,2,3000,6000,,125d779b,,FALSE,TRUE,0
93b29ca5,80ea1610,8,6,3000,18000,,125d779b,,FALSE,TRUE,0
eb66a591,80ea1610,7,1,3000,3000,,125d779b,,FALSE,TRUE,0
ac98acfb,80ea1610,2,2,3000,6000,,125d779b,,FALSE,TRUE,0
68f58dbd,80ea1610,1,6,1200,7200,,125d779b,,FALSE,TRUE,0
4464ed05,35e46b8b,38,6,2500,15000,,,,FALSE,TRUE,0
e6d81bd5,35e46b8b,3,5,3000,15000,,328f8389,,FALSE,TRUE,0
082a698e,35e46b8b,1,19,1200,22800,,328f8389,,FALSE,TRUE,0
9749f773,35e46b8b,39,7,2500,17500,,328f8389,,FALSE,TRUE,0
70de8901,35e46b8b,4,5,3000,15000,,328f8389,,FALSE,TRUE,0
55506859,35e46b8b,10,1,3000,3000,,328f8389,,FALSE,TRUE,0
9fa52708,35e46b8b,8,20,3000,60000,,328f8389,,FALSE,TRUE,0
98146738,35e46b8b,11,2,3000,6000,,328f8389,,FALSE,TRUE,0
1f3edcd1,35e46b8b,9,2,3000,6000,,328f8389,,FALSE,TRUE,0
4af8c688,35e46b8b,7,3,3000,9000,,328f8389,,FALSE,TRUE,0
ee91ed39,35e46b8b,5,3,3500,10500,,328f8389,,FALSE,TRUE,0
dbcbd5bd,35e46b8b,14,1,5000,5000,,328f8389,,FALSE,TRUE,0
5703065c,35e46b8b,2,3,3000,9000,,328f8389,,FALSE,TRUE,0
23403a35,05d28d8d,39,1,2500,2500,,,,FALSE,TRUE,0
def73045,05d28d8d,7,2,3000,6000,,11dc33a7,,FALSE,TRUE,0
2e623b90,05d28d8d,1,2,1200,2400,,11dc33a7,,FALSE,TRUE,0
bf9ba50d,05d28d8d,2,1,3000,3000,,11dc33a7,,FALSE,TRUE,0
bd274301,05d28d8d,38,1,2500,2500,,11dc33a7,,FALSE,TRUE,0
6bff1f1b,05d28d8d,8,2,3000,6000,,11dc33a7,,FALSE,TRUE,0
d9d488a1,05d28d8d,3,1,3000,3000,,11dc33a7,,FALSE,TRUE,0
efba57de,b98c8ff1,8,1,3000,3000,,,,FALSE,TRUE,0
ed0f9af6,b98c8ff1,39,1,2500,2500,,aebe252f,,FALSE,TRUE,0
0848027e,b98c8ff1,7,1,3000,3000,,aebe252f,,FALSE,TRUE,0
b6d92769,2daf4595,38,1,2500,2500,,,,FALSE,TRUE,0
d0ef1a7d,2daf4595,2,2,3000,6000,,a583ba9a,,FALSE,TRUE,0
64df2f5d,2daf4595,4,6,3000,18000,,a583ba9a,,FALSE,TRUE,0
cb01d922,2daf4595,3,4,3000,12000,,a583ba9a,,FALSE,TRUE,0
bfcaea34,2daf4595,39,2,2500,5000,,a583ba9a,,FALSE,TRUE,0
362cc192,2daf4595,8,11,3000,33000,,a583ba9a,,FALSE,TRUE,0
0ae1b11e,2daf4595,1,11,1200,13200,,a583ba9a,,FALSE,TRUE,0
74828240,2daf4595,6,1,5000,5000,,a583ba9a,,FALSE,TRUE,0
6acd8ee3,2daf4595,11,1,3000,3000,,a583ba9a,,FALSE,TRUE,0
fcb6443f,2daf4595,7,3,3000,9000,,a583ba9a,,FALSE,TRUE,0
1a0b54c3,2daf4595,14,1,5000,5000,,a583ba9a,,FALSE,TRUE,0
e8366ad2,2daf4595,5,1,3500,3500,,a583ba9a,,FALSE,TRUE,0
c5fda14c,096a05d6,1,1,1200,1200,,,,FALSE,TRUE,0
d25aa37f,096a05d6,8,10,3000,30000,,6a45f2f7,,FALSE,TRUE,0
1d91b2fc,096a05d6,14,2,5000,10000,,6a45f2f7,,FALSE,TRUE,0
7b6051ba,096a05d6,5,1,3500,3500,,6a45f2f7,,FALSE,TRUE,0
5020e1ef,096a05d6,2,2,3000,6000,,6a45f2f7,,FALSE,TRUE,0
9e27a01e,096a05d6,7,1,3000,3000,,6a45f2f7,,FALSE,TRUE,0
9d13033f,096a05d6,4,1,3000,3000,,6a45f2f7,,FALSE,TRUE,0
15d42f4f,096a05d6,6,1,5000,5000,,6a45f2f7,,FALSE,TRUE,0
d0ed2919,096a05d6,3,7,3000,21000,,6a45f2f7,,FALSE,TRUE,0
8d657d22,096a05d6,39,1,2500,2500,,6a45f2f7,,FALSE,TRUE,0
d10aa981,fecb4377,14,6,5000,30000,,,,FALSE,TRUE,0
94306c95,fecb4377,3,6,3000,18000,,a0cc06ca,,FALSE,TRUE,0
ebaa9545,fecb4377,11,4,3000,12000,,a0cc06ca,,FALSE,TRUE,0
13a8c41d,67eee23a,38,0,2500,0,,,,FALSE,TRUE,0
0d36a3f5,67eee23a,39,0,2500,0,,ab5d1e41,,FALSE,TRUE,0
fbd83880,b1a43c8b,3,18,3000,54000,,,,FALSE,TRUE,0
15bc4d01,b1a43c8b,1,60,1200,72000,,74a1201b,,FALSE,TRUE,0
9699fb18,b1a43c8b,4,12,3000,36000,,74a1201b,,FALSE,TRUE,0
34f76e14,b1a43c8b,2,18,3000,54000,,74a1201b,,FALSE,TRUE,0
44d2bb48,b1a43c8b,5,18,3500,63000,,74a1201b,,FALSE,TRUE,0
d6147493,b1a43c8b,6,2,5000,10000,,74a1201b,,FALSE,TRUE,0
62438e7b,b1a43c8b,7,30,3000,90000,,74a1201b,,FALSE,TRUE,0
4c75cf90,b1a43c8b,8,60,3000,180000,,74a1201b,,FALSE,TRUE,0
56a7e431,b1a43c8b,9,6,3000,18000,,74a1201b,,FALSE,TRUE,0
21694283,b1a43c8b,10,12,3000,36000,,74a1201b,,FALSE,TRUE,0
0b19d315,b1a43c8b,11,24,3000,72000,,74a1201b,,FALSE,TRUE,0
b77c9db8,b1a43c8b,38,12,2500,30000,,74a1201b,,FALSE,TRUE,0
51f6d208,b1a43c8b,39,12,2500,30000,,74a1201b,,FALSE,TRUE,0
8a697db0,b1a43c8b,14,6,5000,30000,,74a1201b,,FALSE,TRUE,0
3594b3ff,b1a43c8b,16,3,3000,9000,,74a1201b,,FALSE,TRUE,0
beaf8e48,b1a43c8b,17,3,3000,9000,,74a1201b,,FALSE,TRUE,0
4e0ae79f,255d3dc5,11,2,3000,6000,,,,FALSE,TRUE,0
c36c8976,255d3dc5,1,3,1200,3600,,e552a33b,,FALSE,TRUE,0
f463ffaf,255d3dc5,3,2,3000,6000,,e552a33b,,FALSE,TRUE,0
abb66f96,255d3dc5,8,2,3000,6000,,e552a33b,,FALSE,TRUE,0
29f00c86,1a7049c4,4,9,3000,27000,,,,FALSE,TRUE,0
5eac8721,1a7049c4,11,3,3000,9000,,0d089aad,,FALSE,TRUE,0
db64a3ae,1a7049c4,3,6,3000,18000,,0d089aad,,FALSE,TRUE,0
176666d6,1a7049c4,2,13,3000,39000,,0d089aad,,FALSE,TRUE,0
8f9138a5,1a7049c4,7,2,3000,6000,,0d089aad,,FALSE,TRUE,0
37568823,1a7049c4,9,1,3000,3000,,0d089aad,,FALSE,TRUE,0
b2a8f299,1a7049c4,1,21,1200,25200,,0d089aad,,FALSE,TRUE,0
7bf2c35c,1a7049c4,10,1,3000,3000,,0d089aad,,FALSE,TRUE,0
af37e753,1a7049c4,8,24,3000,72000,,0d089aad,,FALSE,TRUE,0
d4a5a91a,1a7049c4,6,1,5000,5000,,0d089aad,,FALSE,TRUE,0
77b6591e,1a7049c4,14,3,5000,15000,,0d089aad,,FALSE,TRUE,0
ff8b48a0,c5708812,8,58,3000,174000,,,,FALSE,TRUE,0
7f532b95,c5708812,7,4,3000,12000,,a42a28df,,FALSE,TRUE,0
dcfc7942,c5708812,25,1,3000,3000,,a42a28df,,FALSE,TRUE,0
450831ac,c5708812,14,5,5000,25000,,a42a28df,,FALSE,TRUE,0
8674d71a,c5708812,9,6,3000,18000,,a42a28df,,FALSE,TRUE,0
a7faace9,c5708812,1,43,1200,51600,,a42a28df,,FALSE,TRUE,0
0cad9edd,c5708812,38,4,2500,10000,,a42a28df,,FALSE,TRUE,0
f6b102ff,c5708812,16,2,3000,6000,,a42a28df,,FALSE,TRUE,0
256e83e8,c5708812,5,7,3500,24500,,a42a28df,,FALSE,TRUE,0
82a147d9,c5708812,4,25,3000,75000,,a42a28df,,FALSE,TRUE,0
f38b36fc,c5708812,39,3,2500,7500,,a42a28df,,FALSE,TRUE,0
ac2008c4,c5708812,15,5,3000,15000,,a42a28df,,FALSE,TRUE,0
75e88b09,c5708812,11,3,3000,9000,,a42a28df,,FALSE,TRUE,0
f4f8e248,c5708812,10,5,3000,15000,,a42a28df,,FALSE,TRUE,0
910a3586,c5708812,17,3,3000,9000,,a42a28df,,FALSE,TRUE,0
f1936583,c5708812,3,12,3000,36000,,a42a28df,,FALSE,TRUE,0
9f1f095b,a3efb151,5,7,3500,24500,,,,FALSE,TRUE,0
c90bbaf6,a3efb151,8,36,3000,108000,,45a8e132,,FALSE,TRUE,0
ead65a42,a3efb151,2,6,3000,18000,,45a8e132,,FALSE,TRUE,0
ecca64c3,a3efb151,3,6,3000,18000,,45a8e132,,FALSE,TRUE,0
c5437efd,a3efb151,11,5,3000,15000,,45a8e132,,FALSE,TRUE,0
8a6d380b,a3efb151,6,2,5000,10000,,45a8e132,,FALSE,TRUE,0
a8bebc24,a3efb151,7,6,3000,18000,,45a8e132,,FALSE,TRUE,0
0c057144,a3efb151,4,6,3000,18000,,45a8e132,,FALSE,TRUE,0
5da9afac,a3efb151,1,18,1200,21600,,45a8e132,,FALSE,TRUE,0
a0b0b08b,a3efb151,14,1,5000,5000,,45a8e132,,FALSE,TRUE,0
9acb5ede,a3efb151,15,2,3000,6000,,45a8e132,,FALSE,TRUE,0
c1b1bf41,3f2b8a3a,10,2,3000,6000,,,,FALSE,TRUE,0
44bf2d4c,3f2b8a3a,6,1,5000,5000,,91b8a0d2,,FALSE,TRUE,0
6a46758f,3f2b8a3a,1,30,1200,36000,,91b8a0d2,,FALSE,TRUE,0
7d8f59f1,3f2b8a3a,39,4,2500,10000,,91b8a0d2,,FALSE,TRUE,0
9a2ec8ea,3f2b8a3a,4,9,3000,27000,,91b8a0d2,,FALSE,TRUE,0
2e00642e,3f2b8a3a,9,1,3000,3000,,91b8a0d2,,FALSE,TRUE,0
af4e7d1e,3f2b8a3a,8,30,3000,90000,,91b8a0d2,,FALSE,TRUE,0
7695341a,3f2b8a3a,15,1,3000,3000,,91b8a0d2,,FALSE,TRUE,0
c111a857,3f2b8a3a,38,3,2500,7500,,91b8a0d2,,FALSE,TRUE,0
8b78766e,3f2b8a3a,3,9,3000,27000,,91b8a0d2,,FALSE,TRUE,0
c3368b0c,3f2b8a3a,7,9,3000,27000,,91b8a0d2,,FALSE,TRUE,0
9f51dff2,c83c4712,39,10,2500,25000,,ab5d1e41,341c8da6,FALSE,TRUE,0
b61de50d,c83c4712,38,10,2500,25000,,ab5d1e41,c66708ee,FALSE,TRUE,0
af981fee,460dd92c,11,1,3000,3000,,,,FALSE,TRUE,0
0d076e6f,460dd92c,1,11,1200,13200,,230a8d7b,,FALSE,TRUE,0
1dea1da3,460dd92c,8,8,3000,24000,,230a8d7b,,FALSE,TRUE,0
f4cc6dbe,460dd92c,3,2,3000,6000,,230a8d7b,,FALSE,TRUE,0
058991f4,460dd92c,5,1,3500,3500,,230a8d7b,,FALSE,TRUE,0
ec4d59f4,460dd92c,2,2,3000,6000,,230a8d7b,,FALSE,TRUE,0
7fbfad80,460dd92c,7,1,3000,3000,,230a8d7b,,FALSE,TRUE,0
9225b342,460dd92c,4,3,3000,9000,,230a8d7b,,FALSE,TRUE,0
28dd2352,4793898d,8,6,3000,18000,,,,FALSE,TRUE,0
92ec786a,4793898d,39,5,2500,12500,,957d469d,,FALSE,TRUE,0
5431b4a0,4793898d,1,18,1200,21600,,957d469d,,FALSE,TRUE,0
b6f76b27,4793898d,3,3,3000,9000,,957d469d,,FALSE,TRUE,0
cd45f121,4793898d,4,3,3000,9000,,957d469d,,FALSE,TRUE,0
65a5a8bb,4793898d,38,4,2500,10000,,957d469d,,FALSE,TRUE,0
8cdf78e3,4793898d,5,2,3500,7000,,957d469d,,FALSE,TRUE,0
6c9ae978,4793898d,2,6,3000,18000,,957d469d,,FALSE,TRUE,0
66721231,4793898d,7,3,3000,9000,,957d469d,,FALSE,TRUE,0
df64ec9a,07de8a84,11,1,3000,3000,,,,FALSE,TRUE,0
697de965,07de8a84,1,3,1200,3600,,d5d15c5f,,FALSE,TRUE,0
1ae86012,07de8a84,15,1,3000,3000,,d5d15c5f,,FALSE,TRUE,0
6c34c9e0,07de8a84,38,2,2500,5000,,d5d15c5f,,FALSE,TRUE,0
b9760dbe,07de8a84,3,2,3000,6000,,d5d15c5f,,FALSE,TRUE,0
0f37c50c,07de8a84,39,2,2500,5000,,d5d15c5f,,FALSE,TRUE,0
cfd363f5,07de8a84,8,5,3000,15000,,d5d15c5f,,FALSE,TRUE,0
3e04e8a0,07de8a84,7,2,3000,6000,,d5d15c5f,,FALSE,TRUE,0
20794361,07de8a84,4,1,3000,3000,,d5d15c5f,,FALSE,TRUE,0
8f87e577,ca219c82,7,1,3000,3000,,,,FALSE,TRUE,0
8807dc09,ca219c82,3,3,3000,9000,,6f0e0b94,,FALSE,TRUE,0
2f054ef3,ca219c82,4,2,3000,6000,,6f0e0b94,,FALSE,TRUE,0
e6b86224,ca219c82,8,8,3000,24000,,6f0e0b94,,FALSE,TRUE,0
74e69dbd,f721f40d,39,4,2500,10000,,,,FALSE,TRUE,0
82431ff7,f721f40d,10,1,3000,3000,,bd41b59c,,FALSE,TRUE,0
636bf669,f721f40d,1,18,1200,21600,,bd41b59c,,FALSE,TRUE,0
8f30cd04,f721f40d,7,7,3000,21000,,bd41b59c,,FALSE,TRUE,0
172b1682,f721f40d,14,5,5000,25000,,bd41b59c,,FALSE,TRUE,0
dcb58f39,f721f40d,3,11,3000,33000,,bd41b59c,,FALSE,TRUE,0
a393c7b6,f721f40d,5,1,3500,3500,,bd41b59c,,FALSE,TRUE,0
7d6c2654,f721f40d,38,4,2500,10000,,bd41b59c,,FALSE,TRUE,0
c8b27228,f721f40d,8,14,3000,42000,,bd41b59c,,FALSE,TRUE,0
9f47b307,f721f40d,11,2,3000,6000,,bd41b59c,,FALSE,TRUE,0
8e8d45b7,f721f40d,2,9,3000,27000,,bd41b59c,,FALSE,TRUE,0
46dc41f3,f721f40d,4,12,3000,36000,,bd41b59c,,FALSE,TRUE,0
d39b6b0d,f721f40d,6,3,5000,15000,,bd41b59c,,FALSE,TRUE,0
27b1441c,2329debc,2,2,3000,6000,,,,FALSE,TRUE,0
ac2d1e8c,2329debc,11,2,3000,6000,,8bddc66a,,FALSE,TRUE,0
45fc62d1,2329debc,4,1,3000,3000,,8bddc66a,,FALSE,TRUE,0
bb618033,2329debc,5,1,3500,3500,,8bddc66a,,FALSE,TRUE,0
9d3b7c1a,2329debc,1,7,1200,8400,,8bddc66a,,FALSE,TRUE,0
0426bcd2,2329debc,38,1,2500,2500,,8bddc66a,,FALSE,TRUE,0
a07316a7,2329debc,3,4,3000,12000,,8bddc66a,,FALSE,TRUE,0
5f3d174e,2329debc,8,19,3000,57000,,8bddc66a,,FALSE,TRUE,0
5aaa18a4,7b19e668,4,2,3000,6000,,,,FALSE,TRUE,0
a366cdf7,7b19e668,10,1,3000,3000,,fab2231f,,FALSE,TRUE,0
b09dfccc,7b19e668,8,30,3000,90000,,fab2231f,,FALSE,TRUE,0
1bb6880b,7b19e668,38,3,2500,7500,,fab2231f,,FALSE,TRUE,0
b45ff660,7b19e668,1,38,1200,45600,,fab2231f,,FALSE,TRUE,0
42a04717,7b19e668,3,5,3000,15000,,fab2231f,,FALSE,TRUE,0
a62e829f,7b19e668,7,2,3000,6000,,fab2231f,,FALSE,TRUE,0
ce101eb6,7b19e668,5,1,3500,3500,,fab2231f,,FALSE,TRUE,0
e46edc00,7b19e668,2,6,3000,18000,,fab2231f,,FALSE,TRUE,0
32d5e952,7b19e668,14,1,5000,5000,,fab2231f,,FALSE,TRUE,0
8ac39dc8,7b19e668,39,3,2500,7500,,fab2231f,,FALSE,TRUE,0
8775fae3,52a4e29a,7,2,3000,6000,,,,FALSE,TRUE,0
6c25ad95,52a4e29a,8,10,3000,30000,,b317dadf,,FALSE,TRUE,0
287b303e,52a4e29a,14,1,5000,5000,,b317dadf,,FALSE,TRUE,0
da5fb31f,52a4e29a,1,5,1200,6000,,b317dadf,,FALSE,TRUE,0
7829c25e,6cd4b03a,39,1,2500,2500,,,,FALSE,TRUE,0
1a5d174d,6cd4b03a,22,1,4500,4500,,d6f1ae0b,,FALSE,TRUE,0
23de8647,6cd4b03a,24,1,3000,3000,,d6f1ae0b,,FALSE,TRUE,0
c9bb55d5,6cd4b03a,2,2,3000,6000,,d6f1ae0b,,FALSE,TRUE,0
579708f1,6cd4b03a,7,4,3000,12000,,d6f1ae0b,,FALSE,TRUE,0
6c319802,6cd4b03a,3,4,3000,12000,,d6f1ae0b,,FALSE,TRUE,0
e57dfc37,6cd4b03a,8,1,3000,3000,,d6f1ae0b,,FALSE,TRUE,0
af052d30,6cd4b03a,27,1,3000,3000,,d6f1ae0b,,FALSE,TRUE,0
3d3c3f22,6cd4b03a,38,1,2500,2500,,d6f1ae0b,,FALSE,TRUE,0
af245548,6cd4b03a,4,2,3000,6000,,d6f1ae0b,,FALSE,TRUE,0
bd463650,6cd4b03a,19,1,4500,4500,,d6f1ae0b,,FALSE,TRUE,0
8025d915,6cd4b03a,1,2,1200,2400,,d6f1ae0b,,FALSE,TRUE,0
17735b84,6cd4b03a,5,1,3500,3500,,d6f1ae0b,,FALSE,TRUE,0
37dfebcc,49970376,14,2,5000,10000,,,,FALSE,TRUE,0
d2bb9bb7,49970376,2,1,3000,3000,,533c9dc7,,FALSE,TRUE,0
99da326e,49970376,8,7,3000,21000,,533c9dc7,,FALSE,TRUE,0
0c644970,49970376,4,2,3000,6000,,533c9dc7,,FALSE,TRUE,0
363512ac,49970376,1,4,1200,4800,,533c9dc7,,FALSE,TRUE,0
cb6065cb,e34b53b8,4,2,3000,6000,,,,FALSE,TRUE,0
e9e8c722,e34b53b8,8,2,3000,6000,,6594afe9,,FALSE,TRUE,0
93165749,e34b53b8,1,1,1200,1200,,6594afe9,,FALSE,TRUE,0
d9061bb3,e34b53b8,7,2,3000,6000,,6594afe9,,FALSE,TRUE,0
1601df93,e34b53b8,2,7,3000,21000,,6594afe9,,FALSE,TRUE,0
220a9eaf,e34b53b8,39,1,2500,2500,,6594afe9,,FALSE,TRUE,0
5ec1b791,e34b53b8,38,1,2500,2500,,6594afe9,,FALSE,TRUE,0
cd34303e,b1a43c8b,28,40,100,4000,,74a1201b,,FALSE,TRUE,0
016561f6,b1a43c8b,34,10,100,1000,,74a1201b,,FALSE,TRUE,0
cddfac67,49970376,16,1,3000,3000,,533c9dc7,,FALSE,TRUE,0
13215b7b,94756cf5,10,1,3000,3000,,,,FALSE,TRUE,0
950d3deb,94756cf5,15,2,3000,6000,,2cd07111,,FALSE,TRUE,0
4a372c40,94756cf5,38,18,2500,45000,,2cd07111,,FALSE,TRUE,0
6c1aafac,94756cf5,39,18,2500,45000,,2cd07111,,FALSE,TRUE,0
63c9c07f,17f2f4b4,39,1,2500,2500,,,,FALSE,TRUE,0
77cfbb90,17f2f4b4,8,3,3000,9000,,775ec150,,FALSE,TRUE,0
2d33dcdf,17f2f4b4,4,2,3000,6000,,775ec150,,FALSE,TRUE,0
9d47a15f,17f2f4b4,11,1,3000,3000,,775ec150,,FALSE,TRUE,0
3cdd6bd2,17f2f4b4,3,2,3000,6000,,775ec150,,FALSE,TRUE,0
5fa3c435,17f2f4b4,7,5,3000,15000,,775ec150,,FALSE,TRUE,0
fe5fa45c,17f2f4b4,38,1,2500,2500,,775ec150,,FALSE,TRUE,0
9679e27a,17f2f4b4,1,6,1200,7200,,775ec150,,FALSE,TRUE,0
927b7835,17f2f4b4,2,2,3000,6000,,775ec150,,FALSE,TRUE,0
e1527a78,7e9934f4,1,1,1200,1200,,1b87ef11,1b66f0da,TRUE,TRUE,0
eebe29c8,4417ebf0,8,30,3000,90000,,5ba6fb6b,181eb380,TRUE,TRUE,0
480d5ea4,2a35f970,4,4,3000,12000,,,,FALSE,TRUE,0
14e7e7b2,2a35f970,9,1,3000,3000,,864eb87a,,FALSE,TRUE,0
9d3ed069,2a35f970,2,6,3000,18000,,864eb87a,,FALSE,TRUE,0
e00170fd,2a35f970,39,1,2500,2500,,864eb87a,,FALSE,TRUE,0
003085aa,2a35f970,5,2,3500,7000,,864eb87a,,FALSE,TRUE,0
c6331a9b,2a35f970,14,1,5000,5000,,864eb87a,,FALSE,TRUE,0
73949190,2a35f970,7,1,3000,3000,,864eb87a,,FALSE,TRUE,0
98aac834,2a35f970,15,1,3000,3000,,864eb87a,,FALSE,TRUE,0
5aeafdae,2a35f970,10,2,3000,6000,,864eb87a,,FALSE,TRUE,0
aa506cef,2a35f970,8,25,3000,75000,,864eb87a,,FALSE,TRUE,0
65ba64bd,2a35f970,38,1,2500,2500,,864eb87a,,FALSE,TRUE,0
b6b4454b,2a35f970,1,12,1200,14400,,864eb87a,,FALSE,TRUE,0
6612c77b,2a35f970,3,8,3000,24000,,864eb87a,,FALSE,TRUE,0
da153ceb,2a35f970,11,4,3000,12000,,864eb87a,,FALSE,TRUE,0
aa781bf8,cba72ae2,28,60,100,6000,,,,FALSE,TRUE,0
5495fea9,cba72ae2,7,18,3000,54000,,38fc19c1,,FALSE,TRUE,0
bc315055,cba72ae2,9,6,3000,18000,,38fc19c1,,FALSE,TRUE,0
60cf276a,cba72ae2,10,6,3000,18000,,38fc19c1,,FALSE,TRUE,0
c7a8b0b4,cba72ae2,33,10,100,1000,,38fc19c1,,FALSE,TRUE,0
9bee7af7,cba72ae2,39,12,2500,30000,,38fc19c1,,FALSE,TRUE,0
e98d19c8,cba72ae2,2,12,3000,36000,,38fc19c1,,FALSE,TRUE,0
4edc6acb,cba72ae2,24,3,3000,9000,,38fc19c1,,FALSE,TRUE,0
3b36bacb,cba72ae2,15,3,3000,9000,,38fc19c1,,FALSE,TRUE,0
d0e12d2c,cba72ae2,26,3,3000,9000,,38fc19c1,,FALSE,TRUE,0
05adb71f,cba72ae2,1,120,1200,144000,,38fc19c1,,FALSE,TRUE,0
6d22996b,cba72ae2,6,4,5000,20000,,38fc19c1,,FALSE,TRUE,0
5f0b53d7,cba72ae2,38,12,2500,30000,,38fc19c1,,FALSE,TRUE,0
043d5ae8,cba72ae2,3,18,3000,54000,,38fc19c1,,FALSE,TRUE,0
ad1ce1d2,cba72ae2,23,3,3000,9000,,38fc19c1,,FALSE,TRUE,0
04ece1f3,cba72ae2,14,6,5000,30000,,38fc19c1,,FALSE,TRUE,0
a280b5f0,cba72ae2,27,3,3000,9000,,38fc19c1,,FALSE,TRUE,0
61e51f8a,cba72ae2,4,30,3000,90000,,38fc19c1,,FALSE,TRUE,0
ea7bc4c6,cba72ae2,8,60,3000,180000,,38fc19c1,,FALSE,TRUE,0
54928c6b,cba72ae2,11,6,3000,18000,,38fc19c1,,FALSE,TRUE,0
8af75703,cba72ae2,5,6,3500,21000,,38fc19c1,,FALSE,TRUE,0
76e03a18,107f2779,1,5,1200,6000,,,,FALSE,TRUE,0
e6d73a3e,107f2779,8,6,3000,18000,,0ae871dc,,FALSE,TRUE,0
1bc1c25f,107f2779,2,6,3000,18000,,0ae871dc,,FALSE,TRUE,0
6bc73528,5ab68104,6,1,5000,5000,,,,FALSE,TRUE,0
b4e5284d,5ab68104,38,3,2500,7500,,61b65b54,,FALSE,TRUE,0
7951b6c1,5ab68104,39,5,2500,12500,,61b65b54,,FALSE,TRUE,0
c1c14c45,5ab68104,4,31,3000,93000,,61b65b54,,FALSE,TRUE,0
6460b301,5ab68104,7,7,3000,21000,,61b65b54,,FALSE,TRUE,0
d9c10398,5ab68104,1,30,1200,36000,,61b65b54,,FALSE,TRUE,0
a43106a6,5ab68104,35,12,100,1200,,61b65b54,,FALSE,TRUE,0
3040797d,5ab68104,10,3,3000,9000,,61b65b54,,FALSE,TRUE,0
4ad00a4d,5ab68104,8,68,3000,204000,,61b65b54,,FALSE,TRUE,0
1415c6b4,5ab68104,3,18,3000,54000,,61b65b54,,FALSE,TRUE,0
8347ac67,5ab68104,11,1,3000,3000,,61b65b54,,FALSE,TRUE,0
8511760c,5ab68104,14,4,5000,20000,,61b65b54,,FALSE,TRUE,0
4d596933,5ab68104,16,1,3000,3000,,61b65b54,,FALSE,TRUE,0
1fc8763a,7656341d,14,1,5000,5000,,,,FALSE,TRUE,0
97637eff,7656341d,3,13,3000,39000,,e35e7991,,FALSE,TRUE,0
611f7609,7656341d,10,2,3000,6000,,e35e7991,,FALSE,TRUE,0
1a472d5f,7656341d,4,12,3000,36000,,e35e7991,,FALSE,TRUE,0
acc4a227,7656341d,1,12,1200,14400,,e35e7991,,FALSE,TRUE,0
b9d050a1,7656341d,8,30,3000,90000,,e35e7991,,FALSE,TRUE,0
7994acd4,7656341d,39,2,2500,5000,,e35e7991,,FALSE,TRUE,0
58673bbc,7656341d,7,12,3000,36000,,e35e7991,,FALSE,TRUE,0
20b5820e,7656341d,2,6,3000,18000,,e35e7991,,FALSE,TRUE,0
3ccc7dd9,7656341d,11,2,3000,6000,,e35e7991,,FALSE,TRUE,0
260cc4bf,7656341d,5,2,3500,7000,,e35e7991,,FALSE,TRUE,0
ed6fbf89,7656341d,38,1,2500,2500,,e35e7991,,FALSE,TRUE,0
83afb16b,87315fab,10,2,3000,6000,,,,FALSE,TRUE,0
9d914a6d,87315fab,1,28,1200,33600,,4a439a32,,FALSE,TRUE,0
363974d3,87315fab,14,2,5000,10000,,4a439a32,,FALSE,TRUE,0
0992ce88,87315fab,39,7,2500,17500,,4a439a32,,FALSE,TRUE,0
694dd225,87315fab,9,1,3000,3000,,4a439a32,,FALSE,TRUE,0
84b62de2,87315fab,38,8,2500,20000,,4a439a32,,FALSE,TRUE,0
b8bf7cfa,87315fab,2,3,3000,9000,,4a439a32,,FALSE,TRUE,0
11c85232,87315fab,16,1,3000,3000,,4a439a32,,FALSE,TRUE,0
03af89e3,87315fab,4,12,3000,36000,,4a439a32,,FALSE,TRUE,0
d13c32bb,87315fab,11,4,3000,12000,,4a439a32,,FALSE,TRUE,0
860b7154,87315fab,3,2,3000,6000,,4a439a32,,FALSE,TRUE,0
3774e2c5,87315fab,8,18,3000,54000,,4a439a32,,FALSE,TRUE,0
19d05610,87315fab,5,1,3500,3500,,4a439a32,,FALSE,TRUE,0
36b4f080,87315fab,7,6,3000,18000,,4a439a32,,FALSE,TRUE,0
a6fd8ae4,87315fab,6,1,5000,5000,,4a439a32,,FALSE,TRUE,0
19eb2a86,fe0034fc,5,2,3500,7000,,,,FALSE,TRUE,0
1462dd3f,fe0034fc,14,2,5000,10000,,6c8cac29,,FALSE,TRUE,0
2c972c51,fe0034fc,11,2,3000,6000,,6c8cac29,,FALSE,TRUE,0
2a04e72d,fe0034fc,1,12,1200,14400,,6c8cac29,,FALSE,TRUE,0
c29f4977,fe0034fc,2,6,3000,18000,,6c8cac29,,FALSE,TRUE,0
14d4d478,fe0034fc,4,6,3000,18000,,6c8cac29,,FALSE,TRUE,0
b7073b77,fe0034fc,10,1,3000,3000,,6c8cac29,,FALSE,TRUE,0
3282acb0,fe0034fc,3,6,3000,18000,,6c8cac29,,FALSE,TRUE,0
ff657444,fe0034fc,8,12,3000,36000,,6c8cac29,,FALSE,TRUE,0
8dab48d4,fe0034fc,7,6,3000,18000,,6c8cac29,,FALSE,TRUE,0
abbdeeab,f0472d78,4,2,3000,6000,,,,FALSE,TRUE,0
3bc172ff,f0472d78,1,2,1200,2400,,baa05003,,FALSE,TRUE,0
c58a4eed,f0472d78,39,1,2500,2500,,baa05003,,FALSE,TRUE,0
b410f67e,f0472d78,11,2,3000,6000,,baa05003,,FALSE,TRUE,0
aa6db1e7,f0472d78,38,1,2500,2500,,baa05003,,FALSE,TRUE,0
8102d3dc,f0472d78,3,1,3000,3000,,baa05003,,FALSE,TRUE,0
1bb9333e,f0472d78,8,5,3000,15000,,baa05003,,FALSE,TRUE,0
29ed1e4a,f0472d78,2,2,3000,6000,,baa05003,,FALSE,TRUE,0
426c2cc1,f0472d78,24,1,3000,3000,,baa05003,,FALSE,TRUE,0
294700a9,f0472d78,23,1,3000,3000,,baa05003,,FALSE,TRUE,0
0dcd1cdf,de1d79f4,14,1,5000,5000,,,,FALSE,TRUE,0
b778bf11,de1d79f4,15,1,3000,3000,,60728d38,,FALSE,TRUE,0
a09c8764,de1d79f4,2,4,3000,12000,,60728d38,,FALSE,TRUE,0
f3d172a7,de1d79f4,1,4,1200,4800,,60728d38,,FALSE,TRUE,0
acbe2c8c,de1d79f4,3,2,3000,6000,,60728d38,,FALSE,TRUE,0
01bed708,de1d79f4,8,4,3000,12000,,60728d38,,FALSE,TRUE,0
8c3e32ec,139d0252,2,5,3000,15000,,,,FALSE,TRUE,0
96accbdc,139d0252,14,1,5000,5000,,9811f5d0,,FALSE,TRUE,0
f34dc268,139d0252,1,10,1200,12000,,9811f5d0,,FALSE,TRUE,0
50a63e7c,be512870,38,1,2500,2500,,,,FALSE,TRUE,0
76d91a41,be512870,8,5,3000,15000,,8e8d4e8d,,FALSE,TRUE,0
e7e41855,be512870,4,4,3000,12000,,8e8d4e8d,,FALSE,TRUE,0
73ad8525,be512870,1,2,1200,2400,,8e8d4e8d,,FALSE,TRUE,0
d51656a6,be512870,7,6,3000,18000,,8e8d4e8d,,FALSE,TRUE,0
b749a816,b53bca25,9,1,3000,3000,,,,FALSE,TRUE,0
6a3b74aa,b53bca25,6,2,5000,10000,,af784512,,FALSE,TRUE,0
994f8a2a,b53bca25,8,12,3000,36000,,af784512,,FALSE,TRUE,0
84c42d1d,b53bca25,10,1,3000,3000,,af784512,,FALSE,TRUE,0
9ed8820d,b53bca25,1,12,1200,14400,,af784512,,FALSE,TRUE,0
bf723319,b53bca25,11,3,3000,9000,,af784512,,FALSE,TRUE,0
90b96d55,b53bca25,7,3,3000,9000,,af784512,,FALSE,TRUE,0
e417c561,7c2db5eb,11,4,3000,12000,,,,FALSE,TRUE,0
c6251aa4,7c2db5eb,14,2,5000,10000,,aebda295,,FALSE,TRUE,0
a0253ed0,7c2db5eb,15,1,3000,3000,,aebda295,,FALSE,TRUE,0
f930b8c9,7c2db5eb,2,1,3000,3000,,aebda295,,FALSE,TRUE,0
c9f5afd6,7c2db5eb,4,2,3000,6000,,aebda295,,FALSE,TRUE,0
8e716ae4,7c2db5eb,8,12,3000,36000,,aebda295,,FALSE,TRUE,0
7b3c1313,7c2db5eb,3,7,3000,21000,,aebda295,,FALSE,TRUE,0
f26c41fe,7c2db5eb,7,1,3000,3000,,aebda295,,FALSE,TRUE,0
11cc65b5,3f106534,39,2,2500,5000,,,,FALSE,TRUE,0
5edd3dad,3f106534,11,3,3000,9000,,56fd3dfd,,FALSE,TRUE,0
789b181b,3f106534,5,5,3500,17500,,56fd3dfd,,FALSE,TRUE,0
d77b0075,3f106534,10,2,3000,6000,,56fd3dfd,,FALSE,TRUE,0
4c25879d,58999f65,2,2,3000,6000,,8a9d0332,972b56eb,TRUE,TRUE,0
62d89603,58999f65,1,5,1200,6000,,8a9d0332,c190f8cb,TRUE,TRUE,0
07b0488b,40191ff2,2,1,3000,3000,,545e480b,3af0fca4,TRUE,TRUE,0
c7fb5f7a,40191ff2,1,1,1200,1200,,545e480b,0db07253,TRUE,TRUE,0
79694a81,b8762130,2,1,3000,3000,,545e480b,3af0fca4,TRUE,TRUE,0
89b67f8a,b8762130,1,1,1200,1200,,545e480b,0db07253,TRUE,TRUE,0
f908666f,e47a36ac,2,1,3000,3000,,545e480b,3af0fca4,TRUE,TRUE,0
589bf2b9,e47a36ac,1,1,1200,1200,,545e480b,0db07253,TRUE,TRUE,0
2548bdb2,3f106534,1,12,1200,14400,,56fd3dfd,,FALSE,TRUE,0
eb26cd21,3f106534,4,5,3000,15000,,56fd3dfd,,FALSE,TRUE,0
49ad49b7,3f106534,3,1,3000,3000,,56fd3dfd,,FALSE,TRUE,0
d1d9e693,3f106534,2,5,3000,15000,,56fd3dfd,,FALSE,TRUE,0
daebbafc,3f106534,38,2,2500,5000,,56fd3dfd,,FALSE,TRUE,0
13c82136,3f106534,8,6,3000,18000,,56fd3dfd,,FALSE,TRUE,0
e628fea8,3f106534,7,3,3000,9000,,56fd3dfd,,FALSE,TRUE,0
da90b8f9,cffa2b0f,2,3,3000,9000,,,,FALSE,TRUE,0
1b1b86d3,cffa2b0f,1,6,1200,7200,,9ad659e3,,FALSE,TRUE,0
aea70f37,cffa2b0f,39,3,2500,7500,,9ad659e3,,FALSE,TRUE,0
16b4d318,cffa2b0f,38,3,2500,7500,,9ad659e3,,FALSE,TRUE,0
c2f16c66,cffa2b0f,10,1,3000,3000,,9ad659e3,,FALSE,TRUE,0
79e8516c,cffa2b0f,11,3,3000,9000,,9ad659e3,,FALSE,TRUE,0
3e693e97,cffa2b0f,3,1,3000,3000,,9ad659e3,,FALSE,TRUE,0
d8c82049,cffa2b0f,8,6,3000,18000,,9ad659e3,,FALSE,TRUE,0
b3728846,cffa2b0f,7,1,3000,3000,,9ad659e3,,FALSE,TRUE,0
fe01353a,cffa2b0f,4,3,3000,9000,,9ad659e3,,FALSE,TRUE,0
c770b07c,7a7f1169,8,4,3000,12000,,,,FALSE,TRUE,0
d7235227,7a7f1169,2,1,3000,3000,,d4f4605a,,FALSE,TRUE,0
af9442d8,7a7f1169,1,3,1200,3600,,d4f4605a,,FALSE,TRUE,0
11698733,7a7f1169,39,1,2500,2500,,d4f4605a,,FALSE,TRUE,0
3ce8ba61,7a7f1169,7,1,3000,3000,,d4f4605a,,FALSE,TRUE,0
574ea0d5,7a7f1169,3,4,3000,12000,,d4f4605a,,FALSE,TRUE,0
7347c346,7a7f1169,38,1,2500,2500,,d4f4605a,,FALSE,TRUE,0
c744d803,7a7f1169,4,2,3000,6000,,d4f4605a,,FALSE,TRUE,0
06b730c2,8c73951e,3,2,3000,6000,,,,FALSE,TRUE,0
44b60808,8c73951e,10,1,3000,3000,,f5b8c931,,FALSE,TRUE,0
9f85d4fa,8c73951e,4,4,3000,12000,,f5b8c931,,FALSE,TRUE,0
8cbd50e1,8c73951e,17,1,3000,3000,,f5b8c931,,FALSE,TRUE,0
5cf3f920,8c73951e,8,10,3000,30000,,f5b8c931,,FALSE,TRUE,0
8ec272de,8c73951e,1,5,1200,6000,,f5b8c931,,FALSE,TRUE,0
84ad732f,8c73951e,7,1,3000,3000,,f5b8c931,,FALSE,TRUE,0
9d42bbd4,8c73951e,11,2,3000,6000,,f5b8c931,,FALSE,TRUE,0
c63a32a1,e79f136e,11,1,3000,3000,,,,FALSE,TRUE,0
1f3cfa5c,e79f136e,8,6,3000,18000,,187687bb,,FALSE,TRUE,0
9a9e633c,10eed52c,7,1,3000,3000,,187687bb,,FALSE,TRUE,0
a46c534d,10eed52c,1,3,1200,3600,,187687bb,,FALSE,TRUE,0
ad63b60e,2e70cbb9,1,90,1200,108000,,,,FALSE,TRUE,0
4f318ce3,2e70cbb9,29,50,50,2500,,422d322a,,FALSE,TRUE,0
1847d662,2e70cbb9,38,6,2500,15000,,422d322a,,FALSE,TRUE,0
dc36fef1,2e70cbb9,5,6,3500,21000,,422d322a,,FALSE,TRUE,0
359aaca5,2e70cbb9,33,10,100,1000,,422d322a,,FALSE,TRUE,0
d0566fb8,2e70cbb9,7,18,3000,54000,,422d322a,,FALSE,TRUE,0
d860dd96,2e70cbb9,8,84,3000,252000,,422d322a,,FALSE,TRUE,0
87e1129c,2e70cbb9,6,4,5000,20000,,422d322a,,FALSE,TRUE,0
966bda48,2e70cbb9,34,10,100,1000,,422d322a,,FALSE,TRUE,0
3e5036c4,2e70cbb9,9,6,3000,18000,,422d322a,,FALSE,TRUE,0
ef392992,2e70cbb9,32,10,100,1000,,422d322a,,FALSE,TRUE,0
9c5c6416,2e70cbb9,28,140,100,14000,,422d322a,,FALSE,TRUE,0
8018e25f,2e70cbb9,2,18,3000,54000,,422d322a,,FALSE,TRUE,0
6cc142f4,2e70cbb9,4,30,3000,90000,,422d322a,,FALSE,TRUE,0
69cea0ef,2e70cbb9,15,6,3000,18000,,422d322a,,FALSE,TRUE,0
10fa39e0,2e70cbb9,10,6,3000,18000,,422d322a,,FALSE,TRUE,0
cb98c42a,2e70cbb9,39,6,2500,15000,,422d322a,,FALSE,TRUE,0
49edde0a,2e70cbb9,3,18,3000,54000,,422d322a,,FALSE,TRUE,0
fb8f25f6,2e70cbb9,11,6,3000,18000,,422d322a,,FALSE,TRUE,0
9ba8ca5b,aadf95c7,11,1,3000,3000,,187687bb,7dc7f797,FALSE,TRUE,0
09db36d6,aadf95c7,15,1,3000,3000,,187687bb,,FALSE,TRUE,0
e700f6da,64dbafc5,2,2,3000,6000,,,,FALSE,TRUE,0
7b36ad01,64dbafc5,8,10,3000,30000,,e67af401,,FALSE,TRUE,0
8f12b0cc,64dbafc5,4,2,3000,6000,,e67af401,,FALSE,TRUE,0
3894cba0,7effd3ac,1,3,1200,3600,,,,FALSE,TRUE,0
fd5afb29,7effd3ac,10,1,3000,3000,,0ced6ad3,,FALSE,TRUE,0
fd045c03,7effd3ac,7,4,3000,12000,,0ced6ad3,,FALSE,TRUE,0
b50bf0da,7effd3ac,3,1,3000,3000,,0ced6ad3,,FALSE,TRUE,0
74b2984d,7effd3ac,11,1,3000,3000,,0ced6ad3,,FALSE,TRUE,0
477c9bae,7effd3ac,2,3,3000,9000,,0ced6ad3,,FALSE,TRUE,0
1f226747,7effd3ac,6,1,5000,5000,,0ced6ad3,,FALSE,TRUE,0
861884b7,7effd3ac,8,2,3000,6000,,0ced6ad3,,FALSE,TRUE,0
5de5f236,7effd3ac,4,3,3000,9000,,0ced6ad3,,FALSE,TRUE,0
ead254b3,ffa9b970,38,2,2500,5000,,,,FALSE,TRUE,0
8a3095d3,ffa9b970,11,4,3000,12000,,5d7ea9de,,FALSE,TRUE,0
973afb03,ffa9b970,4,4,3000,12000,,5d7ea9de,,FALSE,TRUE,0
fa4004ea,ffa9b970,3,2,3000,6000,,5d7ea9de,,FALSE,TRUE,0
05e5ec9a,ffa9b970,14,1,5000,5000,,5d7ea9de,,FALSE,TRUE,0
304e6bbd,ffa9b970,8,34,3000,102000,,5d7ea9de,,FALSE,TRUE,0
cb51a9f9,ffa9b970,1,18,1200,21600,,5d7ea9de,,FALSE,TRUE,0
2c205f3e,ffa9b970,7,12,3000,36000,,5d7ea9de,,FALSE,TRUE,0
3c5c08c1,ffa9b970,39,2,2500,5000,,5d7ea9de,,FALSE,TRUE,0
d9735cac,ffa9b970,10,3,3000,9000,,5d7ea9de,,FALSE,TRUE,0
f305e5ce,ffa9b970,2,6,3000,18000,,5d7ea9de,,FALSE,TRUE,0
7b00c106,ffa9b970,6,1,5000,5000,,5d7ea9de,,FALSE,TRUE,0
bd6f5c60,ffa9b970,15,2,3000,6000,,5d7ea9de,,FALSE,TRUE,0
7dfa6a72,893cafd6,7,2,3000,6000,,,,FALSE,TRUE,0
3b975ff8,893cafd6,4,2,3000,6000,,c34accf3,,FALSE,TRUE,0
2c83e28d,893cafd6,1,6,1200,7200,,c34accf3,,FALSE,TRUE,0
43262d09,893cafd6,3,3,3000,9000,,c34accf3,7c3b8786,FALSE,TRUE,0
50c65df3,893cafd6,8,6,3000,18000,,c34accf3,,FALSE,TRUE,0
69f7bfc2,893cafd6,10,1,3000,3000,,c34accf3,,FALSE,TRUE,0
4fdecfe3,893cafd6,11,1,3000,3000,,c34accf3,,FALSE,TRUE,0
ecbb766c,2dc2ae2b,14,1,5000,5000,,,,FALSE,TRUE,0
4666438d,2dc2ae2b,11,2,3000,6000,,4158c51d,,FALSE,TRUE,0
7beff6f9,2dc2ae2b,2,3,3000,9000,,4158c51d,,FALSE,TRUE,0
d7dbbcc8,2dc2ae2b,38,3,2500,7500,,4158c51d,,FALSE,TRUE,0
03109be9,2dc2ae2b,3,3,3000,9000,,4158c51d,,FALSE,TRUE,0
e5cd653a,2dc2ae2b,4,5,3000,15000,,4158c51d,,FALSE,TRUE,0
1cdb9dc0,2dc2ae2b,7,4,3000,12000,,4158c51d,,FALSE,TRUE,0
57d9717d,2dc2ae2b,8,12,3000,36000,,4158c51d,,FALSE,TRUE,0
c15387f0,2dc2ae2b,1,18,1200,21600,,4158c51d,,FALSE,TRUE,0
dedc2b34,2dc2ae2b,39,3,2500,7500,,4158c51d,,FALSE,TRUE,0
7cfa289d,8517dec2,10,8,3000,24000,,,,FALSE,TRUE,0
63cad811,8517dec2,8,60,3000,180000,,3f860ac3,,FALSE,TRUE,0
db372675,8517dec2,14,2,5000,10000,,3f860ac3,,FALSE,TRUE,0
448b1d72,8517dec2,24,1,3000,3000,,3f860ac3,,FALSE,TRUE,0
5d5d8e99,8517dec2,4,12,3000,36000,,3f860ac3,,FALSE,TRUE,0
7d45d7df,8517dec2,5,12,3500,42000,,3f860ac3,,FALSE,TRUE,0
95b40a3a,8517dec2,15,3,3000,9000,,3f860ac3,,FALSE,TRUE,0
0e3049f2,8517dec2,11,4,3000,12000,,3f860ac3,,FALSE,TRUE,0
9e925c20,8517dec2,9,9,3000,27000,,3f860ac3,,FALSE,TRUE,0
928a8586,8517dec2,38,1,2500,2500,,3f860ac3,,FALSE,TRUE,0
a32261da,8517dec2,1,29,1200,34800,,3f860ac3,,FALSE,TRUE,0
3d8e94f2,8517dec2,16,1,3000,3000,,3f860ac3,,FALSE,TRUE,0
891799a4,8517dec2,2,10,3000,30000,,3f860ac3,,FALSE,TRUE,0
f2f34b3c,8517dec2,6,1,5000,5000,,3f860ac3,,FALSE,TRUE,0
537f02ec,8517dec2,39,3,2500,7500,,3f860ac3,,FALSE,TRUE,0
847513b1,8517dec2,7,11,3000,33000,,3f860ac3,,FALSE,TRUE,0
e77170cc,8517dec2,17,4,3000,12000,,3f860ac3,,FALSE,TRUE,0
4b74a277,8517dec2,19,1,4500,4500,,3f860ac3,,FALSE,TRUE,0
8e938a3f,8517dec2,3,12,3000,36000,,3f860ac3,,FALSE,TRUE,0
c152a212,6dad2321,14,1,5000,5000,,,,FALSE,TRUE,0
92211052,6dad2321,4,6,3000,18000,,277ccf54,,FALSE,TRUE,0
c30ed38f,6dad2321,27,1,3000,3000,,277ccf54,,FALSE,TRUE,0
c25cbd9a,6dad2321,7,12,3000,36000,,277ccf54,,FALSE,TRUE,0
b5da45e2,6dad2321,39,3,2500,7500,,277ccf54,,FALSE,TRUE,0
b9ff6739,6dad2321,11,6,3000,18000,,277ccf54,,FALSE,TRUE,0
2b40c8ec,6dad2321,25,1,3000,3000,,277ccf54,,FALSE,TRUE,0
7ccdc947,6dad2321,10,2,3000,6000,,277ccf54,,FALSE,TRUE,0
36737993,6dad2321,38,4,2500,10000,,277ccf54,,FALSE,TRUE,0
421b8cbc,6dad2321,3,12,3000,36000,,277ccf54,,FALSE,TRUE,0
dc8693ad,6dad2321,5,2,3500,7000,,277ccf54,,FALSE,TRUE,0
b2c572f2,6dad2321,8,30,3000,90000,,277ccf54,,FALSE,TRUE,0
4ffacda7,6dad2321,1,24,1200,28800,,277ccf54,,FALSE,TRUE,0
2af3fe20,6dad2321,2,12,3000,36000,,277ccf54,,FALSE,TRUE,0
89dd3cc0,b3e2fb3e,39,5,2500,12500,,,,FALSE,TRUE,0
e350d3ae,b3e2fb3e,5,2,3500,7000,,5b0bf556,,FALSE,TRUE,0
2356a85e,b3e2fb3e,11,1,3000,3000,,5b0bf556,,FALSE,TRUE,0
5364c275,b3e2fb3e,9,1,3000,3000,,5b0bf556,,FALSE,TRUE,0
ccc30c94,b3e2fb3e,14,3,5000,15000,,5b0bf556,,FALSE,TRUE,0
86825aaf,b3e2fb3e,38,4,2500,10000,,5b0bf556,,FALSE,TRUE,0
ad5a2e5f,b3e2fb3e,8,22,3000,66000,,5b0bf556,,FALSE,TRUE,0
13f97a3e,b3e2fb3e,6,1,5000,5000,,5b0bf556,,FALSE,TRUE,0
6e659e41,b3e2fb3e,3,6,3000,18000,,5b0bf556,,FALSE,TRUE,0
b62783dc,b3e2fb3e,1,18,1200,21600,,5b0bf556,,FALSE,TRUE,0
ac9beeb8,b3e2fb3e,7,11,3000,33000,,5b0bf556,,FALSE,TRUE,0
2f785d79,b3e2fb3e,4,10,3000,30000,,5b0bf556,,FALSE,TRUE,0
346a7a13,b3e2fb3e,10,1,3000,3000,,5b0bf556,,FALSE,TRUE,0
72eb95d7,b3e2fb3e,2,5,3000,15000,,5b0bf556,,FALSE,TRUE,0
73377f71,b3e2fb3e,15,1,3000,3000,,5b0bf556,,FALSE,TRUE,0
04f92edb,1fcaadd2,8,6,3000,18000,,,,FALSE,TRUE,0
82aec346,1fcaadd2,39,2,2500,5000,,6496ff16,,FALSE,TRUE,0
296a58bd,1fcaadd2,1,20,1200,24000,,6496ff16,,FALSE,TRUE,0
ca51c497,1fcaadd2,2,12,3000,36000,,6496ff16,,FALSE,TRUE,0
b1f7e71c,1fcaadd2,38,2,2500,5000,,6496ff16,,FALSE,TRUE,0
5c17c546,35e1517e,6,2,5000,10000,,,,FALSE,TRUE,0
c33595e8,35e1517e,7,6,3000,18000,,c6a9bfd2,,FALSE,TRUE,0
4a805b72,35e1517e,11,2,3000,6000,,c6a9bfd2,,FALSE,TRUE,0
dfd29f7a,35e1517e,39,2,2500,5000,,c6a9bfd2,,FALSE,TRUE,0
362b9a73,35e1517e,4,3,3000,9000,,c6a9bfd2,,FALSE,TRUE,0
9d454a17,35e1517e,1,12,1200,14400,,c6a9bfd2,,FALSE,TRUE,0
a413fae9,35e1517e,8,12,3000,36000,,c6a9bfd2,,FALSE,TRUE,0
2bc202a6,35e1517e,2,3,3000,9000,,c6a9bfd2,,FALSE,TRUE,0
cc22d686,59e40cc3,39,1,2500,2500,,,,FALSE,TRUE,0
c6f44752,59e40cc3,1,5,1200,6000,,736a923a,,FALSE,TRUE,0
38a800e1,59e40cc3,14,1,5000,5000,,736a923a,,FALSE,TRUE,0
4345bd3a,59e40cc3,2,2,3000,6000,,736a923a,,FALSE,TRUE,0
1ac61451,59e40cc3,6,1,5000,5000,,736a923a,,FALSE,TRUE,0
d595be57,59e40cc3,8,10,3000,30000,,736a923a,,FALSE,TRUE,0
2044046d,59e40cc3,3,5,3000,15000,,736a923a,,FALSE,TRUE,0
ec87ec0e,59e40cc3,38,1,2500,2500,,736a923a,,FALSE,TRUE,0
fdeff73b,f70e7dfd,15,1,3000,3000,,,,FALSE,TRUE,0
54b407c7,f70e7dfd,4,3,3000,9000,,5a90ae35,,FALSE,TRUE,0
25d043b2,f70e7dfd,8,5,3000,15000,,5a90ae35,,FALSE,TRUE,0
d529db6a,f70e7dfd,11,1,3000,3000,,5a90ae35,,FALSE,TRUE,0
0855d620,f70e7dfd,38,2,2500,5000,,5a90ae35,,FALSE,TRUE,0
62d36887,f70e7dfd,3,2,3000,6000,,5a90ae35,,FALSE,TRUE,0
91578bf1,f70e7dfd,7,5,3000,15000,,5a90ae35,,FALSE,TRUE,0
ee6f3d5c,f70e7dfd,1,11,1200,13200,,5a90ae35,,FALSE,TRUE,0
6ec81d08,f70e7dfd,14,3,5000,15000,,5a90ae35,,FALSE,TRUE,0
b161d26a,f70e7dfd,2,4,3000,12000,,5a90ae35,,FALSE,TRUE,0
3c56cba2,f70e7dfd,39,2,2500,5000,,5a90ae35,,FALSE,TRUE,0
d71fc00c,2c7345d1,1,18,1200,21600,,,,FALSE,TRUE,0
5bfd30a7,2c7345d1,8,6,3000,18000,,404aabcf,,FALSE,TRUE,0
b7bd8ff5,2c7345d1,16,1,3000,3000,,404aabcf,,FALSE,TRUE,0
8d7514c3,6fce035e,29,110,50,5500,,,,FALSE,TRUE,0
5d31f94f,6fce035e,36,20,10,200,,6a65c85b,,FALSE,TRUE,0
8681a129,6fce035e,7,12,3000,36000,,6a65c85b,,FALSE,TRUE,0
46f1f637,6fce035e,2,18,3000,54000,,6a65c85b,,FALSE,TRUE,0
746ed4ec,6fce035e,10,6,3000,18000,,6a65c85b,,FALSE,TRUE,0
98da9b74,6fce035e,9,6,3000,18000,,6a65c85b,,FALSE,TRUE,0
1f491bc0,6fce035e,5,6,3500,21000,,6a65c85b,,FALSE,TRUE,0
e5b0b89f,6fce035e,39,18,2500,45000,,6a65c85b,,FALSE,TRUE,0
913c0838,6fce035e,28,160,100,16000,,6a65c85b,,FALSE,TRUE,0
1d061004,6fce035e,11,6,3000,18000,,6a65c85b,,FALSE,TRUE,0
993bb330,6fce035e,38,18,2500,45000,,6a65c85b,,FALSE,TRUE,0
c1e5165a,6fce035e,32,10,100,1000,,6a65c85b,,FALSE,TRUE,0
76197d17,6fce035e,14,6,5000,30000,,6a65c85b,,FALSE,TRUE,0
393c78da,6fce035e,1,60,1200,72000,,6a65c85b,,FALSE,TRUE,0
a7dfa894,6fce035e,33,10,100,1000,,6a65c85b,,FALSE,TRUE,0
7208993e,6fce035e,8,90,3000,270000,,6a65c85b,,FALSE,TRUE,0
b1368f29,6fce035e,31,20,50,1000,,6a65c85b,,FALSE,TRUE,0
19c48ebf,6fce035e,17,3,3000,9000,,6a65c85b,,FALSE,TRUE,0
267c7bcc,6fce035e,34,10,100,1000,,6a65c85b,,FALSE,TRUE,0
9bc1d9d6,6fce035e,6,4,5000,20000,,6a65c85b,,FALSE,TRUE,0
bc28a0a3,6fce035e,4,30,3000,90000,,6a65c85b,,FALSE,TRUE,0
dfee5a88,6fce035e,3,18,3000,54000,,6a65c85b,,FALSE,TRUE,0
a7161efa,5d4a408c,2,13,3000,39000,,,,FALSE,TRUE,0
346dfd73,5d4a408c,38,6,2500,15000,,569fd969,,FALSE,TRUE,0
0e60e880,5d4a408c,1,67,1200,80400,,569fd969,,FALSE,TRUE,0
5eef156b,5d4a408c,39,12,2500,30000,,569fd969,,FALSE,TRUE,0
a3a31754,5d4a408c,14,6,5000,30000,,569fd969,,FALSE,TRUE,0
3fc6a932,5d4a408c,7,8,3000,24000,,569fd969,,FALSE,TRUE,0
313ef39b,5d4a408c,3,13,3000,39000,,569fd969,,FALSE,TRUE,0
e3e6cb55,5d4a408c,10,1,3000,3000,,569fd969,,FALSE,TRUE,0
76ff99e3,5d4a408c,4,18,3000,54000,,569fd969,,FALSE,TRUE,0
87954c76,5d4a408c,15,7,3000,21000,,569fd969,,FALSE,TRUE,0
0b9f2c85,5d4a408c,8,38,3000,114000,,569fd969,,FALSE,TRUE,0
60afe880,5d4a408c,6,1,5000,5000,,569fd969,,FALSE,TRUE,0
609419ed,33eeb865,11,2,3000,6000,,,,FALSE,TRUE,0
114c0511,33eeb865,38,1,2500,2500,,6c388dfa,,FALSE,TRUE,0
0b2831b3,33eeb865,3,3,3000,9000,,6c388dfa,,FALSE,TRUE,0
dd9ff6bd,33eeb865,39,1,2500,2500,,6c388dfa,,FALSE,TRUE,0
3c15104c,33eeb865,1,3,1200,3600,,6c388dfa,,FALSE,TRUE,0
6197eaaf,33eeb865,8,2,3000,6000,,6c388dfa,,FALSE,TRUE,0
bfbf5999,35540791,38,1,2500,2500,,,,FALSE,TRUE,0
1c17ae9b,35540791,1,12,1200,14400,,e564f5d1,,FALSE,TRUE,0
9548ee1a,35540791,8,6,3000,18000,,e564f5d1,,FALSE,TRUE,0
3254e7f9,35540791,39,3,2500,7500,,e564f5d1,,FALSE,TRUE,0
b7ccfbbd,566c4988,4,6,3000,18000,,,,FALSE,TRUE,0
6317f660,566c4988,38,2,2500,5000,,8ce39967,,FALSE,TRUE,0
8b41303a,566c4988,1,18,1200,21600,,8ce39967,,FALSE,TRUE,0
64a68efe,566c4988,3,6,3000,18000,,8ce39967,,FALSE,TRUE,0
f095c95c,566c4988,8,8,3000,24000,,8ce39967,,FALSE,TRUE,0
1fd63bcf,566c4988,14,3,5000,15000,,8ce39967,,FALSE,TRUE,0
3fcd0b54,566c4988,7,2,3000,6000,,8ce39967,,FALSE,TRUE,0
4388ecbf,566c4988,2,2,3000,6000,,8ce39967,,FALSE,TRUE,0
46e026eb,566c4988,39,2,2500,5000,,8ce39967,,FALSE,TRUE,0
3e66f58f,566c4988,11,2,3000,6000,,8ce39967,,FALSE,TRUE,0
7ea5631a,cb9eb83b,10,1,3000,3000,,,,FALSE,TRUE,0
b166306b,cb9eb83b,14,1,5000,5000,,0494f6b2,,FALSE,TRUE,0
1f8f2f12,cb9eb83b,15,2,3000,6000,,0494f6b2,,FALSE,TRUE,0
2f720b83,cb9eb83b,3,2,3000,6000,,0494f6b2,,FALSE,TRUE,0
0b60b851,cb9eb83b,8,4,3000,12000,,0494f6b2,,FALSE,TRUE,0
9c640ef0,cb9eb83b,1,6,1200,7200,,0494f6b2,,FALSE,TRUE,0
09d77771,cb9eb83b,2,2,3000,6000,,0494f6b2,,FALSE,TRUE,0
763ce2f2,b3af7490,4,1,3000,3000,,,,FALSE,TRUE,0
dfd6aa04,b3af7490,8,5,3000,15000,,7a0ae720,,FALSE,TRUE,0
36397b62,b3af7490,38,3,2500,7500,,7a0ae720,,FALSE,TRUE,0
613aa568,b3af7490,3,2,3000,6000,,7a0ae720,,FALSE,TRUE,0
9d78bbb4,b3af7490,39,3,2500,7500,,7a0ae720,,FALSE,TRUE,0
3c02f1fa,b3af7490,14,1,5000,5000,,7a0ae720,,FALSE,TRUE,0
c1dbf3ba,609ce80d,3,12,3000,36000,,,,FALSE,TRUE,0
7848907e,609ce80d,15,2,3000,6000,,65955c57,,FALSE,TRUE,0
5b9a4bc2,609ce80d,7,6,3000,18000,,65955c57,,FALSE,TRUE,0
2aa351f0,609ce80d,38,1,2500,2500,,65955c57,,FALSE,TRUE,0
3930c539,609ce80d,2,6,3000,18000,,65955c57,,FALSE,TRUE,0
73e617d4,609ce80d,8,24,3000,72000,,65955c57,,FALSE,TRUE,0
24033dfa,609ce80d,1,27,1200,32400,,65955c57,,FALSE,TRUE,0
ca748772,609ce80d,14,3,5000,15000,,65955c57,,FALSE,TRUE,0
80124f6c,609ce80d,9,1,3000,3000,,65955c57,,FALSE,TRUE,0
ee637f36,609ce80d,39,2,2500,5000,,65955c57,,FALSE,TRUE,0
f90480a2,609ce80d,4,6,3000,18000,,65955c57,,FALSE,TRUE,0
dbfaaa59,bc62c631,4,8,3000,24000,,,,FALSE,TRUE,0
534351fb,bc62c631,6,1,5000,5000,,18ddb4e9,,FALSE,TRUE,0
397456d0,bc62c631,8,24,3000,72000,,18ddb4e9,,FALSE,TRUE,0
c61a46de,bc62c631,7,10,3000,30000,,18ddb4e9,,FALSE,TRUE,0
a6fa4fa7,bc62c631,5,3,3500,10500,,18ddb4e9,,FALSE,TRUE,0
43a98be4,bc62c631,2,9,3000,27000,,18ddb4e9,,FALSE,TRUE,0
d10ffecc,bc62c631,15,2,3000,6000,,18ddb4e9,,FALSE,TRUE,0
4dd98d84,bc62c631,17,1,3000,3000,,18ddb4e9,,FALSE,TRUE,0
5f921c68,bc62c631,1,21,1200,25200,,18ddb4e9,,FALSE,TRUE,0
09db8544,bc62c631,10,2,3000,6000,,18ddb4e9,,FALSE,TRUE,0
ccf3cb43,bc62c631,11,2,3000,6000,,18ddb4e9,,FALSE,TRUE,0
2ef454f8,bc62c631,39,3,2500,7500,,18ddb4e9,,FALSE,TRUE,0
d0c2f7df,bc62c631,3,6,3000,18000,,18ddb4e9,,FALSE,TRUE,0
27a97244,bc62c631,38,4,2500,10000,,18ddb4e9,,FALSE,TRUE,0
ea40bcd6,69979e7a,3,1,3000,3000,,,,FALSE,TRUE,0
6a23160f,69979e7a,4,3,3000,9000,,13508c02,,FALSE,TRUE,0
dc6564f3,69979e7a,8,5,3000,15000,,13508c02,,FALSE,TRUE,0
b554b114,69979e7a,10,2,3000,6000,,13508c02,0f8d421e,FALSE,TRUE,0
d6772d4f,69979e7a,7,2,3000,6000,,13508c02,,FALSE,TRUE,0
f44e1f3d,69979e7a,1,5,1200,6000,,13508c02,,FALSE,TRUE,0
a085e501,69979e7a,11,2,3000,6000,,13508c02,,FALSE,TRUE,0
9a8031f9,69979e7a,2,1,3000,3000,,13508c02,,FALSE,TRUE,0
823a4f01,661ca143,1,1,1200,1200,,,,FALSE,TRUE,0
88fe281b,661ca143,8,18,3000,54000,,bcd51a99,,FALSE,TRUE,0
d21eb4fb,661ca143,38,2,2500,5000,,bcd51a99,,FALSE,TRUE,0
e77c101a,661ca143,7,2,3000,6000,,bcd51a99,,FALSE,TRUE,0
389e0b7d,661ca143,6,1,5000,5000,,bcd51a99,,FALSE,TRUE,0
0a8c7213,f74c578f,8,4,3000,12000,,,,FALSE,TRUE,0
d9ea11b0,f74c578f,7,1,3000,3000,,50c1920a,,FALSE,TRUE,0
c2ffe953,f74c578f,15,1,3000,3000,,50c1920a,,FALSE,TRUE,0
4d797584,f74c578f,17,2,3000,6000,,50c1920a,,FALSE,TRUE,0
331d16bd,f74c578f,3,1,3000,3000,,50c1920a,,FALSE,TRUE,0
7978ff44,f74c578f,39,1,2500,2500,,50c1920a,,FALSE,TRUE,0
c58b3ea3,f74c578f,4,3,3000,9000,,50c1920a,,FALSE,TRUE,0
323f8062,f74c578f,38,1,2500,2500,,50c1920a,,FALSE,TRUE,0
4a6e92ea,f74c578f,1,9,1200,10800,,50c1920a,,FALSE,TRUE,0
9cdf586f,f74c578f,5,1,3500,3500,,50c1920a,,FALSE,TRUE,0
e5965763,7916bc63,3,9,3000,27000,,,,FALSE,TRUE,0
8aaa2ec6,7916bc63,11,9,3000,27000,,b02a3350,f7d1b09c,FALSE,TRUE,0
a51badef,7916bc63,14,1,5000,5000,,b02a3350,,FALSE,TRUE,0
26d9ab71,7916bc63,8,24,3000,72000,,b02a3350,,FALSE,TRUE,0
6e1f9565,7916bc63,5,4,3500,14000,,b02a3350,,FALSE,TRUE,0
50cc3171,7916bc63,39,5,2500,12500,,b02a3350,,FALSE,TRUE,0
fa83e4b2,7916bc63,7,12,3000,36000,,b02a3350,,FALSE,TRUE,0
eabf70c9,7916bc63,1,36,1200,43200,,b02a3350,,FALSE,TRUE,0
3927b5a9,7916bc63,4,8,3000,24000,,b02a3350,,FALSE,TRUE,0
61f955f5,7916bc63,38,5,2500,12500,,b02a3350,,FALSE,TRUE,0
9efc6953,7916bc63,2,17,3000,51000,,b02a3350,,FALSE,TRUE,0
afa83c28,a4ac2217,9,1,3000,3000,,,,FALSE,TRUE,0
06617f35,a4ac2217,7,4,3000,12000,,9f0d8a23,,FALSE,TRUE,0
6c9888a9,a4ac2217,10,4,3000,12000,,9f0d8a23,,FALSE,TRUE,0
71f5ba9a,a4ac2217,1,38,1200,45600,,9f0d8a23,,FALSE,TRUE,0
406217b2,a4ac2217,14,2,5000,10000,,9f0d8a23,,FALSE,TRUE,0
e0627251,a4ac2217,38,2,2500,5000,,9f0d8a23,,FALSE,TRUE,0
6d4afcc1,a4ac2217,3,4,3000,12000,,9f0d8a23,,FALSE,TRUE,0
1a1d48f6,a4ac2217,8,28,3000,84000,,9f0d8a23,,FALSE,TRUE,0
f9a9e4b5,a4ac2217,4,10,3000,30000,,9f0d8a23,,FALSE,TRUE,0
a9fb57b6,a4ac2217,2,6,3000,18000,,9f0d8a23,,FALSE,TRUE,0
fcdf77d8,a4ac2217,6,1,5000,5000,,9f0d8a23,,FALSE,TRUE,0
3fc58722,a4ac2217,15,2,3000,6000,,9f0d8a23,,FALSE,TRUE,0
096daeb6,a4ac2217,22,1,4500,4500,,9f0d8a23,,FALSE,TRUE,0
0696fafb,a4ac2217,39,3,2500,7500,,9f0d8a23,,FALSE,TRUE,0
db7cf8a3,24770753,8,12,3000,36000,,,,FALSE,TRUE,0
929e4c41,24770753,7,3,3000,9000,,5e04dbb9,,FALSE,TRUE,0
824fddc6,24770753,1,12,1200,14400,,5e04dbb9,,FALSE,TRUE,0
4fc7c8ab,83f8a08f,7,4,3000,12000,,,,FALSE,TRUE,0
64664407,83f8a08f,11,1,3000,3000,,aa70c5be,,FALSE,TRUE,0
e6c93819,83f8a08f,8,10,3000,30000,,aa70c5be,,FALSE,TRUE,0
544a0838,83f8a08f,14,1,5000,5000,,aa70c5be,,FALSE,TRUE,0
f2785307,83f8a08f,3,2,3000,6000,,aa70c5be,,FALSE,TRUE,0
ba504456,83f8a08f,39,3,2500,7500,,aa70c5be,,FALSE,TRUE,0
ae942c42,83f8a08f,38,3,2500,7500,,aa70c5be,,FALSE,TRUE,0
2cb764c8,83f8a08f,2,3,3000,9000,,aa70c5be,,FALSE,TRUE,0
0458e2d6,83f8a08f,4,3,3000,9000,,aa70c5be,,FALSE,TRUE,0
f5d83435,83f8a08f,1,18,1200,21600,,aa70c5be,,FALSE,TRUE,0
a075d7fe,a19e66e9,39,2,2500,5000,,,,FALSE,TRUE,0
5332912d,a19e66e9,7,5,3000,15000,,500daa45,,FALSE,TRUE,0
d8494b8f,a19e66e9,8,18,3000,54000,,500daa45,,FALSE,TRUE,0
1351721c,a19e66e9,10,1,3000,3000,,500daa45,,FALSE,TRUE,0
c1660c21,a19e66e9,4,5,3000,15000,,500daa45,,FALSE,TRUE,0
c7808e8f,a19e66e9,3,3,3000,9000,,500daa45,,FALSE,TRUE,0
0fdd88c8,a19e66e9,1,18,1200,21600,,500daa45,,FALSE,TRUE,0
4a6d4d20,a19e66e9,2,6,3000,18000,,500daa45,,FALSE,TRUE,0
0c41228f,a19e66e9,11,3,3000,9000,,500daa45,,FALSE,TRUE,0
584be5e2,7dffc83c,11,3,3000,9000,,,,FALSE,TRUE,0
6c91c2e4,7dffc83c,38,1,2500,2500,,0940f382,,FALSE,TRUE,0
40df5530,7dffc83c,5,1,3500,3500,,0940f382,,FALSE,TRUE,0
0022e94c,7dffc83c,3,2,3000,6000,,0940f382,,FALSE,TRUE,0
dfc8e97e,7dffc83c,1,6,1200,7200,,0940f382,,FALSE,TRUE,0
66ed659b,7dffc83c,4,3,3000,9000,,0940f382,,FALSE,TRUE,0
702855a3,7dffc83c,39,1,2500,2500,,0940f382,,FALSE,TRUE,0
19dc5c2d,7dffc83c,8,6,3000,18000,,0940f382,,FALSE,TRUE,0
ffeedc28,7dffc83c,7,6,3000,18000,,0940f382,,FALSE,TRUE,0
7a72113d,500b2392,7,3,3000,9000,,,,FALSE,TRUE,0
88ddb7d2,500b2392,8,3,3000,9000,,973bdfb7,,FALSE,TRUE,0
adb446bd,500b2392,3,3,3000,9000,,973bdfb7,,FALSE,TRUE,0
460308a6,500b2392,2,5,3000,15000,,973bdfb7,,FALSE,TRUE,0
51cc07e8,f6942230,1,60,1200,72000,,,,FALSE,TRUE,0
d085e704,f6942230,5,6,3500,21000,,b7ea87ec,,FALSE,TRUE,0
e504e92b,f6942230,4,18,3000,54000,,b7ea87ec,,FALSE,TRUE,0
8f6c85a7,f6942230,2,24,3000,72000,,b7ea87ec,,FALSE,TRUE,0
471799b7,f6942230,6,2,5000,10000,,b7ea87ec,,FALSE,TRUE,0
26a3a021,f6942230,3,24,3000,72000,,b7ea87ec,,FALSE,TRUE,0
6368f883,f6942230,7,24,3000,72000,,b7ea87ec,,FALSE,TRUE,0
cd91455c,f6942230,8,72,3000,216000,,b7ea87ec,,FALSE,TRUE,0
bd7974ce,f6942230,10,6,3000,18000,,b7ea87ec,,FALSE,TRUE,0
acdad0fd,f6942230,11,12,3000,36000,,b7ea87ec,,FALSE,TRUE,0
83ccdace,f6942230,38,6,2500,15000,,b7ea87ec,,FALSE,TRUE,0
16575d05,f6942230,39,6,2500,15000,,b7ea87ec,,FALSE,TRUE,0
bdd41cc6,f6942230,14,6,5000,30000,,b7ea87ec,,FALSE,TRUE,0
8cae1c18,f6942230,28,60,100,6000,,b7ea87ec,,FALSE,TRUE,0
d2a33356,2a5b3556,7,2,3000,6000,,,,FALSE,TRUE,0
ade87ff2,2a5b3556,2,4,3000,12000,,b0216279,11c6f71a,FALSE,TRUE,0
3c0a181e,2a5b3556,3,3,3000,9000,,b0216279,,FALSE,TRUE,0
72ef598b,2a5b3556,8,2,3000,6000,,b0216279,,FALSE,TRUE,0
ca1b117b,2a5b3556,4,3,3000,9000,,b0216279,,FALSE,TRUE,0
d7e1b21e,66d9d653,3,12,3000,36000,,,,FALSE,TRUE,0
aae29d9e,66d9d653,4,18,3000,54000,,90250318,,FALSE,TRUE,0
4bc63e98,66d9d653,7,12,3000,36000,,90250318,b12bdbc5,FALSE,TRUE,0
558a3b5f,66d9d653,2,12,3000,36000,,90250318,,FALSE,TRUE,0
2e6bbed5,66d9d653,39,6,2500,15000,,90250318,,FALSE,TRUE,0
4442c701,66d9d653,1,78,1200,93600,,90250318,,FALSE,TRUE,0
da3f3852,66d9d653,38,12,2500,30000,,90250318,,FALSE,TRUE,0
a4960f6a,66d9d653,8,36,3000,108000,,90250318,,FALSE,TRUE,0
c2ce1557,66d9d653,5,6,3500,21000,,90250318,,FALSE,TRUE,0
e50f5f7d,66d9d653,9,6,3000,18000,,90250318,,FALSE,TRUE,0
f6b2bab3,66d9d653,16,4,3000,12000,,90250318,,FALSE,TRUE,0
fd559f32,66d9d653,17,5,3000,15000,,90250318,,FALSE,TRUE,0
dd44961d,66d9d653,6,1,5000,5000,,90250318,,FALSE,TRUE,0
6935c571,3a9fa79d,10,1,3000,3000,,,,FALSE,TRUE,0
33da4ddd,3a9fa79d,5,4,3500,14000,,05bdf3d9,,FALSE,TRUE,0
a516133f,3a9fa79d,11,4,3000,12000,,05bdf3d9,,FALSE,TRUE,0
fb0eaf77,3a9fa79d,2,12,3000,36000,,05bdf3d9,,FALSE,TRUE,0
18b50065,3a9fa79d,14,1,5000,5000,,05bdf3d9,,FALSE,TRUE,0
d6508d7b,3a9fa79d,4,6,3000,18000,,05bdf3d9,,FALSE,TRUE,0
2155de2c,3a9fa79d,15,2,3000,6000,,05bdf3d9,,FALSE,TRUE,0
74afbebb,3a9fa79d,39,1,2500,2500,,05bdf3d9,,FALSE,TRUE,0
6660b1e7,3a9fa79d,3,6,3000,18000,,05bdf3d9,,FALSE,TRUE,0
9b0ff2dd,3a9fa79d,1,18,1200,21600,,05bdf3d9,,FALSE,TRUE,0
a37d1bc3,3a9fa79d,8,31,3000,93000,,05bdf3d9,,FALSE,TRUE,0
8f1dc01c,cb14a21a,10,3,3000,9000,,,,FALSE,TRUE,0
7c003f4a,cb14a21a,1,36,1200,43200,,164fdcf2,,FALSE,TRUE,0
11be3937,cb14a21a,39,14,2500,35000,,164fdcf2,,FALSE,TRUE,0
df344610,cb14a21a,14,3,5000,15000,,164fdcf2,,FALSE,TRUE,0
4ddfb467,cb14a21a,17,1,3000,3000,,164fdcf2,,FALSE,TRUE,0
6a84c512,cb14a21a,15,2,3000,6000,,164fdcf2,,FALSE,TRUE,0
b7b8ec79,cb14a21a,5,3,3500,10500,,164fdcf2,,FALSE,TRUE,0
d39ccf80,cb14a21a,6,4,5000,20000,,164fdcf2,,FALSE,TRUE,0
115efd4c,cb14a21a,4,15,3000,45000,,164fdcf2,,FALSE,TRUE,0
e5d524e0,cb14a21a,11,4,3000,12000,,164fdcf2,,FALSE,TRUE,0
fc06f27d,cb14a21a,2,17,3000,51000,,164fdcf2,,FALSE,TRUE,0
7d055e3b,cb14a21a,9,1,3000,3000,,164fdcf2,,FALSE,TRUE,0
8ce146ba,cb14a21a,7,15,3000,45000,,164fdcf2,,FALSE,TRUE,0
af53329f,cb14a21a,8,38,3000,114000,,164fdcf2,,FALSE,TRUE,0
adcd63e1,cb14a21a,3,11,3000,33000,,164fdcf2,,FALSE,TRUE,0
d8ca2a75,cb14a21a,38,14,2500,35000,,164fdcf2,,FALSE,TRUE,0
3727b930,5abf02ce,2,5,3000,15000,,,,FALSE,TRUE,0
beb8cc64,5abf02ce,8,6,3000,18000,,ab77d2dd,,FALSE,TRUE,0
4f4d8c82,5abf02ce,1,6,1200,7200,,ab77d2dd,,FALSE,TRUE,0
8837942b,5abf02ce,11,1,3000,3000,,ab77d2dd,,FALSE,TRUE,0
de977d0a,5abf02ce,17,1,3000,3000,,ab77d2dd,,FALSE,TRUE,0
93d968bc,060d5a84,2,6,3000,18000,,,,FALSE,TRUE,0
e3aa5535,060d5a84,8,6,3000,18000,,df4b4467,,FALSE,TRUE,0
ac2f0edc,060d5a84,3,2,3000,6000,,df4b4467,,FALSE,TRUE,0
d6769e8d,555e703a,39,1,2500,2500,,,,FALSE,TRUE,0
f1a952a6,555e703a,1,6,1200,7200,,fe7892e2,,FALSE,TRUE,0
7ea0c6c1,555e703a,3,1,3000,3000,,fe7892e2,,FALSE,TRUE,0
9053ff53,555e703a,6,1,5000,5000,,fe7892e2,,FALSE,TRUE,0
0e6c0f1b,555e703a,38,1,2500,2500,,fe7892e2,,FALSE,TRUE,0
82870e7e,555e703a,24,1,3000,3000,,fe7892e2,,FALSE,TRUE,0
f3e6dc60,555e703a,4,2,3000,6000,,fe7892e2,,FALSE,TRUE,0
49a32564,555e703a,8,6,3000,18000,,fe7892e2,,FALSE,TRUE,0
c2e8b8e6,f9e7fae1,38,1,2500,2500,,,,FALSE,TRUE,0
766d428c,f9e7fae1,6,1,5000,5000,,c51f464e,,FALSE,TRUE,0
43aa4d53,f9e7fae1,8,5,3000,15000,,c51f464e,,FALSE,TRUE,0
2d3cb3aa,f9e7fae1,3,9,3000,27000,,c51f464e,,FALSE,TRUE,0
de526b9d,f9e7fae1,1,9,1200,10800,,c51f464e,,FALSE,TRUE,0
cc53413f,f9e7fae1,11,2,3000,6000,,c51f464e,,FALSE,TRUE,0
ba9c0fb5,f9e7fae1,2,7,3000,21000,,c51f464e,,FALSE,TRUE,0
1ea549b9,cd4cb51b,1,12,1200,14400,,,,FALSE,TRUE,0
66f8381b,cd4cb51b,7,6,3000,18000,,4f699c85,,FALSE,TRUE,0
fdc667cf,cd4cb51b,2,3,3000,9000,,4f699c85,,FALSE,TRUE,0
16df130e,cd4cb51b,14,1,5000,5000,,4f699c85,,FALSE,TRUE,0
b76576ce,8fd5de65,1,30,1200,36000,,eef4b93e,61a012c7,FALSE,TRUE,0
edab4d6e,8fd5de65,38,2,2500,5000,,eef4b93e,,FALSE,TRUE,0
fb873f81,8fd5de65,7,6,3000,18000,,eef4b93e,,FALSE,TRUE,0
bf9b0575,8fd5de65,9,1,3000,3000,,eef4b93e,,FALSE,TRUE,0
e8a30fd3,8fd5de65,4,4,3000,12000,,eef4b93e,,FALSE,TRUE,0
89a0730c,8fd5de65,5,1,3500,3500,,eef4b93e,,FALSE,TRUE,0
e2d07065,8fd5de65,8,24,3000,72000,,eef4b93e,,FALSE,TRUE,0
7307b863,8fd5de65,11,1,3000,3000,,eef4b93e,,FALSE,TRUE,0
e0eb85cd,8fd5de65,17,3,3000,9000,,eef4b93e,,FALSE,TRUE,0
9f83e8ff,8fd5de65,10,2,3000,6000,,eef4b93e,,FALSE,TRUE,0
23c4e2d3,8fd5de65,39,2,2500,5000,,eef4b93e,,FALSE,TRUE,0
4de59812,8fd5de65,3,2,3000,6000,,eef4b93e,,FALSE,TRUE,0
d754e6e9,75c993e5,7,6,3000,18000,,,,FALSE,TRUE,0
147ff796,75c993e5,2,1,3000,3000,,37b35c28,,FALSE,TRUE,0
72f8dade,75c993e5,17,1,3000,3000,,37b35c28,,FALSE,TRUE,0
1ee185c2,75c993e5,11,2,3000,6000,,37b35c28,,FALSE,TRUE,0
133771b9,75c993e5,1,12,1200,14400,,37b35c28,ccd0983e,FALSE,TRUE,0
0a621c69,75c993e5,4,2,3000,6000,,37b35c28,,FALSE,TRUE,0
16f17ae4,a1072e64,3,2,3000,6000,,,,FALSE,TRUE,0
84028e1d,a1072e64,1,6,1200,7200,,f0a290d3,,FALSE,TRUE,0
93b1bf4a,a1072e64,4,5,3000,15000,,f0a290d3,75da985d,FALSE,TRUE,0
9149d1e6,a1072e64,8,6,3000,18000,,f0a290d3,,FALSE,TRUE,0
4e80b5b4,a1072e64,38,2,2500,5000,,f0a290d3,,FALSE,TRUE,0
aea7d716,a1072e64,7,3,3000,9000,,f0a290d3,,FALSE,TRUE,0
23fcf706,a1072e64,5,2,3500,7000,,f0a290d3,,FALSE,TRUE,0
bb39dbc3,a1072e64,2,2,3000,6000,,f0a290d3,,FALSE,TRUE,0
0a19b1cc,a1072e64,39,3,2500,7500,,f0a290d3,,FALSE,TRUE,0
1eb5265e,51a09228,1,4,1200,4800,,,,FALSE,TRUE,0
10169898,51a09228,8,1,3000,3000,,38f9a107,,FALSE,TRUE,0
826b040e,51a09228,6,1,5000,5000,,38f9a107,,FALSE,TRUE,0
3cb4e2a0,bdf358a7,4,3,3000,9000,,,,FALSE,TRUE,0
2c8948a2,bdf358a7,2,2,3000,6000,,40ab7199,,FALSE,TRUE,0
2567498d,bdf358a7,8,5,3000,15000,,40ab7199,,FALSE,TRUE,0
35cccb68,bdf358a7,5,1,3500,3500,,40ab7199,,FALSE,TRUE,0
de4d21a8,bdf358a7,3,2,3000,6000,,40ab7199,,FALSE,TRUE,0
54ac3134,bdf358a7,7,1,3000,3000,,40ab7199,,FALSE,TRUE,0
673d302c,bdf358a7,11,1,3000,3000,,40ab7199,,FALSE,TRUE,0
4eef2f54,bdf358a7,10,1,3000,3000,,40ab7199,,FALSE,TRUE,0
a2e633e0,bdf358a7,1,9,1200,10800,,40ab7199,,FALSE,TRUE,0
8bec8326,9f0ae02f,2,4,3000,12000,,,,FALSE,TRUE,0
598b9741,9f0ae02f,1,20,1200,24000,,dfdb04de,,FALSE,TRUE,0
fb7a759b,9f0ae02f,7,3,3000,9000,,dfdb04de,,FALSE,TRUE,0
854dbf81,38b23a6d,8,1,3000,3000,,,,FALSE,TRUE,0
2a53c650,38b23a6d,2,1,3000,3000,,dfef0706,,FALSE,TRUE,0
1af13dd7,d95e2ccc,1,8,1200,9600,,88908d52,c678c10e,TRUE,TRUE,0
48d0dd75,d95e2ccc,2,2,3000,6000,,88908d52,21ca2297,TRUE,TRUE,0
e6d7dd16,36cb9fcb,1,1,1200,1200,,8dd91e16,12f98d4d,TRUE,TRUE,0
24956bcf,3128d77c,1,5,1200,6000,,,,TRUE,FALSE,0
d077b022,00ca0ec7,1,5,1200,6000,,,,TRUE,FALSE,0
128622b2,b854ab48,1,2,1200,2400,,5f7b85fc-40d0-41ef-bd45-5829383fcdf0,bbc26f20-490f-466b-950d-c2947ae7b5e0,TRUE,TRUE,0
9c3be5f2,d0dc3243,5,5,3500,17500,,5f7b85fc-40d0-41ef-bd45-5829383fcdf0,,TRUE,FALSE,0
f3694583,6a112d7d,39,3,2500,7500,,,,FALSE,TRUE,0
ebc43d80,6a112d7d,4,3,3000,9000,,,,FALSE,TRUE,0
ed4ced99,6a112d7d,14,1,5000,5000,,,,FALSE,TRUE,0
b0109bd4,6a112d7d,1,12,1200,14400,,,,FALSE,TRUE,0
24dedcd0,6a112d7d,38,2,2500,5000,,,,FALSE,TRUE,0
47274ad9,6a112d7d,2,2,3000,6000,,,,FALSE,TRUE,0
69fbbbdf,6a112d7d,11,1,3000,3000,,,,FALSE,TRUE,0
68e6d953,6a112d7d,26,1,3000,3000,,,,FALSE,TRUE,0
42977989,6a112d7d,3,3,3000,9000,,,,FALSE,TRUE,0
c9e100dc,22d45586,14,2,5000,10000,,,,FALSE,TRUE,0
df5237d9,22d45586,8,24,3000,72000,,,,FALSE,TRUE,0
d7950139,22d45586,38,4,2500,10000,,,,FALSE,TRUE,0
806a627e,22d45586,39,6,2500,15000,,,,FALSE,TRUE,0
48b759bb,22d45586,3,2,3000,6000,,,,FALSE,TRUE,0
479153c9,22d45586,6,3,5000,15000,,,,FALSE,TRUE,0
117ff5a3,22d45586,2,18,3000,54000,,,,FALSE,TRUE,0
a997a4fa,22d45586,10,2,3000,6000,,,,FALSE,TRUE,0
dc4107a4,22d45586,1,20,1200,24000,,,,FALSE,TRUE,0
2cdb1471,22d45586,11,4,3000,12000,,,,FALSE,TRUE,0
f526440d,22d45586,9,6,3000,18000,,,,FALSE,TRUE,0
f87216c5,22d45586,4,4,3000,12000,,,,FALSE,TRUE,0
809ee5d8,f16a44d8,5,5,3500,17500,,,,FALSE,TRUE,0
bb9e3d98,f16a44d8,1,36,1200,43200,,,,FALSE,TRUE,0
11db0aac,f16a44d8,7,12,3000,36000,,,,FALSE,TRUE,0
b87ecce5,f16a44d8,27,1,3000,3000,,,,FALSE,TRUE,0
55235147,f16a44d8,8,24,3000,72000,,,,FALSE,TRUE,0
bc24544c,f16a44d8,4,12,3000,36000,,,,FALSE,TRUE,0
45873741,f16a44d8,38,1,2500,2500,,,,FALSE,TRUE,0
88d77177,f16a44d8,11,5,3000,15000,,,,FALSE,TRUE,0
f41fee51,f16a44d8,2,12,3000,36000,,,,FALSE,TRUE,0
fea43997,f16a44d8,39,1,2500,2500,,,,FALSE,TRUE,0
55f06b65,f16a44d8,3,12,3000,36000,,,,FALSE,TRUE,0
9e6aee09,f16a44d8,6,1,5000,5000,,,,FALSE,TRUE,0
5bc6ee00,f16a44d8,10,5,3000,15000,,,,FALSE,TRUE,0
6a9a7edf,fa3d36f7,5,4,3500,14000,,,,FALSE,TRUE,0
a567f581,fa3d36f7,4,18,3000,54000,,,,FALSE,TRUE,0
4d15b597,fa3d36f7,2,12,3000,36000,,,,FALSE,TRUE,0
655cb0ff,fa3d36f7,7,12,3000,36000,,,,FALSE,TRUE,0
1f7263e7,fa3d36f7,9,3,3000,9000,,,,FALSE,TRUE,0
063c85be,fa3d36f7,8,58,3000,174000,,,,FALSE,TRUE,0
b907a862,fa3d36f7,6,3,5000,15000,,,,FALSE,TRUE,0
b49df270,fa3d36f7,1,40,1200,48000,,,,FALSE,TRUE,0
82242d2b,fa3d36f7,38,10,2500,25000,,,,FALSE,TRUE,0
1a12241d,fa3d36f7,39,10,2500,25000,,,,FALSE,TRUE,0
583ecb60,fa3d36f7,3,12,3000,36000,,,,FALSE,TRUE,0
c6019afa,fa3d36f7,14,4,5000,20000,,,,FALSE,TRUE,0
ee8cd607,fa3d36f7,11,6,3000,18000,,,,FALSE,TRUE,0
9acd6ee5,fa3d36f7,10,5,3000,15000,,,,FALSE,TRUE,0
59c342a6,7400ad6b,17,10,3000,30000,,,,FALSE,TRUE,0
90875cf1,7400ad6b,1,91,1200,109200,,,,FALSE,TRUE,0
c645789d,7400ad6b,5,12,3500,42000,,,,FALSE,TRUE,0
91d7271d,7400ad6b,4,36,3000,108000,,,,FALSE,TRUE,0
0aa41d64,7400ad6b,10,6,3000,18000,,,,FALSE,TRUE,0
e560127d,7400ad6b,6,4,5000,20000,,,,FALSE,TRUE,0
25376361,7400ad6b,2,25,3000,75000,,,,FALSE,TRUE,0
54db9d3c,7400ad6b,39,12,2500,30000,,,,FALSE,TRUE,0
125caf0d,7400ad6b,38,12,2500,30000,,,,FALSE,TRUE,0
6c0ba711,7400ad6b,3,32,3000,96000,,,,FALSE,TRUE,0
0cef3db5,7400ad6b,16,4,3000,12000,,,,FALSE,TRUE,0
42707f84,7400ad6b,9,6,3000,18000,,,,FALSE,TRUE,0
8988203a,7400ad6b,11,9,3000,27000,,,,FALSE,TRUE,0
c15bfe27,7400ad6b,14,6,5000,30000,,,,FALSE,TRUE,0
1ccaf6e5,7400ad6b,8,68,3000,204000,,,,FALSE,TRUE,0
16c4388b,7400ad6b,7,19,3000,57000,,,,FALSE,TRUE,0
275dc2c6,fff2d137,1,6,1200,7200,,,,FALSE,TRUE,0
43d06dc4,fff2d137,8,6,3000,18000,,,,FALSE,TRUE,0
a5b7fda6,fff2d137,3,6,3000,18000,,,,FALSE,TRUE,0
9d18433f,fff2d137,2,6,3000,18000,,,,FALSE,TRUE,0
aec8ae61,eb05f5c2,39,1,2500,2500,,,,FALSE,TRUE,0
ce88335d,eb05f5c2,7,1,3000,3000,,,,FALSE,TRUE,0
42b3e833,eb05f5c2,4,1,3000,3000,,,,FALSE,TRUE,0
bf930766,eb05f5c2,11,2,3000,6000,,,,FALSE,TRUE,0
14294031,eb05f5c2,38,1,2500,2500,,,,FALSE,TRUE,0
e0f52568,eb05f5c2,8,6,3000,18000,,,,FALSE,TRUE,0
39d083dd,eb05f5c2,1,11,1200,13200,,,,FALSE,TRUE,0
d15fb9f9,42825eb8,2,8,3000,24000,,,,FALSE,TRUE,0
c5a96ba1,42825eb8,14,3,5000,15000,,,,FALSE,TRUE,0
ebc88406,42825eb8,4,9,3000,27000,,,,FALSE,TRUE,0
d8098113,42825eb8,7,9,3000,27000,,,,FALSE,TRUE,0
703cc9dc,42825eb8,8,21,3000,63000,,,,FALSE,TRUE,0
ed89b34a,42825eb8,6,2,5000,10000,,,,FALSE,TRUE,0
c61c9c58,42825eb8,11,9,3000,27000,,,,FALSE,TRUE,0
860a634e,42825eb8,10,1,3000,3000,,,,FALSE,TRUE,0
8e1fedca,42825eb8,3,9,3000,27000,,,,FALSE,TRUE,0
9102e47b,42825eb8,1,42,1200,50400,,,,FALSE,TRUE,0
36cd1b4e,224b1e6b,9,3,3000,9000,,,,FALSE,TRUE,0
00e2038b,224b1e6b,4,3,3000,9000,,,,FALSE,TRUE,0
fcadbea5,224b1e6b,14,7,5000,35000,,,,FALSE,TRUE,0
f29f6204,224b1e6b,3,10,3000,30000,,,,FALSE,TRUE,0
be59eaf0,224b1e6b,2,15,3000,45000,,,,FALSE,TRUE,0
d4e63258,224b1e6b,1,42,1200,50400,,,,FALSE,TRUE,0
8eb785e1,224b1e6b,24,1,3000,3000,,,,FALSE,TRUE,0
44404486,224b1e6b,38,4,2500,10000,,,,FALSE,TRUE,0
7a92ddac,224b1e6b,5,1,3500,3500,,,,FALSE,TRUE,0
cf16cf7e,224b1e6b,7,19,3000,57000,,,,FALSE,TRUE,0
e4c39baa,224b1e6b,8,40,3000,120000,,,,FALSE,TRUE,0
21d26f75,224b1e6b,10,3,3000,9000,,,,FALSE,TRUE,0
e5f3cf13,224b1e6b,6,1,5000,5000,,,,FALSE,TRUE,0
3cc01d04,224b1e6b,11,6,3000,18000,,,,FALSE,TRUE,0
b7fead04,224b1e6b,39,5,2500,12500,,,,FALSE,TRUE,0
5bd0e66b,b4e8989d,39,1,2500,2500,,,,FALSE,TRUE,0
58615a57,b4e8989d,6,1,5000,5000,,,,FALSE,TRUE,0
c62031ac,b4e8989d,1,4,1200,4800,,,,FALSE,TRUE,0
e76ba40a,b4e8989d,14,1,5000,5000,,,,FALSE,TRUE,0
ec64c4c2,b4e8989d,5,2,3500,7000,,,,FALSE,TRUE,0
713022a1,b4e8989d,3,2,3000,6000,,,,FALSE,TRUE,0
e9c1d77d,b4e8989d,8,14,3000,42000,,,,FALSE,TRUE,0
87f5f8b9,b4e8989d,26,1,3000,3000,,,,FALSE,TRUE,0
851739b2,b4e8989d,2,2,3000,6000,,,,FALSE,TRUE,0
e6806735,674e97ae,1,8,1200,9600,,,,FALSE,TRUE,0
bc2fb480,674e97ae,7,6,3000,18000,,,,FALSE,TRUE,0
a9090e1b,674e97ae,38,1,2500,2500,,,,FALSE,TRUE,0
795cf98d,674e97ae,11,2,3000,6000,,,,FALSE,TRUE,0
c1682307,674e97ae,4,5,3000,15000,,,,FALSE,TRUE,0
42e32f1e,674e97ae,39,1,2500,2500,,,,FALSE,TRUE,0
74de8b04,674e97ae,8,5,3000,15000,,,,FALSE,TRUE,0
c469e77d,674e97ae,5,1,3500,3500,,,,FALSE,TRUE,0
5d616978,674e97ae,2,3,3000,9000,,,,FALSE,TRUE,0
d5b21457,674e97ae,3,1,3000,3000,,,,FALSE,TRUE,0
b0ef5dcd,499df8aa,3,2,3000,6000,,,,FALSE,TRUE,0
5ab19a83,499df8aa,11,5,3000,15000,,,,FALSE,TRUE,0
88fe5864,499df8aa,22,1,4500,4500,,,,FALSE,TRUE,0
ef83aad2,499df8aa,24,2,3000,6000,,,,FALSE,TRUE,0
e130e0f7,499df8aa,38,2,2500,5000,,,,FALSE,TRUE,0
088e1fb8,499df8aa,15,1,3000,3000,,,,FALSE,TRUE,0
e726a7ea,499df8aa,2,7,3000,21000,,,,FALSE,TRUE,0
45e80f9f,499df8aa,27,2,3000,6000,,,,FALSE,TRUE,0
ece0ae22,499df8aa,8,6,3000,18000,,,,FALSE,TRUE,0
2e17471c,499df8aa,39,1,2500,2500,,,,FALSE,TRUE,0
5d5f3b4e,499df8aa,1,28,1200,33600,,,,FALSE,TRUE,0
bf36b86b,499df8aa,6,1,5000,5000,,,,FALSE,TRUE,0
7897d537,499df8aa,4,6,3000,18000,,,,FALSE,TRUE,0
d73c5add,499df8aa,5,7,3500,24500,,,,FALSE,TRUE,0
101f36b3,499df8aa,7,4,3000,12000,,,,FALSE,TRUE,0
802548c2,499df8aa,10,8,3000,24000,,,,FALSE,TRUE,0
7e53f535,89ab5077,38,2,2500,5000,,,,FALSE,TRUE,0
93042854,89ab5077,1,9,1200,10800,,,,FALSE,TRUE,0
988a5370,89ab5077,39,3,2500,7500,,,,FALSE,TRUE,0
3c0bd624,89ab5077,7,2,3000,6000,,,,FALSE,TRUE,0
85988e4a,89ab5077,8,14,3000,42000,,,,FALSE,TRUE,0
ecec11b3,89ab5077,11,2,3000,6000,,,,FALSE,TRUE,0
2150a7d6,89ab5077,2,4,3000,12000,,,,FALSE,TRUE,0
e14062cf,89ab5077,5,3,3500,10500,,,,FALSE,TRUE,0
9cb7bc05,89ab5077,4,3,3000,9000,,,,FALSE,TRUE,0
e8bb1ab8,89ab5077,3,1,3000,3000,,,,FALSE,TRUE,0
6817967c,32481649,38,4,2500,10000,,,,FALSE,TRUE,0
e82b9a65,32481649,4,7,3000,21000,,,,FALSE,TRUE,0
f9a078e9,32481649,3,2,3000,6000,,,,FALSE,TRUE,0
9aaed737,32481649,8,4,3000,12000,,,,FALSE,TRUE,0
9f028cf8,32481649,1,13,1200,15600,,,,FALSE,TRUE,0
321f0705,32481649,14,2,5000,10000,,,,FALSE,TRUE,0
e56679f8,32481649,2,4,3000,12000,,,,FALSE,TRUE,0
e0cc5705,32481649,39,4,2500,10000,,,,FALSE,TRUE,0
bed15daa,32481649,7,2,3000,6000,,,,FALSE,TRUE,0
dcf70443,32481649,10,1,3000,3000,,,,FALSE,TRUE,0
d0968d36,32481649,11,1,3000,3000,,,,FALSE,TRUE,0
b0b91718,f90b112b,14,1,5000,5000,,,,FALSE,TRUE,0
cc513dd1,f90b112b,5,1,3500,3500,,,,FALSE,TRUE,0
300cc4b8,f90b112b,4,1,3000,3000,,,,FALSE,TRUE,0
cb562786,f90b112b,11,3,3000,9000,,,,FALSE,TRUE,0
a34bcc8c,f90b112b,8,8,3000,24000,,,,FALSE,TRUE,0
6e6cbcd2,f90b112b,3,2,3000,6000,,,,FALSE,TRUE,0
a66aafeb,f90b112b,39,1,2500,2500,,,,FALSE,TRUE,0
bb2416ac,f90b112b,38,3,2500,7500,,,,FALSE,TRUE,0
75da75ae,3dce66a8,17,3,3000,9000,,,,FALSE,TRUE,0
8091cd6a,3dce66a8,2,36,3000,108000,,,,FALSE,TRUE,0
c964a084,3dce66a8,38,12,2500,30000,,,,FALSE,TRUE,0
2dc285f0,3dce66a8,28,60,100,6000,,,,FALSE,TRUE,0
e6210ab0,3dce66a8,7,32,3000,96000,,,,FALSE,TRUE,0
8754a7cd,3dce66a8,24,3,3000,9000,,,,FALSE,TRUE,0
a90f16e9,3dce66a8,4,48,3000,144000,,,,FALSE,TRUE,0
348f90ad,3dce66a8,6,2,5000,10000,,,,FALSE,TRUE,0
88c76869,3dce66a8,11,18,3000,54000,,,,FALSE,TRUE,0
9d151d71,3dce66a8,10,6,3000,18000,,,,FALSE,TRUE,0
8b9f8933,3dce66a8,8,60,3000,180000,,,,FALSE,TRUE,0
a1ea99c9,3dce66a8,14,6,5000,30000,,,,FALSE,TRUE,0
66b9aa33,3dce66a8,1,121,1200,145200,,,,FALSE,TRUE,0
fda26f18,3dce66a8,21,3,4500,13500,,,,FALSE,TRUE,0
9fffeb18,3dce66a8,5,6,3500,21000,,,,FALSE,TRUE,0
bee0eee6,3dce66a8,16,3,3000,9000,,,,FALSE,TRUE,0
6cc0432b,3dce66a8,3,18,3000,54000,,,,FALSE,TRUE,0
dfa0043e,3dce66a8,39,6,2500,15000,,,,FALSE,TRUE,0
f1dd8348,493c3ff9,1,15,1200,18000,,,,FALSE,TRUE,0
7eaccd77,493c3ff9,2,6,3000,18000,,,,FALSE,TRUE,0
977b2955,493c3ff9,8,6,3000,18000,,,,FALSE,TRUE,0
514d0b27,493c3ff9,3,5,3000,15000,,,,FALSE,TRUE,0
6befa02c,493c3ff9,39,1,2500,2500,,,,FALSE,TRUE,0
d18fa31e,493c3ff9,11,2,3000,6000,,,,FALSE,TRUE,0
5eaf3b64,493c3ff9,5,2,3500,7000,,,,FALSE,TRUE,0
e3b0cad9,493c3ff9,4,3,3000,9000,,,,FALSE,TRUE,0
8c8085aa,d0d53a52,11,1,3000,3000,,,,FALSE,TRUE,0
a8f3ba24,d0d53a52,38,2,2500,5000,,,,FALSE,TRUE,0
e000137b,d0d53a52,4,2,3000,6000,,,,FALSE,TRUE,0
084c02c7,d0d53a52,14,1,5000,5000,,,,FALSE,TRUE,0
faecb57f,d0d53a52,39,1,2500,2500,,,,FALSE,TRUE,0
bd4c4c30,d0d53a52,2,2,3000,6000,,,,FALSE,TRUE,0
2094d5e4,d0d53a52,10,1,3000,3000,,,,FALSE,TRUE,0
8e6ef8bb,d0d53a52,1,3,1200,3600,,,,FALSE,TRUE,0
dc23c969,d0d53a52,8,5,3000,15000,,,,FALSE,TRUE,0
b781f986-5ada-459f-80e8-9bb5dab288b8,ee8040ed-0e27-414b-8962-e00ac33e511a,27,1,3000,3000,,,,FALSE,FALSE,0
bebcebb4-a027-44a4-ab92-d98b8840f9da,ee8040ed-0e27-414b-8962-e00ac33e511a,16,2,3000,6000,,,,FALSE,FALSE,0
70f3f184-70cd-4d25-bae8-8cef249107f5,ee8040ed-0e27-414b-8962-e00ac33e511a,17,2,3000,6000,,,,FALSE,FALSE,0
2a255895-a236-4bed-b4a1-81fdf23d807f,ee8040ed-0e27-414b-8962-e00ac33e511a,35,1,0,0,,,,FALSE,FALSE,0
13d3a32e-a324-43d3-8955-fdc9bb4ec868,ee8040ed-0e27-414b-8962-e00ac33e511a,36,1,0,0,,,,FALSE,FALSE,0
ea23394a-8026-46fc-8f5b-d9df00eaca47,f6d934d3-20a8-40cd-babe-373175f4396b,1,30,1200,36000,,,,FALSE,FALSE,0
dcfac9a5-4cbc-4166-9091-a5f64caaad43,f6d934d3-20a8-40cd-babe-373175f4396b,8,30,3000,90000,,,,FALSE,FALSE,0
0c1c868f-f4e2-4a8d-b502-be8656e518e0,f6d934d3-20a8-40cd-babe-373175f4396b,3,2,3000,6000,,,,FALSE,FALSE,0
0c5255a9-e2f6-425e-bde0-61cef1f04155,f6d934d3-20a8-40cd-babe-373175f4396b,10,2,3000,6000,,,,FALSE,FALSE,0
bab902f1-a56e-4351-b9ba-84b89f5992b6,f6d934d3-20a8-40cd-babe-373175f4396b,11,1,3000,3000,,,,FALSE,FALSE,0
aac9dd58-c160-43eb-8bd7-450fa00abdd1,f6d934d3-20a8-40cd-babe-373175f4396b,17,1,3000,3000,,,,FALSE,FALSE,0
3221f803-7a15-446d-8dde-03a03598fd66,eed55d95-6d1d-445d-b3f6-f3b8db13bc1d,2,2,3000,6000,,,,FALSE,FALSE,0
dc0a9179-be4f-45bf-93be-ac3ca84b0409,eed55d95-6d1d-445d-b3f6-f3b8db13bc1d,3,1,3000,3000,,,,FALSE,FALSE,0
00ef60b5-caf2-4912-b5d5-7cc4bf637ea7,eed55d95-6d1d-445d-b3f6-f3b8db13bc1d,4,2,3000,6000,,,,FALSE,FALSE,0
20225bea-29f3-4368-87ae-57b2fe066098,eed55d95-6d1d-445d-b3f6-f3b8db13bc1d,11,5,3000,15000,,,,FALSE,FALSE,0
c08b996a-f4e4-439d-8570-8111c6bfd43e,eed55d95-6d1d-445d-b3f6-f3b8db13bc1d,38,6,2500,15000,,,,FALSE,FALSE,0
3ce9ed27-5150-4486-863f-802551172d5c,eed55d95-6d1d-445d-b3f6-f3b8db13bc1d,39,5,2500,12500,,,,FALSE,FALSE,0
0bdc41da-4839-4d7a-a649-3e06b5a3d1c2,9037cf52-95f4-4f3e-85fa-19f30f8cb3e3,3,1,3000,3000,,,,FALSE,FALSE,0
f708bc37-556f-45b3-9d3c-3926cea46cf4,1bd1951a-a8ce-4ed4-997d-605177cae30d,38,1,2500,2500,,,,FALSE,FALSE,0
a43e4971-023f-45a6-ba72-2f29080798a5,1bd1951a-a8ce-4ed4-997d-605177cae30d,39,2,2500,5000,,,,FALSE,FALSE,0
d98918c6-9381-40bb-adea-22dd7f9059f4,1bd1951a-a8ce-4ed4-997d-605177cae30d,1,3,1200,3600,,,,FALSE,FALSE,0
2220f734-fdc0-4131-aad7-96430594bf2a,d3a80c87-455d-4841-9763-3c85f9278001,3,3,3000,9000,,,,FALSE,FALSE,0
f29f474c-c453-4fa7-b049-7a1aaad1d72b,d3a80c87-455d-4841-9763-3c85f9278001,4,1,3000,3000,,,,FALSE,FALSE,0
a06f96ba-c171-4ea0-8b11-ad9274fb5668,d3a80c87-455d-4841-9763-3c85f9278001,38,3,2500,7500,,,,FALSE,FALSE,0
e0403815-fbab-40d0-afbe-dffbc992197b,d3a80c87-455d-4841-9763-3c85f9278001,39,3,2500,7500,,,,FALSE,FALSE,0
fa0a999a-8f4e-41c2-8ee8-fcb0f1e8cd79,23a8dc19-fa79-492d-b0b7-01734d5dcdb6,1,3,1200,3600,,,,FALSE,FALSE,0
064806ac-2bd6-441f-98b4-57bab5532af1,23a8dc19-fa79-492d-b0b7-01734d5dcdb6,8,1,3000,3000,,,,FALSE,FALSE,0
977ea97a-996a-4bea-8570-70481e76b895,83999c63-4078-4242-b41a-47bdc71ca454,3,3,3000,9000,,,,FALSE,FALSE,0
b95728a3-0f1f-41c7-9489-9e88b44e9c4a,83999c63-4078-4242-b41a-47bdc71ca454,1,6,1200,7200,,,,FALSE,FALSE,0
de931980-08c1-4254-a265-73974e2f4c99,83999c63-4078-4242-b41a-47bdc71ca454,8,6,3000,18000,,,,FALSE,FALSE,0
b21e1979-7bbb-4105-bfb8-eb71cd6cacc8,83999c63-4078-4242-b41a-47bdc71ca454,11,1,3000,3000,,,,FALSE,FALSE,0
31667648-85d5-46a4-9d5e-ee4c4a56bd44,2d561b73-15aa-45fa-859c-a466b205ea97,38,3,2500,7500,,,,FALSE,FALSE,0
cf900bc9-2207-41c7-9455-b04e6362e770,2d561b73-15aa-45fa-859c-a466b205ea97,39,3,2500,7500,,,,FALSE,FALSE,0
739b477e-27d8-4ff7-9d9a-4c40a0d2c899,2d561b73-15aa-45fa-859c-a466b205ea97,14,2,5000,10000,,,,FALSE,FALSE,0
f32552e0-05a1-4a03-8a64-46c55c57f274,23de0538-c0f0-4039-893d-9c4d4adac8f4,1,30,1200,36000,,,,FALSE,FALSE,0
0a3c7fe4-4b5c-41b0-8490-74bfc029b842,23de0538-c0f0-4039-893d-9c4d4adac8f4,2,3,3000,9000,,,,FALSE,FALSE,0
2953462e-a58d-4fdf-8795-b82599637698,23de0538-c0f0-4039-893d-9c4d4adac8f4,3,9,3000,27000,,,,FALSE,FALSE,0
bf3447b6-548b-4c7d-82a0-faf1616734c9,23de0538-c0f0-4039-893d-9c4d4adac8f4,4,12,3000,36000,,,,FALSE,FALSE,0
d67766b8-2656-4cdb-86b5-aa3c47737093,23de0538-c0f0-4039-893d-9c4d4adac8f4,6,1,5000,5000,,,,FALSE,FALSE,0
121a94c4-4024-4c4a-8c45-caf14dbacae5,23de0538-c0f0-4039-893d-9c4d4adac8f4,7,6,3000,18000,,,,FALSE,FALSE,0
1bad2768-513e-4199-8cbb-cb7f05085e28,23de0538-c0f0-4039-893d-9c4d4adac8f4,8,24,3000,72000,,,,FALSE,FALSE,0
268541a8-08f0-4a9a-8276-5fc72ee3562c,61762da6-9624-451a-b291-59374bc50b7b,2,3,3000,9000,,,,FALSE,FALSE,0
82d93881-0940-460b-86bf-1fee613b5565,61762da6-9624-451a-b291-59374bc50b7b,3,3,3000,9000,,,,FALSE,FALSE,0
d49d5611-9122-4d14-b2fb-ff1522b9c3dd,61762da6-9624-451a-b291-59374bc50b7b,8,4,3000,12000,,,,FALSE,FALSE,0
43f6bde2-1ba6-472d-8b5a-760ef8388228,61762da6-9624-451a-b291-59374bc50b7b,1,1,1200,1200,,,,FALSE,FALSE,0
52f1c746-1279-4207-970a-cf1156002244,329190fe-760e-4421-b86c-de5b3933be8e,1,0,1200,0,,bff83fa3-e40b-4684-9972-3f6d16f5d23c,d1b5f35e-070c-42b8-8138-de32dc974995,TRUE,TRUE,0
acf74141-eaa3-4861-90f5-74f436baf585,329190fe-760e-4421-b86c-de5b3933be8e,2,0,3000,0,,bff83fa3-e40b-4684-9972-3f6d16f5d23c,bce88f70-806b-4de4-9a70-3ba00a149f86,TRUE,TRUE,0
622aff87-c63c-4f5f-96ea-3f478714727c,329190fe-760e-4421-b86c-de5b3933be8e,3,1,3000,3000,,bff83fa3-e40b-4684-9972-3f6d16f5d23c,d02174e4-b332-4d95-8798-e6011b5838b4,TRUE,TRUE,0
9f15895e-e648-431e-8777-5ea8ea61aa57,329190fe-760e-4421-b86c-de5b3933be8e,4,0,3000,0,,bff83fa3-e40b-4684-9972-3f6d16f5d23c,39c936a4-0695-4a6c-881c-0b235748cdb5,TRUE,TRUE,0
233d4a3b-e5e3-4ab9-8829-c79dbaf1a0f4,329190fe-760e-4421-b86c-de5b3933be8e,17,0,3000,0,,bff83fa3-e40b-4684-9972-3f6d16f5d23c,,TRUE,TRUE,0
d9208d8b-a7d2-465d-baef-a629bf004d3b,8dc46a31-2eb6-47dd-baa9-1347c2e1190a,1,6,1200,7200,,,,FALSE,FALSE,0
1a8ca3d4-b19d-4620-a8c2-f5fbbd7b829e,8dc46a31-2eb6-47dd-baa9-1347c2e1190a,2,3,3000,9000,,,,FALSE,FALSE,0
ee8f4575-558e-44c4-bbe6-9d5e5ed49ed2,8dc46a31-2eb6-47dd-baa9-1347c2e1190a,4,3,3000,9000,,,,FALSE,FALSE,0
264cd061-dbd7-4fed-90a1-9603d9fea596,8dc46a31-2eb6-47dd-baa9-1347c2e1190a,7,3,3000,9000,,,,FALSE,FALSE,0
9589ee5e-c825-4836-a71d-9061b2a9d0e8,8dc46a31-2eb6-47dd-baa9-1347c2e1190a,8,6,3000,18000,,,,FALSE,FALSE,0
6083853c-5469-4412-9d84-ad50666939d9,8dc46a31-2eb6-47dd-baa9-1347c2e1190a,39,2,2500,5000,,,,FALSE,FALSE,0
517987fe-c1e3-49be-9f92-cc5494be3f1a,ec871410-13ae-48cf-88d5-6f36ad02468e,1,6,1200,7200,,,,FALSE,FALSE,0
40e75b1a-e52e-4784-a823-2821ba20206e,ec871410-13ae-48cf-88d5-6f36ad02468e,4,3,3000,9000,,,,FALSE,FALSE,0
c94cace3-fa01-417c-8930-1b57a840c890,ec871410-13ae-48cf-88d5-6f36ad02468e,7,3,3000,9000,,,,FALSE,FALSE,0
5bad1ee5-dc5e-40ea-a4fe-345fb2d1251f,ec871410-13ae-48cf-88d5-6f36ad02468e,8,3,3000,9000,,,,FALSE,FALSE,0
263427e0-fc72-461c-a72b-ee2569026681,ec871410-13ae-48cf-88d5-6f36ad02468e,11,2,3000,6000,,,,FALSE,FALSE,0
9bf6458e-ee4c-4ab1-9a2c-039da49f8828,a78dbb29-de89-49c8-b31e-5ee0dd86decf,8,0,3000,0,,bff83fa3-e40b-4684-9972-3f6d16f5d23c,f6321a41-638a-4d81-b78f-9688ef00d678,TRUE,TRUE,0
bc6fd4aa-9b11-435f-85ac-13807f904cc6,a78dbb29-de89-49c8-b31e-5ee0dd86decf,10,6,3000,18000,,bff83fa3-e40b-4684-9972-3f6d16f5d23c,4762a897-0427-4c4e-8a1b-a303f2f4e7d3,TRUE,TRUE,0
9e3cdf8d-1c87-4011-92af-f9d0bf882b62,a78dbb29-de89-49c8-b31e-5ee0dd86decf,10,0,3000,0,,bff83fa3-e40b-4684-9972-3f6d16f5d23c,4762a897-0427-4c4e-8a1b-a303f2f4e7d3,TRUE,TRUE,0
6c5f228a-7e01-47a7-98aa-c29d75ac0dd4,a78dbb29-de89-49c8-b31e-5ee0dd86decf,38,0,2500,0,,bff83fa3-e40b-4684-9972-3f6d16f5d23c,cd8ab9a1-4071-45fc-9f38-d137fdf08088,TRUE,TRUE,0
b4f6e74d-ac9c-427f-bef3-ef43f8335863,a78dbb29-de89-49c8-b31e-5ee0dd86decf,39,0,2500,0,,bff83fa3-e40b-4684-9972-3f6d16f5d23c,716a869e-53a9-4725-a5f5-a69069f8bf59,TRUE,TRUE,0
9fd87b01-56e6-4e7e-a9e9-1dd0079adac2,a78dbb29-de89-49c8-b31e-5ee0dd86decf,14,0,5000,0,,bff83fa3-e40b-4684-9972-3f6d16f5d23c,0814ebeb-18af-4848-b297-b161fd69ad66,TRUE,TRUE,0
4c5b6ff6-2611-4a77-a8c0-6617cf48c67a,b20ac73d-d0c4-4a54-b37d-e8f3d0001d5c,7,6,3000,18000,,,,FALSE,FALSE,0
4d44d885-571c-4da1-bc99-b12a1e2b9fa7,b20ac73d-d0c4-4a54-b37d-e8f3d0001d5c,8,6,3000,18000,,,,FALSE,FALSE,0
e6164794-9dcd-4343-891c-7a1cd6a930ee,c79e79e0-72c6-4900-8b09-4625f629f87b,1,0,1200,0,,bff83fa3-e40b-4684-9972-3f6d16f5d23c,d1b5f35e-070c-42b8-8138-de32dc974995,TRUE,TRUE,0
5f3f15cd-1f00-4338-8b0f-6c6ef5460955,c79e79e0-72c6-4900-8b09-4625f629f87b,2,0,3000,0,,bff83fa3-e40b-4684-9972-3f6d16f5d23c,bce88f70-806b-4de4-9a70-3ba00a149f86,TRUE,TRUE,0
e00e705d-613e-4c49-820f-a7e084134ecf,c79e79e0-72c6-4900-8b09-4625f629f87b,3,0,3000,0,,bff83fa3-e40b-4684-9972-3f6d16f5d23c,d02174e4-b332-4d95-8798-e6011b5838b4,TRUE,TRUE,0
7d7e2ff9-2039-4ff1-aa1e-048681162038,c79e79e0-72c6-4900-8b09-4625f629f87b,4,0,3000,0,,bff83fa3-e40b-4684-9972-3f6d16f5d23c,39c936a4-0695-4a6c-881c-0b235748cdb5,TRUE,TRUE,0
2f1618c1-8e99-44f9-b34f-e04b7540deef,c79e79e0-72c6-4900-8b09-4625f629f87b,5,0,3500,0,,bff83fa3-e40b-4684-9972-3f6d16f5d23c,95dc1d17-53c4-4764-b9e3-04579383ee3b,TRUE,TRUE,0
69475025-34ec-41b3-bc6e-c6bfb26ff760,c79e79e0-72c6-4900-8b09-4625f629f87b,6,0,5000,0,,bff83fa3-e40b-4684-9972-3f6d16f5d23c,cf5a3dfd-86ff-4cfb-98f6-a049c53c6a88,TRUE,TRUE,0
68b17820-9c35-4071-bb9f-98310e0ba9f7,c79e79e0-72c6-4900-8b09-4625f629f87b,7,0,3000,0,,bff83fa3-e40b-4684-9972-3f6d16f5d23c,89ea7338-2d5e-4ab6-aa90-9bc45f533f9e,TRUE,TRUE,0
8bcc45df-9937-46e9-9a3b-64e452e85edc,cc887886-a36c-4210-90cf-65e632e1e673,11,5,3000,15000,,,,FALSE,FALSE,0
cef70b3f-aa90-4cd6-ac3e-cd8da5297207,cc887886-a36c-4210-90cf-65e632e1e673,17,1,3000,3000,,,,FALSE,FALSE,0
9f3c6ab5-329a-475b-8a41-cfcda1458297,2edbde04-841f-451b-947a-9b17a2d88906,2,5,3000,15000,,,,FALSE,FALSE,0
0359f3d6-125f-4ec0-ba16-f6f52484516f,2edbde04-841f-451b-947a-9b17a2d88906,3,3,3000,9000,,,,FALSE,FALSE,0
c7bc0663-27a6-4583-a26a-cc67e9250eb1,2edbde04-841f-451b-947a-9b17a2d88906,7,1,3000,3000,,,,FALSE,FALSE,0
0da1d434-a7bf-40af-b753-9ccb994eca98,2edbde04-841f-451b-947a-9b17a2d88906,8,5,3000,15000,,,,FALSE,FALSE,0
86740388-eb8f-4768-ba1e-8b9007b5ff22,29aca9fd-3123-4d43-93cd-62d6bc1d7f10,1,6,1200,7200,,,,FALSE,FALSE,0
71f7d657-5f8f-4975-a60f-f5e370fd363f,29aca9fd-3123-4d43-93cd-62d6bc1d7f10,2,6,3000,18000,,,,FALSE,FALSE,0
4ce397b8-3fc6-441e-bb45-27039d4e0651,29aca9fd-3123-4d43-93cd-62d6bc1d7f10,8,6,3000,18000,,,,FALSE,FALSE,0
143e0291-c83a-4811-8c8a-50f1dad7704f,402a2ba0-1b24-4d75-ba7a-35466f367351,1,6,1200,7200,,,,FALSE,FALSE,0
8c4df3dd-5170-4572-b05e-3c01890de15e,402a2ba0-1b24-4d75-ba7a-35466f367351,7,8,3000,24000,,,,FALSE,FALSE,0
fae94df2-de78-4bc7-a533-ecd0ac8914c6,402a2ba0-1b24-4d75-ba7a-35466f367351,2,2,3000,6000,,,,FALSE,FALSE,0
02e5aa42-001b-4610-b34b-3037b4b7acc5,402a2ba0-1b24-4d75-ba7a-35466f367351,4,2,3000,6000,,,,FALSE,FALSE,0
354ccb5c-749c-4093-97d7-456d35644942,156886fa-102c-42c8-8b9f-a6e219842bee,1,4,1200,4800,,,,FALSE,FALSE,0
383d0533-4202-4459-aef2-7c010652e211,156886fa-102c-42c8-8b9f-a6e219842bee,2,6,3000,18000,,,,FALSE,FALSE,0
ffcb5a33-a9f5-4cbc-9b20-5588e6ff88a9,156886fa-102c-42c8-8b9f-a6e219842bee,8,5,3000,15000,,,,FALSE,FALSE,0
11f895eb-9c50-42a8-9a1f-18351d56eff1,156886fa-102c-42c8-8b9f-a6e219842bee,14,1,5000,5000,,,,FALSE,FALSE,0
080411b9-566e-4626-918c-1b9e13306541,ab0fd77c-0285-4320-8ec2-6019b25f2fd8,1,12,1200,14400,,,,FALSE,FALSE,0
99255e95-1c1f-4958-a685-c40813d4ede9,ab0fd77c-0285-4320-8ec2-6019b25f2fd8,2,6,3000,18000,,,,FALSE,FALSE,0
bc504932-fe41-4a8b-9d66-db9d3b2ef9df,ab0fd77c-0285-4320-8ec2-6019b25f2fd8,3,4,3000,12000,,,,FALSE,FALSE,0
8228bdcc-12ac-4db5-b47f-f41dee2b7a80,ab0fd77c-0285-4320-8ec2-6019b25f2fd8,4,3,3000,9000,,,,FALSE,FALSE,0
1c6d76a3-fe96-41b6-84be-bbc1b9e80b9b,ab0fd77c-0285-4320-8ec2-6019b25f2fd8,5,2,3500,7000,,,,FALSE,FALSE,0
0781e6e3-5ff5-4c3b-a7eb-933a431b9336,ab0fd77c-0285-4320-8ec2-6019b25f2fd8,7,6,3000,18000,,,,FALSE,FALSE,0
a77aba62-277b-4a2d-a596-412c4b70850c,ab0fd77c-0285-4320-8ec2-6019b25f2fd8,8,6,3000,18000,,,,FALSE,FALSE,0
87b3ee7f-4e76-4368-a859-6f586cec9d23,ba6747c3-3b07-4c35-989f-943034dd4af8,1,6,1200,7200,,,,FALSE,FALSE,0
39aa1f4c-f591-46c1-b33c-5dea9aa326d2,ba6747c3-3b07-4c35-989f-943034dd4af8,8,6,3000,18000,,,,FALSE,FALSE,0
cbb5198d-7761-4bcd-ba25-0935f0794da2,8cfd8dd5-cd8a-41a4-9277-d8a0952495cd,1,62,1200,74400,,,,FALSE,FALSE,0
fbabbf18-b7e5-4e24-9085-3191c244d728,8cfd8dd5-cd8a-41a4-9277-d8a0952495cd,2,14,3000,42000,,,,FALSE,FALSE,0
25e9855c-4df3-479f-ac6f-907ad8761b9b,8cfd8dd5-cd8a-41a4-9277-d8a0952495cd,3,10,3000,30000,,,,FALSE,FALSE,0
9378a985-c135-4750-b254-108dc311cffb,8cfd8dd5-cd8a-41a4-9277-d8a0952495cd,4,12,3000,36000,,,,FALSE,FALSE,0
2980a39d-69dc-4455-a4ba-4da6837042c7,8cfd8dd5-cd8a-41a4-9277-d8a0952495cd,5,2,3500,7000,,,,FALSE,FALSE,0
62197f45-a704-4cee-9670-db2b792dbd9e,8cfd8dd5-cd8a-41a4-9277-d8a0952495cd,6,1,5000,5000,,,,FALSE,FALSE,0
ac21738d-bec5-4aa8-af20-896985419db6,8cfd8dd5-cd8a-41a4-9277-d8a0952495cd,7,6,3000,18000,,,,FALSE,FALSE,0
3cb9a04d-c377-4414-837d-0096397be2a7,0cd84653-72a3-43ee-8982-399063687116,1,3,1200,3600,,,,FALSE,FALSE,0
27a74473-4ecc-4878-b766-01b13881f832,0cd84653-72a3-43ee-8982-399063687116,3,3,3000,9000,,,,FALSE,FALSE,0
cb8f5811-d7b0-46f9-a4ff-70ce46a3eea1,0cd84653-72a3-43ee-8982-399063687116,4,3,3000,9000,,,,FALSE,FALSE,0
8ec253b4-f023-4c16-94a7-4c88f5a62b5e,0cd84653-72a3-43ee-8982-399063687116,5,1,3500,3500,,,,FALSE,FALSE,0
d1bf33af-b57a-4588-8511-6d88e3c4e82a,0cd84653-72a3-43ee-8982-399063687116,14,3,5000,15000,,,,FALSE,FALSE,0
3aab33b7-05b3-4f98-b5c3-fdc48b976893,641a1514-d95e-449b-89e7-66988691f30d,1,0,1200,0,,afd5bb31-d6e3-4178-9cb3-5c79c1ed9faf,eebecfda-21fb-46c7-91ee-7e898b2afc90,TRUE,TRUE,0
80f4b823-d86c-424a-b955-b17b2cd6ac5f,641a1514-d95e-449b-89e7-66988691f30d,8,0,3000,0,,afd5bb31-d6e3-4178-9cb3-5c79c1ed9faf,6e1c5749-a94d-4257-8ccc-5979c407c7b4,TRUE,TRUE,0
b53c1d00-0eb3-4f15-a13c-ff6abaa77c10,641a1514-d95e-449b-89e7-66988691f30d,14,0,5000,0,,afd5bb31-d6e3-4178-9cb3-5c79c1ed9faf,463af585-cbfe-4bdd-afcf-7a9733ff17e9,FALSE,TRUE,0
7d15cdd7-e554-4ed5-9f77-79cdda77f177,b4829478-6a72-435c-8070-13e53ef0be7a,4,1,3000,3000,,,,FALSE,FALSE,0
2db55bae-1b29-4a0e-adec-2f9c88d50a9e,3ca039f2-9de5-4065-b564-8059782e615c,4,3,3000,9000,,,,FALSE,FALSE,0
6e45b184-b418-48a1-bfa9-cb71497f5b67,3ca039f2-9de5-4065-b564-8059782e615c,7,6,3000,18000,,,,FALSE,FALSE,0
6cc56729-178f-4614-9a2c-9c943841f4fd,3ca039f2-9de5-4065-b564-8059782e615c,10,3,3000,9000,,,,FALSE,FALSE,0
6a4b79bc-7652-4887-8ba5-61e27eaea049,3ca039f2-9de5-4065-b564-8059782e615c,38,2,2500,5000,,,,FALSE,FALSE,0
9c18d1a7-48b2-412e-bc90-b1ff2bd89740,3ca039f2-9de5-4065-b564-8059782e615c,39,1,2500,2500,,,,FALSE,FALSE,0
15e45a52-7c53-445b-947b-cb929d454de6,3ca039f2-9de5-4065-b564-8059782e615c,33,5,200,1000,,,,FALSE,FALSE,0
ab51cc50-ff7d-4823-9a93-e82118f3b8b5,3ca039f2-9de5-4065-b564-8059782e615c,34,5,200,1000,,,,FALSE,FALSE,0
3387273a-f67b-4b40-844e-3a2a1c731c1f,0836c14a-89a8-41db-8f3a-fb2c7a9ba5ed,8,6,3000,18000,,,,FALSE,FALSE,0
f7c6cbba-4bc0-4a0f-8fe6-d31e0dae5f94,0836c14a-89a8-41db-8f3a-fb2c7a9ba5ed,10,1,3000,3000,,,,FALSE,FALSE,0
3aa40854-4207-493e-be4d-ece6204a3da0,f79f6bb7-cfd7-43a0-9167-dbfcc7ef24d3,8,50,"3,000","150,000",,,,FALSE,FALSE,0
c3ad9f30-cf53-4f01-8eb0-b98cb7dbfe81,f79f6bb7-cfd7-43a0-9167-dbfcc7ef24d3,9,3,"3,000","9,000",,,,FALSE,FALSE,0
550f4cee-c365-40b9-a334-8991e9adcfb6,f79f6bb7-cfd7-43a0-9167-dbfcc7ef24d3,10,6,"3,000","18,000",,,,FALSE,FALSE,0
90976a45-46fe-43e5-ae98-fa53a91b0e07,f79f6bb7-cfd7-43a0-9167-dbfcc7ef24d3,11,6,"3,000","18,000",,,,FALSE,FALSE,0
2e8522a3-cee7-4a46-9263-5e3ad5b86c40,f79f6bb7-cfd7-43a0-9167-dbfcc7ef24d3,38,5,"2,500","12,500",,,,FALSE,FALSE,0
a722e8fa-c0ca-4d89-833a-0f251f0da603,f79f6bb7-cfd7-43a0-9167-dbfcc7ef24d3,39,5,"2,500","12,500",,,,FALSE,FALSE,0
ff7d9ef2-96bd-42e0-aa73-a7598d6eba2c,f79f6bb7-cfd7-43a0-9167-dbfcc7ef24d3,14,2,"5,000","10,000",,,,FALSE,FALSE,0
97faa9ed-2f5e-49b6-8163-69d1f53c0610,22e5145b-eca3-4f66-8c57-6f320b349dfb,1,0,"1,200",0,,2d163539-23d0-4fe7-a9c1-284cb19788cc,0aba925c-5fd5-4700-bf96-081567c207d1,TRUE,TRUE,0
43e3a781-b8d2-44c6-ad3c-b3fdd618c6f3,22e5145b-eca3-4f66-8c57-6f320b349dfb,4,0,"3,000",0,,2d163539-23d0-4fe7-a9c1-284cb19788cc,4f2f1801-dd20-48ab-bc7f-b4285208e857,TRUE,TRUE,0
327d1b82-99d7-4e60-9f17-4bfad6d0a2ce,22e5145b-eca3-4f66-8c57-6f320b349dfb,8,0,"3,000",0,,2d163539-23d0-4fe7-a9c1-284cb19788cc,488944a4-0bfe-49e0-acc8-507c954f84d1,TRUE,TRUE,0
91579e5a-10ef-4636-ae27-6be0602a13d8,f2ce1376-40c8-423e-adee-ef98eba4d27e,15,1,"3,000","3,000",,0bbf8c5b-4130-4d72-9bd1-7b879ad4aaba,e077a8a5-6d59-4cc8-8d71-c203869f79eb,TRUE,TRUE,0
0e10fb9d-2792-4e55-9ee1-a9fb3832b8e3,f2ce1376-40c8-423e-adee-ef98eba4d27e,21,1,"4,500","4,500",,,,FALSE,FALSE,0
b155982b-e0a8-45a5-9e5f-142ed3e38054,f2ce1376-40c8-423e-adee-ef98eba4d27e,10,2,"3,000","6,000",,,,FALSE,FALSE,0
43050491-2b48-4b22-913f-f9b4736dbb9e,f2ce1376-40c8-423e-adee-ef98eba4d27e,17,2,"3,000","6,000",,,,FALSE,FALSE,0
c83f3399-7662-491b-a0bb-d799d8b26ee5,d09db9a6-0a7e-4e43-b863-7890fa821e8c,1,1,"1,200","1,200",,,,FALSE,FALSE,0
07ac435c-3a9e-4e83-8315-0c5f80fb4170,d09db9a6-0a7e-4e43-b863-7890fa821e8c,3,1,"3,000","3,000",,,,FALSE,FALSE,0
efcfecaa-253e-47fc-8043-8b749ae7debc,d09db9a6-0a7e-4e43-b863-7890fa821e8c,4,6,"3,000","18,000",,,,FALSE,FALSE,0
12f12e78-b3ba-47a2-a2f7-0496ac5e5556,d09db9a6-0a7e-4e43-b863-7890fa821e8c,8,5,"3,000","15,000",,,,FALSE,FALSE,0
bae1eebb-e610-462c-b3b1-fd7f8ef93971,d09db9a6-0a7e-4e43-b863-7890fa821e8c,10,1,"3,000","3,000",,,,FALSE,FALSE,0
5fee2274-32f0-4063-a603-e791a9e2b4ed,d09db9a6-0a7e-4e43-b863-7890fa821e8c,11,1,"3,000","3,000",,,,FALSE,FALSE,0
c97994aa-6f7f-4ee7-b02a-343a72ce3971,d09db9a6-0a7e-4e43-b863-7890fa821e8c,14,1,"5,000","5,000",,,,FALSE,FALSE,0
d5abc200-d8cd-4c08-97ae-6506a4a566c1,3654fff8-c683-4320-bd94-8c8097292190,1,5,"1,200","6,000",,,,FALSE,FALSE,0
0a828d01-28d6-4979-a6c0-4aa407e61599,3654fff8-c683-4320-bd94-8c8097292190,7,3,"3,000","9,000",,,,FALSE,FALSE,0
c5bb2071-45d2-47ca-8bcc-42f85bd56965,3654fff8-c683-4320-bd94-8c8097292190,38,3,"2,500","7,500",,,,FALSE,FALSE,0
e3e25a9b-b267-4749-8466-01b3bac3e058,3654fff8-c683-4320-bd94-8c8097292190,39,3,"2,500","7,500",,,,FALSE,FALSE,0
d3050c61-2cec-485b-b27f-97de31ee8c1a,3654fff8-c683-4320-bd94-8c8097292190,36,10,20,200,,,,FALSE,FALSE,0
1fa5d57b-5e6f-48e0-b19c-268aae080437,099991f6-5efb-450e-8b97-47c63a830044,1,0,"1,200",0,,2d163539-23d0-4fe7-a9c1-284cb19788cc,0aba925c-5fd5-4700-bf96-081567c207d1,TRUE,TRUE,0
8ab26f43-eb02-4461-8b63-0d5200898528,099991f6-5efb-450e-8b97-47c63a830044,2,0,"3,000",0,,2d163539-23d0-4fe7-a9c1-284cb19788cc,4d523921-9af4-4d83-a462-d79eea8eb72b,TRUE,TRUE,0
ec24bfcd-1462-4303-893a-01023331228d,099991f6-5efb-450e-8b97-47c63a830044,3,0,"3,000",0,,2d163539-23d0-4fe7-a9c1-284cb19788cc,c13ef7f8-e3b3-4fe0-bded-4e582918f58c,TRUE,TRUE,0
6b2a4bfe-919c-4d20-8af8-86d0a24a30c5,099991f6-5efb-450e-8b97-47c63a830044,4,0,"3,000",0,,2d163539-23d0-4fe7-a9c1-284cb19788cc,4f2f1801-dd20-48ab-bc7f-b4285208e857,TRUE,TRUE,0
b51c9671-56e8-4001-ab4d-bb7dcfe25ed0,099991f6-5efb-450e-8b97-47c63a830044,6,0,"5,000",0,,2d163539-23d0-4fe7-a9c1-284cb19788cc,ad08d77c-d976-4dc5-9dd6-2314123f0904,TRUE,TRUE,0
f3a91dfc-1251-4c84-8319-ae2df1aca6f2,099991f6-5efb-450e-8b97-47c63a830044,7,0,"3,000",0,,2d163539-23d0-4fe7-a9c1-284cb19788cc,7e6b9725-8954-42ae-a0b3-f3b78a4dc40e,TRUE,TRUE,0
8b28a5b9-33ba-4da4-9165-bfc960215200,099991f6-5efb-450e-8b97-47c63a830044,8,0,"3,000",0,,2d163539-23d0-4fe7-a9c1-284cb19788cc,488944a4-0bfe-49e0-acc8-507c954f84d1,TRUE,TRUE,0
2e3104b5-c84b-4aac-b3c5-686ce03d5aaf,309316d8-6a56-49d5-930f-7641afec158e,1,12,"1,200","14,400",,,,FALSE,FALSE,0
64acbfa1-80cb-48cf-a6dc-cd4d7957f3cf,2b74324a-cd4a-4d8e-bb88-bf9306d5e0a4,1,0,"1,200",0,,2d163539-23d0-4fe7-a9c1-284cb19788cc,0aba925c-5fd5-4700-bf96-081567c207d1,TRUE,TRUE,0
aa71edf0-4298-4a34-b506-1295b877d931,2b74324a-cd4a-4d8e-bb88-bf9306d5e0a4,2,1,"3,000","3,000",,2d163539-23d0-4fe7-a9c1-284cb19788cc,4d523921-9af4-4d83-a462-d79eea8eb72b,TRUE,TRUE,0
168db538-bc61-433d-a600-1cb81db3132c,c3eb6df2-364a-411b-9ddc-f8da4c17dbd2,1,0,"1,200",0,,0ef63612-2f56-41fa-8e00-dd9038581cda,b3b92b69-1ba8-46a1-b988-20c12cf75e16,TRUE,TRUE,0
530e1968-de78-4d84-9a77-5a247dc4cd4e,c3eb6df2-364a-411b-9ddc-f8da4c17dbd2,4,0,"3,000",0,,0ef63612-2f56-41fa-8e00-dd9038581cda,adeaafab-ca84-4b65-b29e-85682d238d39,TRUE,TRUE,0
2c229539-2434-4317-8030-c4b9fed424be,c3eb6df2-364a-411b-9ddc-f8da4c17dbd2,7,0,"3,000",0,,0ef63612-2f56-41fa-8e00-dd9038581cda,e710a4d7-13be-4397-b9d1-7e076fcd3591,TRUE,TRUE,0
e0140df8-7d3a-4bdc-8bfd-077b59d91192,c3eb6df2-364a-411b-9ddc-f8da4c17dbd2,8,0,"3,000",0,,0ef63612-2f56-41fa-8e00-dd9038581cda,fb4a0d2e-059e-4046-b68d-9b346d3b95f1,TRUE,TRUE,0
8a8edb29-3b0b-4db3-9734-bd4288c6d4b5,c3eb6df2-364a-411b-9ddc-f8da4c17dbd2,11,0,"3,000",0,,0ef63612-2f56-41fa-8e00-dd9038581cda,f760b326-6599-42f1-8892-255b3ee945ac,TRUE,TRUE,0
f71f5421-4c62-4a13-a7fb-d3b1553efecc,ca3c549e-bdda-4b50-85ce-95432de60305,2,2,"3,000","6,000",,,,FALSE,FALSE,0
997d71a8-5fdf-4ced-b6b6-d67933b71367,ca3c549e-bdda-4b50-85ce-95432de60305,4,2,"3,000","6,000",,,,FALSE,FALSE,0
c57ae6ac-70c5-44a5-b7dd-d9fa356bf814,ca3c549e-bdda-4b50-85ce-95432de60305,8,3,"3,000","9,000",,,,FALSE,FALSE,0
b5ec1695-fc27-4d64-9b45-c4ed0608e14d,ca3c549e-bdda-4b50-85ce-95432de60305,10,1,"3,000","3,000",,,,FALSE,FALSE,0
282cc6d8-c76c-4611-b817-16b1505b24cf,ca3c549e-bdda-4b50-85ce-95432de60305,11,1,"3,000","3,000",,,,FALSE,FALSE,0
daaf5bd9-d306-46a9-9055-07e53dd11166,ca3c549e-bdda-4b50-85ce-95432de60305,38,2,"2,500","5,000",,,,FALSE,FALSE,0
7de6e690-dc03-4e3b-ae7e-730e886948a3,ca3c549e-bdda-4b50-85ce-95432de60305,39,1,"2,500","2,500",,,,FALSE,FALSE,0
6f5ee1d5-daab-43e9-93a6-2db259041efe,ca3c549e-bdda-4b50-85ce-95432de60305,14,1,"5,000","5,000",,,,FALSE,FALSE,0
d83e48e5-4c55-41fe-b682-5a02ae787d5e,91b40baf-58c1-4c83-bd54-cb32947aeb07,2,6,"3,000","18,000",,,,FALSE,FALSE,0
c05a2474-b0b9-48fc-8afe-498ac12ed474,91b40baf-58c1-4c83-bd54-cb32947aeb07,3,3,"3,000","9,000",,,,FALSE,FALSE,0
de44d23d-367d-4020-855c-d70e237ded76,91b40baf-58c1-4c83-bd54-cb32947aeb07,17,1,"3,000","3,000",,,,FALSE,FALSE,0
04a1a1e0,49bfa7f6,8,2,3000,6000,,0bbf8c5b-4130-4d72-9bd1-7b879ad4aaba,75b1f942-c98c-4457-9ca5-7963d0b0cce0,FALSE,TRUE,0
639a0436,49bfa7f6,5,2,3500,7000,,0bbf8c5b-4130-4d72-9bd1-7b879ad4aaba,fde2c299-7166-40ba-8af2-96ab9cea165f,FALSE,TRUE,0
a79d8e70,49bfa7f6,3,2,3000,6000,,0bbf8c5b-4130-4d72-9bd1-7b879ad4aaba,60d02355-00fc-4e33-b8d4-38cef2796371,FALSE,TRUE,0
d3ab0cb8,ac0e9665,1,0,1200,0,,0ef63612-2f56-41fa-8e00-dd9038581cda,b3b92b69-1ba8-46a1-b988-20c12cf75e16,TRUE,TRUE,0
4804cd3a,ac0e9665,8,0,3000,0,,0ef63612-2f56-41fa-8e00-dd9038581cda,fb4a0d2e-059e-4046-b68d-9b346d3b95f1,TRUE,TRUE,0
6b8c4237,ac0e9665,14,0,5000,0,,0ef63612-2f56-41fa-8e00-dd9038581cda,e648d4fd-507c-4a1e-9cbf-ddc7b8e2e491,TRUE,TRUE,0
f0304607,5deabfbd,1,0,1200,0,,0ef63612-2f56-41fa-8e00-dd9038581cda,b3b92b69-1ba8-46a1-b988-20c12cf75e16,TRUE,TRUE,0
67488999,5deabfbd,14,1,5000,5000,,0ef63612-2f56-41fa-8e00-dd9038581cda,e648d4fd-507c-4a1e-9cbf-ddc7b8e2e491,TRUE,TRUE,0
48585a2e,5deabfbd,8,0,3000,0,,0ef63612-2f56-41fa-8e00-dd9038581cda,fb4a0d2e-059e-4046-b68d-9b346d3b95f1,TRUE,TRUE,0
88f508ab,a78dbb29-de89-49c8-b31e-5ee0dd86decf,11,0,3000,0,,bff83fa3-e40b-4684-9972-3f6d16f5d23c,3c413d26-7871-4b96-94d1-017e0f685d99,TRUE,TRUE,0
9457f25f,a78dbb29-de89-49c8-b31e-5ee0dd86decf,11,0,3000,0,,bff83fa3-e40b-4684-9972-3f6d16f5d23c,,TRUE,TRUE,0
2c5a806c,c88a2002,8,0,3000,0,,0756168b-6082-4ad0-a184-025dcb441081,e92200cf-96c5-41e2-9874-55272d79cadd,TRUE,TRUE,0
194a50cc,c88a2002,7,0,3000,0,,0756168b-6082-4ad0-a184-025dcb441081,31b70655-f2e9-4ba4-8c9b-54a401dc6375,TRUE,TRUE,0
e39cb2b8,c88a2002,2,0,3000,0,,0756168b-6082-4ad0-a184-025dcb441081,cb9499e0-6e61-4dce-8469-5e036891df96,TRUE,TRUE,0
28be9d36,c88a2002,1,0,1200,0,,0756168b-6082-4ad0-a184-025dcb441081,9f65dda8-0042-459b-a740-c54ad9df22cf,TRUE,TRUE,0
8d8ad102,c88a2002,11,0,3000,0,,0756168b-6082-4ad0-a184-025dcb441081,81aa4e76-f369-4350-9ba8-214935d44f55,TRUE,TRUE,0
f62841de,1b59aa07,2,2,3000,6000,,8a9bbb10-9ed1-4256-9b8e-e6b537ffb5ca,78385dc7-067a-446d-b52a-ac8554aa2105,FALSE,TRUE,0
750dbd41,1b59aa07,8,4,3000,12000,,,,FALSE,TRUE,0
b541f794,1b59aa07,3,1,3000,3000,,,,FALSE,TRUE,0
700296f3,1b59aa07,7,2,3000,6000,,,,FALSE,TRUE,0
302880d2,1b59aa07,4,3,3000,9000,,,,FALSE,TRUE,0
bcb81748,1b59aa07,6,1,5000,5000,,,,FALSE,TRUE,0
e1d5bcc0,1b59aa07,1,10,1200,12000,,,,FALSE,TRUE,0
6855a4f8,4ec7ae32,7,7,3000,21000,,2d163539-23d0-4fe7-a9c1-284cb19788cc,7e6b9725-8954-42ae-a0b3-f3b78a4dc40e,FALSE,TRUE,0
abf870c3,4ec7ae32,3,24,3000,72000,,2d163539-23d0-4fe7-a9c1-284cb19788cc,c13ef7f8-e3b3-4fe0-bded-4e582918f58c,FALSE,TRUE,0
068938aa,4ec7ae32,4,12,3000,36000,,2d163539-23d0-4fe7-a9c1-284cb19788cc,4f2f1801-dd20-48ab-bc7f-b4285208e857,FALSE,TRUE,0
79cd5551,4ec7ae32,2,24,3000,72000,,2d163539-23d0-4fe7-a9c1-284cb19788cc,4d523921-9af4-4d83-a462-d79eea8eb72b,FALSE,TRUE,0
4b30f1e0,4ec7ae32,1,67,1200,80400,,2d163539-23d0-4fe7-a9c1-284cb19788cc,0aba925c-5fd5-4700-bf96-081567c207d1,FALSE,TRUE,0
96137d41,4ec7ae32,10,6,3000,18000,,2d163539-23d0-4fe7-a9c1-284cb19788cc,,FALSE,TRUE,0
8ec1b1e7,4ec7ae32,8,60,3000,180000,,2d163539-23d0-4fe7-a9c1-284cb19788cc,488944a4-0bfe-49e0-acc8-507c954f84d1,FALSE,TRUE,0
3829f4ea,4ca387df,8,2,3000,6000,,0ef63612-2f56-41fa-8e00-dd9038581cda,fb4a0d2e-059e-4046-b68d-9b346d3b95f1,FALSE,TRUE,0
e1398b16,4ca387df,1,1,1200,1200,,0ef63612-2f56-41fa-8e00-dd9038581cda,b3b92b69-1ba8-46a1-b988-20c12cf75e16,FALSE,TRUE,0
692c75e1,4ca387df,14,1,5000,5000,,0ef63612-2f56-41fa-8e00-dd9038581cda,,FALSE,TRUE,0
6aee4a58,4c54eed1,8,1,3000,3000,,0ef63612-2f56-41fa-8e00-dd9038581cda,fb4a0d2e-059e-4046-b68d-9b346d3b95f1,FALSE,TRUE,0
f58b877e,4c54eed1,11,1,3000,3000,,0ef63612-2f56-41fa-8e00-dd9038581cda,,FALSE,TRUE,0
af5eeb31,4c54eed1,4,1,3000,3000,,0ef63612-2f56-41fa-8e00-dd9038581cda,,FALSE,TRUE,0
42991a0e,4c54eed1,1,2,1200,2400,,0ef63612-2f56-41fa-8e00-dd9038581cda,b3b92b69-1ba8-46a1-b988-20c12cf75e16,FALSE,TRUE,0
8bb745ce,4c54eed1,7,1,3000,3000,,0ef63612-2f56-41fa-8e00-dd9038581cda,,FALSE,TRUE,0
6765cb5b,16176f3e,10,0,3000,0,,bff83fa3-e40b-4684-9972-3f6d16f5d23c,4762a897-0427-4c4e-8a1b-a303f2f4e7d3,TRUE,TRUE,0
ac20e7dd,16176f3e,8,0,3000,0,,bff83fa3-e40b-4684-9972-3f6d16f5d23c,f6321a41-638a-4d81-b78f-9688ef00d678,TRUE,TRUE,0
a03dddc8,16176f3e,39,0,2500,0,,bff83fa3-e40b-4684-9972-3f6d16f5d23c,716a869e-53a9-4725-a5f5-a69069f8bf59,TRUE,TRUE,0
2c325ce5,16176f3e,14,0,5000,0,,bff83fa3-e40b-4684-9972-3f6d16f5d23c,0814ebeb-18af-4848-b297-b161fd69ad66,TRUE,TRUE,0
0109d4a4,16176f3e,11,0,3000,0,,bff83fa3-e40b-4684-9972-3f6d16f5d23c,3c413d26-7871-4b96-94d1-017e0f685d99,TRUE,TRUE,0
adc33ea5,16176f3e,38,0,2500,0,,bff83fa3-e40b-4684-9972-3f6d16f5d23c,cd8ab9a1-4071-45fc-9f38-d137fdf08088,TRUE,TRUE,0
16edb8c4,92833db1,1,1,1200,1200,,,,TRUE,TRUE,0
af82834a,e38a2043,4,24,3000,72000,,,,FALSE,TRUE,0
17885505,e38a2043,17,3,3000,9000,,,,FALSE,TRUE,0
7b5da856,e38a2043,38,6,2500,15000,,,,FALSE,TRUE,0
1f5b7965,e38a2043,10,6,3000,18000,,,,FALSE,TRUE,0
d41126de,e38a2043,39,6,2500,15000,,,,FALSE,TRUE,0
5efea88e,e38a2043,8,60,3000,180000,,,,FALSE,TRUE,0
786a27cd,e38a2043,14,6,5000,30000,,,,FALSE,TRUE,0
38ba21fb,e38a2043,3,36,3000,108000,,,,FALSE,TRUE,0
1d0e2f41,e38a2043,6,2,5000,10000,,,,FALSE,TRUE,0
ec57179b,e38a2043,7,18,3000,54000,,,,FALSE,TRUE,0
e4c1d1e2,e38a2043,11,6,3000,18000,,,,FALSE,TRUE,0
35d280fa,e38a2043,1,120,1200,144000,,,,FALSE,TRUE,0
f7749536,e38a2043,5,6,3500,21000,,,,FALSE,TRUE,0
97cb0045,e38a2043,2,36,3000,108000,,,,FALSE,TRUE,0
7f57064f,2d94a754,2,2,3000,6000,,,,FALSE,TRUE,0
fc2bb0f0,2d94a754,1,10,1200,12000,,,,FALSE,TRUE,0
c462174c,2d94a754,11,1,3000,3000,,,,FALSE,TRUE,0
6eb37c41,2d94a754,8,7,3000,21000,,,,FALSE,TRUE,0
2c6a9f00,2d94a754,7,1,3000,3000,,,,FALSE,TRUE,0
2343a342-ed46-4749-b59c-756c08699623,7c64803a-38a4-4c4f-91ec-284c4b61ba76,1,6,1200,7200,,,,FALSE,TRUE,0
7f16319c-c44e-4f73-b181-2a2662b9f355,7c64803a-38a4-4c4f-91ec-284c4b61ba76,3,1,3000,3000,,,,FALSE,TRUE,0
d85e05a3-b07c-49b0-9b9a-3e26b333912c,7c64803a-38a4-4c4f-91ec-284c4b61ba76,4,1,3000,3000,,,,FALSE,TRUE,0
89b33f24-aeca-4658-866f-d2581cc61031,7c64803a-38a4-4c4f-91ec-284c4b61ba76,6,1,5000,5000,,,,FALSE,TRUE,0
fa98bb46-448e-48c5-974b-424d4cdb3ef9,7c64803a-38a4-4c4f-91ec-284c4b61ba76,7,1,3000,3000,,,,FALSE,TRUE,0
0461a68d-0694-4bf5-83d6-358b2d891e26,7c64803a-38a4-4c4f-91ec-284c4b61ba76,8,4,3000,12000,,,,FALSE,TRUE,0
1ba43eb3-833e-4af1-bcc5-899d201d01f8,f4f87a81-67d9-4b44-b70e-da19e5e35139,24,3,3000,9000,,,,FALSE,TRUE,0
739ffa8b-b267-41e6-ab6e-604f960d3ee1,f4f87a81-67d9-4b44-b70e-da19e5e35139,17,3,3000,9000,,,,FALSE,TRUE,0
6de495d0-6ca3-4891-88ff-10dbec1c56ec,a60c1f8c-4494-48e9-92aa-8059a8475685,4,12,3000,36000,,,,FALSE,TRUE,0
550ab538-fae2-496f-a502-35e544b6badf,93bf2eb8-171a-4df4-9023-75535c0dec0d,1,12,1200,14400,,,,FALSE,TRUE,0
66ec69d9-a233-4e25-96e8-803cca9e15d9,93bf2eb8-171a-4df4-9023-75535c0dec0d,3,3,3000,9000,,,,FALSE,TRUE,0
1b68e639-e952-4fbb-9d7e-b2d49355d89a,93bf2eb8-171a-4df4-9023-75535c0dec0d,4,3,3000,9000,,,,FALSE,TRUE,0
e09186a3-25d1-4821-9b2e-a2f1e23e112c,93bf2eb8-171a-4df4-9023-75535c0dec0d,6,2,5000,10000,,,,FALSE,TRUE,0
fc74f7ed-f567-4bc9-841d-bf2c56462390,93bf2eb8-171a-4df4-9023-75535c0dec0d,11,3,3000,9000,,,,FALSE,TRUE,0
5b8ba14f-733e-4b94-8a55-51feef0cbc59,93bf2eb8-171a-4df4-9023-75535c0dec0d,14,2,5000,10000,,,,FALSE,TRUE,0
8cd2fc65-cf46-420e-90e1-fffda7a809cb,93bf2eb8-171a-4df4-9023-75535c0dec0d,23,1,3000,3000,,,,FALSE,TRUE,0
b20b50b0-7f0c-4936-877c-dd33a8ee742a,91da90e1-7298-40f2-bf12-1f710d882d7d,39,1,2500,2500,,,,FALSE,TRUE,0
223c27cc-6d1c-45cf-b11b-56dadb6f5ee4,97d01b3c-60f7-496b-9191-43b5cab24b89,38,1,2500,2500,,,,FALSE,TRUE,0
cd4cb7d4-7d73-4413-8707-b28fccb83660,97d01b3c-60f7-496b-9191-43b5cab24b89,39,1,2500,2500,,,,FALSE,TRUE,0
08e0c9e1-4a92-408c-857a-1401de51e508,97d01b3c-60f7-496b-9191-43b5cab24b89,14,1,5000,5000,,,,FALSE,TRUE,0
458e2917-4508-4f5e-bbf0-8bd4d332d0e4,79427b88-2689-4e14-a172-9d275dd7545f,1,1,1200,1200,,,,FALSE,TRUE,0
bdd42455-c32d-4aa5-aa99-c1737520f199,79427b88-2689-4e14-a172-9d275dd7545f,3,1,3000,3000,,,,FALSE,TRUE,0
7cde0ecb-c397-4f4b-b026-b415c56f2a27,79427b88-2689-4e14-a172-9d275dd7545f,8,6,3000,18000,,,,FALSE,TRUE,0
ae5b355e-721f-4693-a3e0-2d5242478d8a,79427b88-2689-4e14-a172-9d275dd7545f,11,1,3000,3000,,,,FALSE,TRUE,0
c3b9e8cd-b16f-4133-b28a-6346507bcc51,a3ae91e2-9541-4394-9cc9-aa8353ee3dc1,39,2,2500,5000,,,,FALSE,TRUE,0
f2184ae2-0057-4424-8e1d-db753891180e,a3ae91e2-9541-4394-9cc9-aa8353ee3dc1,14,1,5000,5000,,,,FALSE,TRUE,0
92bc81b4-0838-4c62-a093-3751066fd8e7,231d402a-5978-4ecc-a1a5-9d9aacda1b6d,4,6,3000,18000,,,,FALSE,TRUE,0
f8c8ecf3-9ad4-4a3b-afad-4f6b8787ba62,231d402a-5978-4ecc-a1a5-9d9aacda1b6d,5,3,3500,10500,,,,FALSE,TRUE,0
a7336f08-ae78-46cd-a64b-5b343817e4a8,231d402a-5978-4ecc-a1a5-9d9aacda1b6d,8,12,3000,36000,,,,FALSE,TRUE,0
c1b39172-e6ac-4cbc-97bc-c5f0b79a6f45,231d402a-5978-4ecc-a1a5-9d9aacda1b6d,39,1,2500,2500,,,,FALSE,TRUE,0
1af8f8f5-f9d5-4f5a-8e77-b81ee8e2d19a,231d402a-5978-4ecc-a1a5-9d9aacda1b6d,14,1,5000,5000,,,,FALSE,TRUE,0
ee361662-ae06-4f37-8447-3d461b9fb510,db91352d-cc03-4bb1-9adb-99b423aa2811,1,12,1200,14400,,,,FALSE,TRUE,0
61846959-f4e0-4e6a-a06c-423847e754e6,db91352d-cc03-4bb1-9adb-99b423aa2811,6,1,5000,5000,,,,FALSE,TRUE,0
0c676f6d-55a2-444b-b206-7731a81e0bfa,db91352d-cc03-4bb1-9adb-99b423aa2811,38,1,2500,2500,,,,FALSE,TRUE,0
d919be50-1563-4664-be1e-4964ac1016c6,db91352d-cc03-4bb1-9adb-99b423aa2811,26,1,3000,3000,,,,FALSE,TRUE,0
ceb6aadd-f826-48e2-b506-e67b9df02bfc,f7df50f3-f383-4fcf-a3c1-31b8b5e50340,2,6,3000,18000,,,,FALSE,TRUE,0
f64c9480-2b3d-4a9e-8640-b76375989ad7,f7df50f3-f383-4fcf-a3c1-31b8b5e50340,3,3,3000,9000,,,,FALSE,TRUE,0
46ba1750-fd9c-448f-a316-8d5608a2640e,f7df50f3-f383-4fcf-a3c1-31b8b5e50340,5,3,3500,10500,,,,FALSE,TRUE,0
51b24f25-39a4-4aae-82be-25df545a68a8,f7df50f3-f383-4fcf-a3c1-31b8b5e50340,7,6,3000,18000,,,,FALSE,TRUE,0
d50df407-3842-42d1-8249-1fd47d8b4355,f7df50f3-f383-4fcf-a3c1-31b8b5e50340,8,6,3000,18000,,,,FALSE,TRUE,0
03d8d077-7f7b-4121-9d65-0db6a2785e0e,f7df50f3-f383-4fcf-a3c1-31b8b5e50340,11,3,3000,9000,,,,FALSE,TRUE,0
772995df-1bd9-4aa7-a00a-9b8d5c529b14,f7df50f3-f383-4fcf-a3c1-31b8b5e50340,39,3,2500,7500,,,,FALSE,TRUE,0
4462eceb-6f40-457b-9657-15d1b25fc0b6,cdf33351-14d0-4aee-8611-8a51fd6bad5f,1,5,1200,6000,,,,FALSE,TRUE,0
9f61efa6-4aa8-4020-b31d-8df0b769beb4,cdf33351-14d0-4aee-8611-8a51fd6bad5f,3,2,3000,6000,,,,FALSE,TRUE,0
c6b79475-744c-4019-b3aa-03621bb82d5f,cdf33351-14d0-4aee-8611-8a51fd6bad5f,5,2,3500,7000,,,,FALSE,TRUE,0
a46ce614-d97a-4333-9740-f22c2c6b21be,cdf33351-14d0-4aee-8611-8a51fd6bad5f,8,12,3000,36000,,,,FALSE,TRUE,0
767798e8-23e7-4c26-96b7-69d48793d25a,cdf33351-14d0-4aee-8611-8a51fd6bad5f,38,3,2500,7500,,,,FALSE,TRUE,0
ed96f167-3eef-44ed-8733-d6194a466d76,cdf33351-14d0-4aee-8611-8a51fd6bad5f,39,3,2500,7500,,,,FALSE,TRUE,0
7dbf4bab-407e-4665-aa45-dbfec864c1c3,7147760c-9646-4646-a6bd-45d9fc3f81f7,2,18,3000,54000,,,,FALSE,TRUE,0
113486e1-54c6-4b8a-8131-95a292102538,7147760c-9646-4646-a6bd-45d9fc3f81f7,3,12,3000,36000,,,,FALSE,TRUE,0
79b29e4e-8096-4d5f-911a-673afd547142,7147760c-9646-4646-a6bd-45d9fc3f81f7,4,12,3000,36000,,,,FALSE,TRUE,0
a5365522-09a7-4ae8-a6db-487f17a3b849,7147760c-9646-4646-a6bd-45d9fc3f81f7,7,6,3000,18000,,,,FALSE,TRUE,0
6a2f843e-e7c9-49e6-b56f-3fb26246282a,7147760c-9646-4646-a6bd-45d9fc3f81f7,8,12,3000,36000,,,,FALSE,TRUE,0
339cbd04-8d4b-4145-859a-b9fa2da0bee2,7147760c-9646-4646-a6bd-45d9fc3f81f7,14,6,5000,30000,,,,FALSE,TRUE,0
903a7601-9158-473c-8a16-f1d58c972365,d31ebcaf-197b-4200-ba2d-d9cd03ea88f6,38,1,2500,2500,,,,FALSE,TRUE,0
da38c2e6-7083-443c-951b-f510c2c5a8c1,d31ebcaf-197b-4200-ba2d-d9cd03ea88f6,39,1,2500,2500,,,,FALSE,TRUE,0
56e73dcd-e8f4-4004-a696-07e03a7fdefe,d31ebcaf-197b-4200-ba2d-d9cd03ea88f6,14,2,5000,10000,,,,FALSE,TRUE,0
35420153-7d73-4177-b621-31d85ff1a619,182b951f-5cc6-4713-87cc-cedff50963cd,2,6,3000,18000,,,,FALSE,TRUE,0
87bef00a-6ebf-48cc-8b1d-c2a27f945cbf,182b951f-5cc6-4713-87cc-cedff50963cd,4,6,3000,18000,,,,FALSE,TRUE,0
d5faf4cc-b94b-41a3-b878-b7239e28a483,182b951f-5cc6-4713-87cc-cedff50963cd,7,6,3000,18000,,,,FALSE,TRUE,0
1425294e-c0a3-41fc-91a7-4c6583f5b071,182b951f-5cc6-4713-87cc-cedff50963cd,8,12,3000,36000,,,,FALSE,TRUE,0
7d1031e2-1314-4d49-82bf-bb767cb94893,182b951f-5cc6-4713-87cc-cedff50963cd,11,3,3000,9000,,,,FALSE,TRUE,0
767070ec-44cd-42c4-8bfa-eff1ebc3ae8d,86566c25-473f-490a-b818-67f0bb12ba25,1,18,1200,21600,,,,FALSE,TRUE,0
70b8d260-ee44-427c-a898-9bc31ab9e01a,86566c25-473f-490a-b818-67f0bb12ba25,8,5,3000,15000,,,,FALSE,TRUE,0
fdbb00d4-a960-417b-8984-24df8a56fa57,86566c25-473f-490a-b818-67f0bb12ba25,17,1,3000,3000,,,,FALSE,TRUE,0
8645e4c9-fd2e-4a31-aa7e-0e88ecb3881d,45457212-2aee-42f6-aef5-523c497dbcb3,1,30,1200,36000,,,,FALSE,TRUE,0
cb98170b-3055-4120-8938-55a399c251dc,45457212-2aee-42f6-aef5-523c497dbcb3,3,12,3000,36000,,,,FALSE,TRUE,0
03c98cc0-bff3-4f0d-b7db-b56d25e63908,45457212-2aee-42f6-aef5-523c497dbcb3,4,12,3000,36000,,,,FALSE,TRUE,0
9abf7755-780f-4794-a06b-73996f9a9183,45457212-2aee-42f6-aef5-523c497dbcb3,7,6,3000,18000,,,,FALSE,TRUE,0
e6d487c0-ceea-4418-ab88-a9b0e69d5964,45457212-2aee-42f6-aef5-523c497dbcb3,8,30,3000,90000,,,,FALSE,TRUE,0
d07509c6-7d5e-4530-a0e4-b9be9e687616,45457212-2aee-42f6-aef5-523c497dbcb3,11,6,3000,18000,,,,FALSE,TRUE,0
3436a8fe-5e7e-4635-92df-dacf9372f783,45457212-2aee-42f6-aef5-523c497dbcb3,38,2,2500,5000,,,,FALSE,TRUE,0
e4dcd390-b167-4200-9452-7fc7b8e8d3bf,f1855832-77e7-403f-8b7d-d13d0ccf3644,3,2,3000,6000,,,,FALSE,TRUE,0
fb21a84a-577e-4b4f-a97b-ca77d7c35b6d,f1855832-77e7-403f-8b7d-d13d0ccf3644,38,1,2500,2500,,,,FALSE,TRUE,0
c2cb75bf-d604-4a9e-8071-40048f4d789e,884af249-f439-47f6-9983-358f248ffac3,1,6,1200,7200,,,,FALSE,TRUE,0
f25713e9-2380-41a5-a771-478e001ad970,884af249-f439-47f6-9983-358f248ffac3,2,1,3000,3000,,,,FALSE,TRUE,0
f2cf28d2-d6b8-4942-9588-89c8bb6f99af,884af249-f439-47f6-9983-358f248ffac3,3,1,3000,3000,,,,FALSE,TRUE,0
7300d773-540c-4e62-aecf-c19742e6e4a4,884af249-f439-47f6-9983-358f248ffac3,4,3,3000,9000,,,,FALSE,TRUE,0
c00606eb-97e0-4a14-8ca4-f7c1606bb777,884af249-f439-47f6-9983-358f248ffac3,7,6,3000,18000,,,,FALSE,TRUE,0
af8079e1-2ec5-4b4e-9438-77b5fb069a08,884af249-f439-47f6-9983-358f248ffac3,8,5,3000,15000,,,,FALSE,TRUE,0
dbc8ed91-ba4d-46a0-8db9-ae1c0130b30e,c58006a5-629c-4e06-b243-b69a5b2846ae,3,3,3000,9000,,,,FALSE,TRUE,0
97e0f10c-d946-4824-b4f4-508b08308d12,c58006a5-629c-4e06-b243-b69a5b2846ae,11,2,3000,6000,,,,FALSE,TRUE,0
c4419bef-617c-4165-8b2e-e0c756d411c0,ce50ae36-d22f-4680-a6f1-201747aab12e,2,3,3000,9000,,,,FALSE,TRUE,0
43adc45f-f600-43f6-be3c-4402432126f5,ce50ae36-d22f-4680-a6f1-201747aab12e,7,12,3000,36000,,,,FALSE,TRUE,0
a508c100-21de-4f16-a183-be4cce11f0c7,ce50ae36-d22f-4680-a6f1-201747aab12e,8,12,3000,36000,,,,FALSE,TRUE,0
f3c025ad-9d11-4ccc-bd26-3dad73cccff9,ce50ae36-d22f-4680-a6f1-201747aab12e,11,2,3000,6000,,,,FALSE,TRUE,0
3ed7f90f-5bab-46f8-acb7-a95259a5da02,01cb70a7-380b-476d-82b0-b692b6da19a1,4,1,3000,3000,,,,FALSE,TRUE,0
b5451c0b-c7a7-49cb-9644-82a794482d8b,eb92a0cb-d405-4990-8616-fd42dbc66c32,1,60,1200,72000,,,,FALSE,TRUE,0
971adde7-bc33-4ffc-bd6a-f97610a18c8a,eb92a0cb-d405-4990-8616-fd42dbc66c32,2,12,3000,36000,,,,FALSE,TRUE,0
115900d6-e739-44d7-be93-be1846c980f3,eb92a0cb-d405-4990-8616-fd42dbc66c32,3,6,3000,18000,,,,FALSE,TRUE,0
27066058-7f8d-4736-81c2-6eb9745dd9c6,eb92a0cb-d405-4990-8616-fd42dbc66c32,4,6,3000,18000,,,,FALSE,TRUE,0
cf2b5481-1606-4587-8070-3f484787423e,eb92a0cb-d405-4990-8616-fd42dbc66c32,5,6,3500,21000,,,,FALSE,TRUE,0
0ca03ae5-f237-4090-adab-6e2f9e458992,eb92a0cb-d405-4990-8616-fd42dbc66c32,6,4,5000,20000,,,,FALSE,TRUE,0
a69456e3-8c3a-44d8-8200-9443affd54d5,eb92a0cb-d405-4990-8616-fd42dbc66c32,7,6,3000,18000,,,,FALSE,TRUE,0
165ca4a0-6b3b-4a31-8a36-31ce15919df4,a3cebcf1-aa34-4e32-ae95-a89815535962,1,12,1200,14400,,,,FALSE,TRUE,0
783ebd1e-2864-48bb-8fdd-1465adc9e709,a3cebcf1-aa34-4e32-ae95-a89815535962,5,1,3500,3500,,,,FALSE,TRUE,0
34fa4aa2-1f88-4c0b-9513-4a676245e7ba,a3cebcf1-aa34-4e32-ae95-a89815535962,15,2,3000,6000,,,,FALSE,TRUE,0
45483805-71c3-4599-9dc4-ab5b7ba13104,0e415d10-9044-42bf-91a4-d2a40751da18,1,42,1200,50400,,,,FALSE,TRUE,0
e6118619-2526-4dfd-b8b5-bf3ea7de3b60,0e415d10-9044-42bf-91a4-d2a40751da18,3,4,3000,12000,,,,FALSE,TRUE,0
0b91458f-3dd1-4b44-8296-da2373f3dad2,0e415d10-9044-42bf-91a4-d2a40751da18,5,1,3500,3500,,,,FALSE,TRUE,0
58313636-bfd6-4ed4-920f-a63fb68bbdb7,0e415d10-9044-42bf-91a4-d2a40751da18,7,6,3000,18000,,,,FALSE,TRUE,0
9c32beb2-ead1-4424-9c8c-cf8816ed2ac5,0e415d10-9044-42bf-91a4-d2a40751da18,8,42,3000,126000,,,,FALSE,TRUE,0
e211dd54-11b4-439c-b6ed-63190256d09e,0e415d10-9044-42bf-91a4-d2a40751da18,11,2,3000,6000,,,,FALSE,TRUE,0
d8e76279-c493-436e-90e9-e9c15dc23cc1,0e415d10-9044-42bf-91a4-d2a40751da18,38,2,2500,5000,,,,FALSE,TRUE,0
dc98607d-b70e-462a-89c3-78c430d1a32d,1d923067-771c-450a-895a-7e4aa4efdf60,39,2,2500,5000,,,,FALSE,TRUE,0
b7bf6f64-e059-41ab-8324-a30229bd5b70,95e1dcf1-f7e8-4e0a-82cc-596119974af0,8,54,3000,162000,,,,FALSE,TRUE,0
f725958d-3b81-4734-b6fb-4f8de26b6919,95e1dcf1-f7e8-4e0a-82cc-596119974af0,9,2,3000,6000,,,,FALSE,TRUE,0
05f97c80-8c95-411f-9683-63d0f30a50d8,95e1dcf1-f7e8-4e0a-82cc-596119974af0,10,2,3000,6000,,,,FALSE,TRUE,0
7514da19-ca98-4047-8dde-f8bdf163c4c1,95e1dcf1-f7e8-4e0a-82cc-596119974af0,11,2,3000,6000,,,,FALSE,TRUE,0
722dd279-9ad5-4785-a81c-47f1b5603a20,95e1dcf1-f7e8-4e0a-82cc-596119974af0,38,2,2500,5000,,,,FALSE,TRUE,0
26016a0e-36f2-4fa7-9c21-064ecb1393ba,95e1dcf1-f7e8-4e0a-82cc-596119974af0,39,2,2500,5000,,,,FALSE,TRUE,0
276b071e-4825-478e-92ca-58028caf27ff,95e1dcf1-f7e8-4e0a-82cc-596119974af0,14,4,5000,20000,,,,FALSE,TRUE,0
ac6f0bc5-e5b8-4879-8009-c9b0d99dad44,90480ea8-166a-4bc5-b5fe-0bfaf6a9d8c5,1,18,1200,21600,,,,FALSE,TRUE,0
fcde09d7-2acb-45eb-aa0c-246922095ae4,022716d3-65ce-4878-ac4e-b5055f3c8111,1,3,1200,3600,,,,FALSE,TRUE,0
fe65b52f-3b74-4e71-bbbc-b970e89846d3,022716d3-65ce-4878-ac4e-b5055f3c8111,2,3,3000,9000,,,,FALSE,TRUE,0
8ccf5f6f-87d8-4b2b-b24f-956b54acf07a,022716d3-65ce-4878-ac4e-b5055f3c8111,3,3,3000,9000,,,,FALSE,TRUE,0
c6da3523-9043-43ce-89d5-130e07a1b6ba,022716d3-65ce-4878-ac4e-b5055f3c8111,4,2,3000,6000,,,,FALSE,TRUE,0
aad75b15-259c-473f-bba0-70053af69602,022716d3-65ce-4878-ac4e-b5055f3c8111,8,4,3000,12000,,,,FALSE,TRUE,0
0fe5fb42-89d3-4dc7-82e9-ecaa3f0fc2be,022716d3-65ce-4878-ac4e-b5055f3c8111,9,1,3000,3000,,,,FALSE,TRUE,0
cf4004c0-9f0c-4daf-b20f-d7bc4cc1e862,022716d3-65ce-4878-ac4e-b5055f3c8111,39,1,2500,2500,,,,FALSE,TRUE,0
8d4c7138-25b2-4cb6-9b99-b5edb2ed259d,903ecafe-b6b7-4420-a348-9b5f21508f7d,1,10,1200,12000,,,,FALSE,TRUE,0
95409f07-6a5f-476b-bd1f-c76ab01cfbb0,903ecafe-b6b7-4420-a348-9b5f21508f7d,2,1,3000,3000,,,,FALSE,TRUE,0
d5789d54-7150-4814-a975-b3c9e98fb5dc,903ecafe-b6b7-4420-a348-9b5f21508f7d,3,2,3000,6000,,,,FALSE,TRUE,0
f6230c0b-19f6-4887-99c3-bb8fd839ba18,903ecafe-b6b7-4420-a348-9b5f21508f7d,4,1,3000,3000,,,,FALSE,TRUE,0
af0f2aad-6038-4b0a-a299-e85e69d41b34,903ecafe-b6b7-4420-a348-9b5f21508f7d,8,1,3000,3000,,,,FALSE,TRUE,0
5fd17ddf-95b3-4273-8646-1a090c786a05,903ecafe-b6b7-4420-a348-9b5f21508f7d,14,3,5000,15000,,,,FALSE,TRUE,0
8d9c0b28-7b8c-43f6-94b4-1de4827f2e7d,b739b246-3e18-41b3-a14a-222af17e5d6d,28,100,100,10000,,,,FALSE,TRUE,0
db049309-5c17-41d1-ada6-253f67e7a447,b739b246-3e18-41b3-a14a-222af17e5d6d,29,50,50,2500,,,,FALSE,TRUE,0
82c3adb6-9a37-44b0-9271-24f8a1b14ecd,b8f7e144-85fe-4fe3-a497-5457a4e9bffc,3,6,3000,18000,,,,FALSE,TRUE,0
ea6608aa-98e2-42a6-b171-9320da276736,b8f7e144-85fe-4fe3-a497-5457a4e9bffc,7,2,3000,6000,,,,FALSE,TRUE,0
fc754029-2666-4d2f-8176-e76b35f7db63,b8f7e144-85fe-4fe3-a497-5457a4e9bffc,8,6,3000,18000,,,,FALSE,TRUE,0
04837754-8ec7-4047-8f29-6046588444d2,21a910a3-2cef-4c5f-9a78-6fb8e680662b,1,18,1200,21600,,,,FALSE,TRUE,0
6640e2a9-b551-4296-9c74-5917436d1f08,21a910a3-2cef-4c5f-9a78-6fb8e680662b,2,12,3000,36000,,,,FALSE,TRUE,0
5dc51989-5991-40af-977a-f5465e9c0e60,21a910a3-2cef-4c5f-9a78-6fb8e680662b,3,6,3000,18000,,,,FALSE,TRUE,0
567af7bc-4039-47e8-9361-5e70e3be02ba,21a910a3-2cef-4c5f-9a78-6fb8e680662b,4,6,3000,18000,,,,FALSE,TRUE,0
446b4757-cb03-4498-b16c-e23855b44448,21a910a3-2cef-4c5f-9a78-6fb8e680662b,7,6,3000,18000,,,,FALSE,TRUE,0
b694d33e-5614-4f23-ad7c-58d091882bd7,21a910a3-2cef-4c5f-9a78-6fb8e680662b,8,12,3000,36000,,,,FALSE,TRUE,0
da056f1b-1368-48bd-b668-0512ff1cd65f,21a910a3-2cef-4c5f-9a78-6fb8e680662b,38,3,2500,7500,,,,FALSE,TRUE,0
7cc1b75c-1f55-4ea8-bbe3-85f45d5d9e73,3211cda3-fd50-4141-bb8e-9e32518a067c,1,8,1200,9600,,,,FALSE,TRUE,0
f5813b31-56cb-4d9a-be5a-637135ebb2f6,3211cda3-fd50-4141-bb8e-9e32518a067c,2,1,3000,3000,,,,FALSE,TRUE,0
1f36a3c4-7281-4d17-be33-9f3a107280c1,3211cda3-fd50-4141-bb8e-9e32518a067c,4,2,3000,6000,,,,FALSE,TRUE,0
88bb5eeb-2fed-422f-a0b1-f4ca93848e39,3211cda3-fd50-4141-bb8e-9e32518a067c,7,3,3000,9000,,,,FALSE,TRUE,0
6ea16f49-9e44-4394-bc18-b98b092018ca,3211cda3-fd50-4141-bb8e-9e32518a067c,8,4,3000,12000,,,,FALSE,TRUE,0
72b7e48b-100e-4be8-9953-7fa3eb79f8f8,3211cda3-fd50-4141-bb8e-9e32518a067c,11,2,3000,6000,,,,FALSE,TRUE,0
937d7849-1e3c-433a-a9d8-b60859e1abd1,3211cda3-fd50-4141-bb8e-9e32518a067c,15,1,3000,3000,,,,FALSE,TRUE,0
f8c143e4-babf-4d15-ac1d-38f578afff28,3166d2e8-e422-4b72-afb0-96315435103a,8,10,3000,30000,,,,FALSE,TRUE,0
75c67573-a2a8-4079-a63e-54bf978a86f1,3166d2e8-e422-4b72-afb0-96315435103a,39,1,2500,2500,,,,FALSE,TRUE,0
a6702875-b527-412a-9b91-2f08dce87133,f3d683a4-8164-4848-9e77-0ba59107f255,1,6,1200,7200,,,,FALSE,TRUE,0
3d5a9dca-4f70-4f2e-94b8-f1054b59ca97,f3d683a4-8164-4848-9e77-0ba59107f255,5,2,3500,7000,,,,FALSE,TRUE,0
034112f3-ed2c-4508-bcd3-af9cfa76fa4b,f3d683a4-8164-4848-9e77-0ba59107f255,9,1,3000,3000,,,,FALSE,TRUE,0
104edcd2-3311-4012-bd29-9249947d2e51,d80522b8-691f-4878-b614-5a466d3cee51,15,1,3000,3000,,,,FALSE,TRUE,0
7c4f6b67-387b-4da6-8226-67ff63de92e3,61dc3ce5-211a-4e43-ac86-adc8e272aea2,1,24,1200,28800,,,,FALSE,TRUE,0
4c258704-550a-4d84-8218-a3ddb9ce7342,61dc3ce5-211a-4e43-ac86-adc8e272aea2,2,6,3000,18000,,,,FALSE,TRUE,0
a557ad9d-b732-4e86-b390-d8f1b14991c2,61dc3ce5-211a-4e43-ac86-adc8e272aea2,3,6,3000,18000,,,,FALSE,TRUE,0
748c5e2d-67c0-4c54-9934-f6e701c5c915,61dc3ce5-211a-4e43-ac86-adc8e272aea2,4,6,3000,18000,,,,FALSE,TRUE,0
d2e758ca-abb9-4da5-8d3e-23f68a969e68,61dc3ce5-211a-4e43-ac86-adc8e272aea2,5,6,3500,21000,,,,FALSE,TRUE,0
b0511ddd-ad27-4ca8-b271-5d348a775dce,61dc3ce5-211a-4e43-ac86-adc8e272aea2,6,1,5000,5000,,,,FALSE,TRUE,0
fd355d35-3093-48ee-979d-88d021d4a3f0,61dc3ce5-211a-4e43-ac86-adc8e272aea2,7,6,3000,18000,,,,FALSE,TRUE,0
3f8c5548-d1d3-441a-a9c3-bf6bfe4facac,101d751c-5d6a-4989-a579-5ce53620dc64,19,1,4500,4500,,,,FALSE,TRUE,0
963bfdb8-ca31-4d39-8a7e-8395f608680d,101d751c-5d6a-4989-a579-5ce53620dc64,14,1,5000,5000,,,,FALSE,TRUE,0
b3a7f51a-6ad5-4995-a503-a0ecc354f441,101d751c-5d6a-4989-a579-5ce53620dc64,2,2,3000,6000,,,,FALSE,TRUE,0
bbd565ba-fac3-4cc4-9ec5-1421ac1b8de9,1163f18d-79cd-4d64-961a-d3046455f3df,8,18,3000,54000,,,,FALSE,TRUE,0
f375f020-3e45-42b2-9e3e-46004992dd77,1163f18d-79cd-4d64-961a-d3046455f3df,9,6,3000,18000,,,,FALSE,TRUE,0
2b2a9cd9-2978-43f6-a037-95fa8424787e,1163f18d-79cd-4d64-961a-d3046455f3df,39,6,2500,15000,,,,FALSE,TRUE,0
e79a9ea9-7b05-418c-8ca5-cbd859ffb7fa,1163f18d-79cd-4d64-961a-d3046455f3df,8,6,3000,18000,,,,FALSE,TRUE,0
7889a309-a36e-4a0e-a1a5-94a4a1e5251b,1163f18d-79cd-4d64-961a-d3046455f3df,9,6,3000,18000,,,,FALSE,TRUE,0
1931957b-7973-4929-b6e9-d759cb2caffd,1163f18d-79cd-4d64-961a-d3046455f3df,8,24,3000,72000,,,,FALSE,TRUE,0
d7306f2b-1ee7-459d-850a-026a6ff84891,1163f18d-79cd-4d64-961a-d3046455f3df,4,12,3000,36000,,,,FALSE,TRUE,0
9fdc399a-65d4-4908-8654-756187dfcef0,f7463551-ba03-4e4d-86d9-0117550f65a8,3,1,3000,3000,,,,FALSE,TRUE,0
593b66d1-d4d9-46f6-ae41-6bda0cacc4a8,139cb859-8cbe-4e44-b844-7c9bce79f6a8,1,6,1200,7200,,,,FALSE,TRUE,0
a11122e9-2370-4616-bc17-88c78b62dc7c,91506af1-dca5-47f3-9128-d4d2b5c173c9,1,1,1200,1200,,,,FALSE,TRUE,0
a1f2c327-ca3a-4cf8-8d42-25cf05a100a2,91506af1-dca5-47f3-9128-d4d2b5c173c9,2,2,3000,6000,,,,FALSE,TRUE,0
2515309d-59a0-464c-84db-79f06892e181,91506af1-dca5-47f3-9128-d4d2b5c173c9,8,2,3000,6000,,,,FALSE,TRUE,0
8002f030-bbad-4982-875f-6d99a1761bdb,91506af1-dca5-47f3-9128-d4d2b5c173c9,14,1,5000,5000,,,,FALSE,TRUE,0
d117555f-2abc-4200-8a39-69a56578a502,a9f3161e-9b35-48f4-9cb9-3c2795166681,1,6,1200,7200,,,,FALSE,TRUE,0
5ae80632-7c1b-42d9-b112-dfa1d618accd,a9f3161e-9b35-48f4-9cb9-3c2795166681,3,6,3000,18000,,,,FALSE,TRUE,0
1bf86e1b-358c-4870-af98-2d8aeec3c900,f0813d8b-50e1-432d-889f-f848df590b31,1,2,1200,2400,,,,FALSE,TRUE,0
5e28e755-9144-4f56-8883-0e14f80e8d1f,f0813d8b-50e1-432d-889f-f848df590b31,8,2,3000,6000,,,,FALSE,TRUE,0
1165d3ab-b590-4c54-b701-d570e6c31225,9266fe1e-9225-4e4e-a1a9-7da7395977c4,8,12,3000,36000,,,,FALSE,TRUE,0
a4958808-d88b-46e1-b499-183c2728835d,9266fe1e-9225-4e4e-a1a9-7da7395977c4,4,6,3000,18000,,,,FALSE,TRUE,0
2c8417d8-c580-4679-a394-e7ed2ef14f1f,9266fe1e-9225-4e4e-a1a9-7da7395977c4,1,6,1200,7200,,,,FALSE,TRUE,0
5fdfd90a-2f3a-4bfd-984f-d320b7f38a5c,9266fe1e-9225-4e4e-a1a9-7da7395977c4,38,6,2500,15000,,,,FALSE,TRUE,0
dc8e342d-e4ea-4169-b56d-e9c5414986f8,9266fe1e-9225-4e4e-a1a9-7da7395977c4,7,6,3000,18000,,,,FALSE,TRUE,0
d539dd35-e02d-439c-a28d-2f50a4717c6f,9266fe1e-9225-4e4e-a1a9-7da7395977c4,2,6,3000,18000,,,,FALSE,TRUE,0
8beb473f-46f8-451f-a4a2-08fb4134b1c4,9266fe1e-9225-4e4e-a1a9-7da7395977c4,8,6,3000,18000,,,,FALSE,TRUE,0
e62ca288-5c8e-4abc-9f4f-4f23eb2efabb,c13b2fa8-5e25-4a54-843d-e98765572039,1,1,1200,1200,,,,FALSE,TRUE,0
cdeebce0-44b3-4fca-9b25-f1806b334f04,c13b2fa8-5e25-4a54-843d-e98765572039,2,1,3000,3000,,,,FALSE,TRUE,0
5e9d0a08-ca40-499e-aef8-b49261efaae3,c13b2fa8-5e25-4a54-843d-e98765572039,3,1,3000,3000,,,,FALSE,TRUE,0
bd7ed9aa-0a2f-4b92-98e3-f8e16d386edb,c13b2fa8-5e25-4a54-843d-e98765572039,8,1,3000,3000,,,,FALSE,TRUE,0
8865a120-7049-44f9-a019-483484a67952,17b389c6-d814-4e74-bc86-8b6f3f9fd3a3,14,2,5000,10000,,,,FALSE,TRUE,0
81ac2f4e-3a38-4cfe-b2e0-4b58641a1f96,17b389c6-d814-4e74-bc86-8b6f3f9fd3a3,11,2,3000,6000,,,,FALSE,TRUE,0
8b987125,dceae69e,33,10,100,1000,,,,FALSE,TRUE,0
fb5244be,dceae69e,1,12,1200,14400,,,,FALSE,TRUE,0
d6133924,dceae69e,10,1,3000,3000,,,,FALSE,TRUE,0
a43e9872,dceae69e,5,3,3500,10500,,,,FALSE,TRUE,0
f5bb40df,dceae69e,11,2,3000,6000,,,,FALSE,TRUE,0
0ef105bf,9293e54d,11,2,3000,6000,,,,FALSE,TRUE,0
51515c89,9293e54d,24,1,3000,3000,,,,FALSE,TRUE,0
125d5f51,31c36d34,11,1,3000,3000,,afd5bb31-d6e3-4178-9cb3-5c79c1ed9faf,,FALSE,TRUE,0
5d3dc76f,31c36d34,1,6,1200,7200,,afd5bb31-d6e3-4178-9cb3-5c79c1ed9faf,,FALSE,TRUE,0
719dc135,31c36d34,2,2,3000,6000,,afd5bb31-d6e3-4178-9cb3-5c79c1ed9faf,,FALSE,TRUE,0
9ddf7f88,31c36d34,3,2,3000,6000,,afd5bb31-d6e3-4178-9cb3-5c79c1ed9faf,,FALSE,TRUE,0
703d98d8,31c36d34,8,4,3000,12000,,afd5bb31-d6e3-4178-9cb3-5c79c1ed9faf,,FALSE,TRUE,0
2b117d1b,31c36d34,22,1,4500,4500,,afd5bb31-d6e3-4178-9cb3-5c79c1ed9faf,,FALSE,TRUE,0
a7ba55bb,eef48b4c,17,1,3000,3000,,,,FALSE,TRUE,0
02635bea,eef48b4c,4,1,3000,3000,,,,FALSE,TRUE,0
5207fec3,eef48b4c,11,1,3000,3000,,,,FALSE,TRUE,0
4aaffce1,eef48b4c,20,1,4500,4500,,,,FALSE,TRUE,0
af573442,eef48b4c,8,2,3000,6000,,,,FALSE,TRUE,0
00ab22f0,944de6a8,33,10,100,1000,,21956052-31f2-410d-a9a2-f2239d5f7c79,e23d9e31-1d8e-4d2b-ae42-d516dac92952,FALSE,TRUE,0
27338955,dd3c2e42,39,12,2500,30000,,,,FALSE,TRUE,0
176ad6f2,dd3c2e42,10,6,3000,18000,,,,FALSE,TRUE,0
d7868a63,dd3c2e42,38,12,2500,30000,,,,FALSE,TRUE,0
e00715ac,dd3c2e42,8,48,3000,144000,,,,FALSE,TRUE,0
2dadaa47,dd3c2e42,11,12,3000,36000,,,,FALSE,TRUE,0
192b1c71,dd3c2e42,19,3,4500,13500,,,,FALSE,TRUE,0
9c80bb37,ec93a5ea,38,1,2500,2500,,7376d7ad-76ea-4a72-89d8-7770678a0145,,FALSE,TRUE,0
33d23146,ec93a5ea,1,1,1200,1200,,7376d7ad-76ea-4a72-89d8-7770678a0145,,FALSE,TRUE,0
b56c3ce7,ec93a5ea,4,2,3000,6000,,7376d7ad-76ea-4a72-89d8-7770678a0145,,FALSE,TRUE,0
0146a89d,70350478,2,6,3000,18000,,cb96d90f-c5da-49e6-b99a-6c58df07ae33,fa3a53da-d53c-4688-875c-5a96f95e8cea,FALSE,TRUE,0
ed4c9311,70350478,14,6,5000,30000,,cb96d90f-c5da-49e6-b99a-6c58df07ae33,,FALSE,TRUE,0
7e5e76e1,cab24986,2,2,3000,6000,,,,FALSE,TRUE,0
998976fa,cab24986,4,2,3000,6000,,,,FALSE,TRUE,0
180c17da,cab24986,8,6,3000,18000,,,,FALSE,TRUE,0
503a5540,cab24986,3,4,3000,12000,,,,FALSE,TRUE,0
31f84811,0dcadc1c,6,1,5000,5000,,16eaf0c9-b030-41aa-906f-a530e7d3bf5e,,FALSE,TRUE,0
c52394c7,0dcadc1c,2,18,3000,54000,,16eaf0c9-b030-41aa-906f-a530e7d3bf5e,,FALSE,TRUE,0
d6d851f5,0dcadc1c,3,6,3000,18000,,16eaf0c9-b030-41aa-906f-a530e7d3bf5e,e380d1ce-7361-49ff-bbba-67322458af35,FALSE,TRUE,0
a241166b,0dcadc1c,1,18,1200,21600,,16eaf0c9-b030-41aa-906f-a530e7d3bf5e,7dbcb66f-67b4-4ca4-a80a-575d3cde0f90,FALSE,TRUE,0
70cd4442,0dcadc1c,4,18,3000,54000,,16eaf0c9-b030-41aa-906f-a530e7d3bf5e,ff609f2a-ca5e-4d64-8fd3-f25f5d4cd360,FALSE,TRUE,0
43912e4e,0dcadc1c,5,2,3500,7000,,16eaf0c9-b030-41aa-906f-a530e7d3bf5e,8f509654-4522-4687-8ecb-16abd4331d35,FALSE,TRUE,0
28b47439,0dcadc1c,7,24,3000,72000,,16eaf0c9-b030-41aa-906f-a530e7d3bf5e,,FALSE,TRUE,0
8c1799e0,76c37654,7,1,3000,3000,,9c528e01-716b-4c6b-a730-5ecaeca43d06,,FALSE,TRUE,0
fca91f55-c345-439c-8352-dfd261cd3ef1,e2d7fd32-52ff-47af-aa9f-15a7c566f17c,1,12,1200,14400,,,,FALSE,TRUE,0
49900b7d-40a8-4884-9386-b564172954e7,e2d7fd32-52ff-47af-aa9f-15a7c566f17c,8,6,3000,18000,,,,FALSE,TRUE,0
6f8f6209-05fd-4904-a29f-3393cc21ae20,e2d7fd32-52ff-47af-aa9f-15a7c566f17c,4,1,3000,3000,,,,FALSE,TRUE,0
009e7c2f-f01d-4aba-84d6-4d1913652d36,40e4f977-a19a-4e66-a323-160ddbcc9abf,14,6,5000,30000,,,,FALSE,TRUE,0
4e79faa1-db1e-4788-ae90-bfefd232d71b,40e4f977-a19a-4e66-a323-160ddbcc9abf,16,3,3000,9000,,,,FALSE,TRUE,0
9f17b69f-b16c-4d3a-ad7f-68012592fdba,40e4f977-a19a-4e66-a323-160ddbcc9abf,17,3,3000,9000,,,,FALSE,TRUE,0
ac9c940a-352a-4086-a835-6250ed3b08db,117451fa-7a15-4cdd-a19e-981c1b2ef364,1,3,1200,3600,,,,FALSE,TRUE,0
aea8f9e7-a5a2-4224-a7b7-1663d57680f5,117451fa-7a15-4cdd-a19e-981c1b2ef364,2,2,3000,6000,,,,FALSE,TRUE,0
a8f47046-61fa-42a3-9ff6-0d62639bd992,117451fa-7a15-4cdd-a19e-981c1b2ef364,3,1,3000,3000,,,,FALSE,TRUE,0
800cd8e6-165d-4a6a-becb-311eabcd2d22,117451fa-7a15-4cdd-a19e-981c1b2ef364,4,1,3000,3000,,,,FALSE,TRUE,0
caffcef8-99e4-421f-b9d2-041325c0eb41,117451fa-7a15-4cdd-a19e-981c1b2ef364,7,4,3000,12000,,,,FALSE,TRUE,0
596396ad-47e2-445f-b8a6-aabd787fe8e6,117451fa-7a15-4cdd-a19e-981c1b2ef364,8,3,3000,9000,,,,FALSE,TRUE,0
92b04d2d-f73f-4b46-ab09-530bebe3f3c1,117451fa-7a15-4cdd-a19e-981c1b2ef364,14,1,5000,5000,,,,FALSE,TRUE,0
762a0ce2-bd28-4542-8af2-d94db45450c4,0e77f5cc-f632-4cf7-a3ee-aaf0ea947362,1,4,1200,4800,,,,FALSE,TRUE,0
0d33b745-c662-442c-b128-3d55c90d502e,0e77f5cc-f632-4cf7-a3ee-aaf0ea947362,2,2,3000,6000,,,,FALSE,TRUE,0
c9f536c8-d08b-4f5f-813e-c6de0c6c7f8e,0e77f5cc-f632-4cf7-a3ee-aaf0ea947362,7,1,3000,3000,,,,FALSE,TRUE,0
23780e0a-f475-411c-8726-757f772c21ea,0e77f5cc-f632-4cf7-a3ee-aaf0ea947362,8,5,3000,15000,,,,FALSE,TRUE,0
e0ab33fb-3a00-4c8b-ae45-24c7a080d283,0e77f5cc-f632-4cf7-a3ee-aaf0ea947362,3,1,3000,3000,,,,FALSE,TRUE,0
4936c918-93fc-4e4e-a5a5-33fef640bb6a,62838762-642c-425b-9481-884021e34163,3,1,3000,3000,,,,FALSE,TRUE,0
ca617b19-de0d-458e-9228-9c9563bb046f,62838762-642c-425b-9481-884021e34163,4,1,3000,3000,,,,FALSE,TRUE,0
0e997c0b-7e98-49f8-9b9e-436ec669f830,62838762-642c-425b-9481-884021e34163,7,2,3000,6000,,,,FALSE,TRUE,0
b80c4333-a0ec-42d1-95bc-5a9a0ccc1ee3,fca9a178-a54b-432b-b8fe-c41d3d9e8258,4,3,3000,9000,,,,FALSE,TRUE,0
bd582e9f-9b11-4693-bd3f-6d52bb4b01cd,11aeae3d-ca07-42f8-a085-47691ec5ff04,2,3,3000,9000,,,,FALSE,TRUE,0
6fbe9fae-7ed6-46c9-8eab-34201b3403bc,11aeae3d-ca07-42f8-a085-47691ec5ff04,3,2,3000,6000,,,,FALSE,TRUE,0
8715af79-d813-46ad-8ce6-d2d4b95d1856,11aeae3d-ca07-42f8-a085-47691ec5ff04,5,2,3500,7000,,,,FALSE,TRUE,0
1f27c6b8-0992-4c4c-b473-db4d5ec99239,11aeae3d-ca07-42f8-a085-47691ec5ff04,8,5,3000,15000,,,,FALSE,TRUE,0
4c712a40-f0a0-48a3-914f-0795e0e1a6dd,14c2494b-9884-4b9b-84e8-f1125f25bd91,1,4,1200,4800,,,,FALSE,TRUE,0
836e6bd0-5bfe-4fc5-b522-8c178a4d9e18,14c2494b-9884-4b9b-84e8-f1125f25bd91,2,4,3000,12000,,,,FALSE,TRUE,0
6189c9fa-c346-4185-88ed-e0f56fd15cd0,14c2494b-9884-4b9b-84e8-f1125f25bd91,3,3,3000,9000,,,,FALSE,TRUE,0
6b228581-a59a-429e-9ac4-172aae02d8c7,14c2494b-9884-4b9b-84e8-f1125f25bd91,8,4,3000,12000,,,,FALSE,TRUE,0
8fcee7cf-814e-4c26-8caf-00bcadec000b,14c2494b-9884-4b9b-84e8-f1125f25bd91,10,1,3000,3000,,,,FALSE,TRUE,0
c07d5d01-1610-4dda-b94c-ed3cf35b4b8c,14c2494b-9884-4b9b-84e8-f1125f25bd91,14,1,5000,5000,,,,FALSE,TRUE,0
c684c7d1-7409-4768-94e2-ba8dbb64c115,cdb53151-06ef-431e-99f2-65fb85c8c887,1,12,1200,14400,,,,FALSE,TRUE,0
96006890-a5f0-4b82-8139-2f28a6a51eaf,cdb53151-06ef-431e-99f2-65fb85c8c887,2,6,3000,18000,,,,FALSE,TRUE,0
9d2ea0a8-5469-4fd9-8471-33e8b8c4ab38,cdb53151-06ef-431e-99f2-65fb85c8c887,6,3,5000,15000,,,,FALSE,TRUE,0
776ec620-b712-4014-abc5-0d851c4c8af5,cdb53151-06ef-431e-99f2-65fb85c8c887,8,6,3000,18000,,,,FALSE,TRUE,0
0991c792-efad-44aa-940c-5ba880152f85,cdb53151-06ef-431e-99f2-65fb85c8c887,11,1,3000,3000,,,,FALSE,TRUE,0
31349398-667f-4baa-b7f1-93f662c87230,a316a60f-245f-433c-b883-4f084feb229e,8,10,3000,30000,,,,FALSE,TRUE,0
bbdb1bda-7142-4986-891a-f05f1a77f127,a316a60f-245f-433c-b883-4f084feb229e,38,3,2500,7500,,,,FALSE,TRUE,0
2e529456-3fe5-4fd1-a8de-47e1ec0bc9ff,a316a60f-245f-433c-b883-4f084feb229e,39,2,2500,5000,,,,FALSE,TRUE,0
8f9ac031-4675-4156-abd7-b1841a618520,12e684b7-f0da-4141-869c-b544e283e618,1,12,1200,14400,,,,FALSE,TRUE,0
a946d8f1-d109-4400-84e1-6fd5f4cfa715,12e684b7-f0da-4141-869c-b544e283e618,2,6,3000,18000,,,,FALSE,TRUE,0
d6b99e3c-0a0d-4ff6-9291-95bd4dec01e0,12e684b7-f0da-4141-869c-b544e283e618,3,3,3000,9000,,,,FALSE,TRUE,0
f2a08617-6f9a-41af-851e-45829beb0e8e,12e684b7-f0da-4141-869c-b544e283e618,4,3,3000,9000,,,,FALSE,TRUE,0
ad0ce3fa-0ac4-4be8-a8a9-9055b7116717,12e684b7-f0da-4141-869c-b544e283e618,7,6,3000,18000,,,,FALSE,TRUE,0
76814800-98c1-451c-a7fc-f768878debcb,12e684b7-f0da-4141-869c-b544e283e618,8,6,3000,18000,,,,FALSE,TRUE,0
6a0bc674-e8a9-4c98-9cf3-891decbaa9ff,6517782c-d142-451e-899e-d1ed848b7a32,8,2,3000,6000,,,,FALSE,TRUE,0
5e3e8490-0fc2-4921-bc78-80cc01b82e41,6517782c-d142-451e-899e-d1ed848b7a32,15,1,3000,3000,,,,FALSE,TRUE,0
291f2ae9-5f94-4f6f-8fd2-2a99b86c1108,2bd6d19f-d37d-4b69-bb4e-a4a9ea1d6dcc,1,30,1200,36000,,,,FALSE,TRUE,0
c1965c90-7c1f-4104-a784-c682a2d9c41c,2bd6d19f-d37d-4b69-bb4e-a4a9ea1d6dcc,4,5,3000,15000,,,,FALSE,TRUE,0
45162e2c-0289-46bc-b685-595bf556d62f,2bd6d19f-d37d-4b69-bb4e-a4a9ea1d6dcc,8,18,3000,54000,,,,FALSE,TRUE,0
8eb0bba0-a52b-4a25-b1fb-ac23fe865830,2bd6d19f-d37d-4b69-bb4e-a4a9ea1d6dcc,38,2,2500,5000,,,,FALSE,TRUE,0
c6c460da-8657-42a5-ae05-e172c2494902,2bd6d19f-d37d-4b69-bb4e-a4a9ea1d6dcc,39,1,2500,2500,,,,FALSE,TRUE,0
c7f3a0ae-4889-4c3c-b84b-564c8114fdbd,2bd6d19f-d37d-4b69-bb4e-a4a9ea1d6dcc,14,2,5000,10000,,,,FALSE,TRUE,0
6bed3da0-50f9-49b2-bdad-f3a8fec5dc09,17b9afbc-7c0f-4a51-b8b8-508c3ad4be67,39,1,2500,2500,,,,FALSE,TRUE,0
7ebce40e-fb5e-44b3-ac14-5c78299021ce,17b9afbc-7c0f-4a51-b8b8-508c3ad4be67,14,1,5000,5000,,,,FALSE,TRUE,0
1a92103c-7173-4f25-9f13-9f4624563600,93e0e1d2-a3bb-4f88-8164-ce7c883f40ce,1,4,1200,4800,,,,FALSE,TRUE,0
8fa1ea59-101e-4703-a9ff-e0039ff4db30,93e0e1d2-a3bb-4f88-8164-ce7c883f40ce,2,1,3000,3000,,,,FALSE,TRUE,0
8054175d-6adb-48a4-8d9e-f0fd20f4b08e,93e0e1d2-a3bb-4f88-8164-ce7c883f40ce,3,1,3000,3000,,,,FALSE,TRUE,0
160e23dc-a110-4c5b-b77e-d840189a5c8a,93e0e1d2-a3bb-4f88-8164-ce7c883f40ce,4,3,3000,9000,,,,FALSE,TRUE,0
a673b928-d703-4e66-9388-42bd33d57da1,93e0e1d2-a3bb-4f88-8164-ce7c883f40ce,7,1,3000,3000,,,,FALSE,TRUE,0
9e0ac9c9-c383-47a3-a445-cc5281b58023,93e0e1d2-a3bb-4f88-8164-ce7c883f40ce,8,5,3000,15000,,,,FALSE,TRUE,0
be191f63-0885-4b33-8842-c5dec805eab0,93e0e1d2-a3bb-4f88-8164-ce7c883f40ce,14,1,5000,5000,,,,FALSE,TRUE,0
72d9cf54-a492-41d0-b59f-91ea7c186bb5,0cbfbbfe-f188-498a-abad-04687057bf94,9,1,3000,3000,,,,FALSE,TRUE,0
939f1a20-b72c-4c4d-8967-351dd72a5be7,3542e16a-fa24-484b-83ff-87b274fb8e6a,1,4,1200,4800,,,,FALSE,TRUE,0
2dc46b69-dbc6-4ca4-83d3-d7a9c87b8f7a,3542e16a-fa24-484b-83ff-87b274fb8e6a,2,2,3000,6000,,,,FALSE,TRUE,0
4ae81b25-467c-4aba-9e24-1afad582c25c,3542e16a-fa24-484b-83ff-87b274fb8e6a,8,2,3000,6000,,,,FALSE,TRUE,0
51346338-2660-4a3c-85a1-6731e6db6bcc,3542e16a-fa24-484b-83ff-87b274fb8e6a,11,2,3000,6000,,,,FALSE,TRUE,0
f5f2ca24-7ed3-4e7b-98dd-2dc3e81e7c08,b6d6acad-e5a1-4c95-818d-a8fd954a7d9c,2,6,3000,18000,,,,FALSE,TRUE,0
aa7898ca-b010-4a5e-bf7f-ca80b91f8b27,b6d6acad-e5a1-4c95-818d-a8fd954a7d9c,4,2,3000,6000,,,,FALSE,TRUE,0
a136499e-31ff-4b8d-8b0f-cea90fe4db15,b6d6acad-e5a1-4c95-818d-a8fd954a7d9c,8,6,3000,18000,,,,FALSE,TRUE,0
d8154644-7001-4e6a-bd11-e156d15785a0,9b20d627-3150-492e-8a28-8d2d1ac28b7d,1,2,1200,2400,,,,FALSE,TRUE,0
d9fb69cc-4e1c-43c3-bf92-9930fc9d99c2,9b20d627-3150-492e-8a28-8d2d1ac28b7d,2,1,3000,3000,,,,FALSE,TRUE,0
02562215-65e9-4292-b46c-c39e45a7df9f,9b20d627-3150-492e-8a28-8d2d1ac28b7d,4,1,3000,3000,,,,FALSE,TRUE,0
d3fbcd38-99e6-49cc-a187-ac66112bbb52,9b20d627-3150-492e-8a28-8d2d1ac28b7d,5,1,3500,3500,,,,FALSE,TRUE,0
52473f28-1c69-4a53-bfa5-b3ea135ce865,9b20d627-3150-492e-8a28-8d2d1ac28b7d,7,4,3000,12000,,,,FALSE,TRUE,0
0c0ac3cd-567a-4761-9867-2e9babc3190b,9b20d627-3150-492e-8a28-8d2d1ac28b7d,8,3,3000,9000,,,,FALSE,TRUE,0
edfd5896-31e8-4584-9b8b-71bd7f652c28,9b20d627-3150-492e-8a28-8d2d1ac28b7d,10,1,3000,3000,,,,FALSE,TRUE,0
a605dbe7-8440-4cae-8273-3d9591c954de,36f1c41c-2a3f-41c9-90e5-c54eaf3b2513,1,4,1200,4800,,,,FALSE,TRUE,0
c36c6829-5245-41d5-bafb-c1b4503b16ab,36f1c41c-2a3f-41c9-90e5-c54eaf3b2513,2,5,3000,15000,,,,FALSE,TRUE,0
443ee54c-9092-4f0e-9295-664be627d5fe,36f1c41c-2a3f-41c9-90e5-c54eaf3b2513,3,1,3000,3000,,,,FALSE,TRUE,0
e0998035-9bfd-4874-b98e-45de147eaac7,36f1c41c-2a3f-41c9-90e5-c54eaf3b2513,4,3,3000,9000,,,,FALSE,TRUE,0
2f03cdb5-9445-4ed1-a29b-5c067b1bb6e8,36f1c41c-2a3f-41c9-90e5-c54eaf3b2513,7,5,3000,15000,,,,FALSE,TRUE,0
ed32a918-ac57-4cf4-abe8-2e05e6c7ec54,36f1c41c-2a3f-41c9-90e5-c54eaf3b2513,8,5,3000,15000,,,,FALSE,TRUE,0
27f138e8-0341-43d0-be3f-9bdcb362db39,36f1c41c-2a3f-41c9-90e5-c54eaf3b2513,38,1,2500,2500,,,,FALSE,TRUE,0
2bc1f4ae-bdb5-486c-aa04-51cfd2d37014,273c3126-6f9f-47da-a3ed-b51f2e80ddaa,1,18,1200,22600,,,,FALSE,TRUE,0
385d2712-f5ef-4d0c-8d3c-d2b6a4782abb,273c3126-6f9f-47da-a3ed-b51f2e80ddaa,8,6,3000,18000,,,,FALSE,TRUE,0
7a558b6f-e136-4541-be67-039361b8c5a3,273c3126-6f9f-47da-a3ed-b51f2e80ddaa,14,2,5000,10000,,,,FALSE,TRUE,0
388986bf-3734-4822-86f7-85d86d1996fa,33d95562-e68a-4d7f-8386-52f3e361eb18,33,5,200,1000,,,,FALSE,TRUE,0
47b609b4-f740-4bfa-bc6a-089ab7f74f8c,33d95562-e68a-4d7f-8386-52f3e361eb18,34,5,200,1000,,,,FALSE,TRUE,0
2084e4bc-17c6-4183-a376-99dd2b03d89a,9a5fd298-92a4-48c3-88cd-f9c3f19c2fa0,2,18,3000,54000,,,,FALSE,TRUE,0
5022a10d-0567-4779-af08-4819cd1ed33d,9a5fd298-92a4-48c3-88cd-f9c3f19c2fa0,4,18,3000,54000,,,,FALSE,TRUE,0
a91d4880-90fc-4277-bfad-c9b6cd030cab,9a5fd298-92a4-48c3-88cd-f9c3f19c2fa0,5,6,3500,21000,,,,FALSE,TRUE,0
8e29728c-bb8f-4aae-8265-91882c3d03c3,9a5fd298-92a4-48c3-88cd-f9c3f19c2fa0,7,12,3000,36000,,,,FALSE,TRUE,0
a8635f0f-2463-4357-bc74-b53df0ed42bb,9a5fd298-92a4-48c3-88cd-f9c3f19c2fa0,8,30,3000,90000,,,,FALSE,TRUE,0
701639cb-8291-43f1-b683-da87e4557f35,9a5fd298-92a4-48c3-88cd-f9c3f19c2fa0,38,6,2500,15000,,,,FALSE,TRUE,0
6e61d3e7-a5dd-4ab0-a691-d7ed506a1b77,9a5fd298-92a4-48c3-88cd-f9c3f19c2fa0,39,6,2500,15000,,,,FALSE,TRUE,0
4c28d6ca-d825-4d32-aeff-079415845afb,09f4ae91-686a-496e-a88f-d881fb3c044e,1,3,1200,3600,,,,FALSE,TRUE,0
ba634ed0-f749-4146-bac0-ea316f48668a,09f4ae91-686a-496e-a88f-d881fb3c044e,8,3,3000,9000,,,,FALSE,TRUE,0
e3bc0e86-7a12-4b77-ad95-d586b3c1811e,09f4ae91-686a-496e-a88f-d881fb3c044e,38,2,2500,5000,,,,FALSE,TRUE,0
fbf973c1-6597-49d3-88bc-a966565542f1,09f4ae91-686a-496e-a88f-d881fb3c044e,39,2,2500,5000,,,,FALSE,TRUE,0
2db93387-3ebf-4812-8ccf-2b10d170a520,09f4ae91-686a-496e-a88f-d881fb3c044e,3,1,3000,3000,,,,FALSE,TRUE,0
5ac47340-5c1e-4603-8dc0-ee22438a710c,e5539a30-ecad-4a24-b610-6f7c39148150,1,6,1200,7200,,,,FALSE,TRUE,0
be48c40d-52d1-4786-8f34-3d790afe19ee,e5539a30-ecad-4a24-b610-6f7c39148150,8,6,3000,18000,,,,FALSE,TRUE,0
20e3e329-e2ac-49d0-9f4f-0e0e3d4bdc00,e5539a30-ecad-4a24-b610-6f7c39148150,4,1,3000,3000,,,,FALSE,TRUE,0
6d497236-8915-4ad6-86ff-1d51aea6e247,56e5e85c-03c4-45cb-b29e-b7e6b6c99afd,3,3,3000,9000,,,,FALSE,TRUE,0
6a239fdc-80cf-4d93-8eaf-91e24f267e95,56e5e85c-03c4-45cb-b29e-b7e6b6c99afd,4,2,3000,6000,,,,FALSE,TRUE,0
38c442ed-d72b-4371-b7da-71d47e273fc6,56e5e85c-03c4-45cb-b29e-b7e6b6c99afd,8,2,3000,6000,,,,FALSE,TRUE,0
e7048127-8fcd-4121-92ed-bde24b7bb4d1,56e5e85c-03c4-45cb-b29e-b7e6b6c99afd,7,2,3000,6000,,,,FALSE,TRUE,0
4fd2d09f-30a5-47c1-be29-f5da89c228fa,c01aef24-01de-4e94-b28c-a303dcca8458,1,4,1200,4800,,,,FALSE,TRUE,0
5dc1eef2-5026-486a-81da-153c66e99c0b,c01aef24-01de-4e94-b28c-a303dcca8458,2,1,3000,3000,,,,FALSE,TRUE,0
41dc77b7-a972-4829-a3a7-26cabdd41dbc,c01aef24-01de-4e94-b28c-a303dcca8458,4,3,3000,9000,,,,FALSE,TRUE,0
e3f208f4-fe67-463a-b5c1-a22ce13bfe77,c01aef24-01de-4e94-b28c-a303dcca8458,17,1,3000,3000,,,,FALSE,TRUE,0
a696b65a-b861-4131-b702-f38c54bb5e10,26f090b9-81b5-4918-9f62-97967c2715da,2,6,3000,18000,,,,FALSE,TRUE,0
a971667c-8c1d-491e-b785-a3d104e515bb,26f090b9-81b5-4918-9f62-97967c2715da,3,2,3000,6000,,,,FALSE,TRUE,0
147966c6-601b-4046-90be-c780d8e75d89,26f090b9-81b5-4918-9f62-97967c2715da,4,2,3000,6000,,,,FALSE,TRUE,0
3ab1797d-eeae-4c99-b2e8-67bfb9007213,26f090b9-81b5-4918-9f62-97967c2715da,7,6,3000,18000,,,,FALSE,TRUE,0
2c92a238-752b-4757-9762-234ed4b9a4e0,26f090b9-81b5-4918-9f62-97967c2715da,8,6,3000,18000,,,,FALSE,TRUE,0
756ecdba-e0fb-4912-a147-d234013c3080,26f090b9-81b5-4918-9f62-97967c2715da,27,1,3000,3000,,,,FALSE,TRUE,0
a4e7e66b-8869-4628-91d5-ccb90aec1d18,2460e003-0c08-4f28-a4d5-aedb7772ac48,1,2,1200,2400,,,,FALSE,TRUE,0
e353091e-cf57-4341-b0da-89a8df8ca09d,2460e003-0c08-4f28-a4d5-aedb7772ac48,2,1,3000,3000,,,,FALSE,TRUE,0
98554b66-1de2-48d9-afdb-24884aeabc65,2460e003-0c08-4f28-a4d5-aedb7772ac48,8,3,3000,9000,,,,FALSE,TRUE,0
65de424b-3f0c-4560-8554-352e4b1ebc91,54a38553-46de-405c-a853-741a2994ee5b,1,8,1200,9600,,,,FALSE,TRUE,0
5bbe5b5b-7994-4c24-bd48-746850f263de,54a38553-46de-405c-a853-741a2994ee5b,2,2,3000,6000,,,,FALSE,TRUE,0
34103f4b-38bc-455b-a899-5a0dbfca92f7,54a38553-46de-405c-a853-741a2994ee5b,3,1,3000,3000,,,,FALSE,TRUE,0
1d39ef5a-37b6-4850-b00e-3bc3c6ca685f,54a38553-46de-405c-a853-741a2994ee5b,4,2,3000,6000,,,,FALSE,TRUE,0
66c4ed5d-157d-4a15-bc7c-5ef99cb8070f,54a38553-46de-405c-a853-741a2994ee5b,8,5,3000,15000,,,,FALSE,TRUE,0
fdfbdc0a-ca4a-440a-8b34-839c933c27d3,54a38553-46de-405c-a853-741a2994ee5b,11,2,3000,6000,,,,FALSE,TRUE,0
4fe4b7de-c3a8-42db-b76b-fcf2bfdba438,54a38553-46de-405c-a853-741a2994ee5b,24,1,3000,3000,,,,FALSE,TRUE,0
52e8ec8c-9aaf-4a35-aaea-0afeb1249fab,f63d6af2-702c-43ef-be3d-e4921947f9c1,2,1,3000,3000,,,,FALSE,TRUE,0
5e73a827-2f65-4b01-8b28-83195be7a61e,f63d6af2-702c-43ef-be3d-e4921947f9c1,3,2,3000,6000,,,,FALSE,TRUE,0
298cb0f4-b3ab-4409-b5b1-3cb167780883,f63d6af2-702c-43ef-be3d-e4921947f9c1,8,6,3000,18000,,,,FALSE,TRUE,0
bfcbb327-4cfe-458d-86df-186c57e228d4,f63d6af2-702c-43ef-be3d-e4921947f9c1,14,1,5000,5000,,,,FALSE,TRUE,0
c6e994a1-8141-4026-b737-7fcd0e514766,0902d44d-7793-433b-ab98-df1d0210b427,1,5,1200,6000,,,,FALSE,TRUE,0
a072593d-37d6-428f-8c33-7a7feecce967,0902d44d-7793-433b-ab98-df1d0210b427,2,4,3000,12000,,,,FALSE,TRUE,0
038a3828-2b31-4dc3-9ee6-3a4586547aee,0902d44d-7793-433b-ab98-df1d0210b427,38,1,2500,2500,,,,FALSE,TRUE,0
2553973c-e411-4849-897c-974260b7649b,0902d44d-7793-433b-ab98-df1d0210b427,39,1,2500,2500,,,,FALSE,TRUE,0
cab695a0-eecb-454d-bf18-c9972dec3f4c,ba66d269-5ab7-4101-a7c4-b94128329b72,28,80,100,8000,,,,FALSE,TRUE,0
ad221a91-6aec-42fd-aed3-e8243e1cac6c,ba66d269-5ab7-4101-a7c4-b94128329b72,33,5,200,1000,,,,FALSE,TRUE,0
6368b896-5a96-47c9-984d-73742359d483,ba66d269-5ab7-4101-a7c4-b94128329b72,34,5,200,1000,,,,FALSE,TRUE,0
0f1bc287-e80c-41c9-9a9b-ee1e6f388296,5f7c7245-0818-4757-ad57-d097517577c2,3,6,3000,18000,,,,FALSE,TRUE,0
8e8b5776-8c2c-4a9c-9eeb-ad4d19c1f9bf,5f7c7245-0818-4757-ad57-d097517577c2,6,1,5000,5000,,,,FALSE,TRUE,0
e8b02e91-7971-49c4-8967-ad1d2499e3ce,5f7c7245-0818-4757-ad57-d097517577c2,38,1,2500,2500,,,,FALSE,TRUE,0
027a2c2d-6338-4175-b6a2-50812d33a736,5f7c7245-0818-4757-ad57-d097517577c2,39,1,2500,2500,,,,FALSE,TRUE,0
0ac3b5be-dc20-4913-a7dd-f417ac7609b0,5f7c7245-0818-4757-ad57-d097517577c2,8,6,3000,18000,,,,FALSE,TRUE,0
37927956-b722-4aa1-9935-8c8c364345fe,1fd5c95d-fe3e-4c32-9121-a4ae662b9e16,1,60,1200,72000,,,,FALSE,TRUE,0
c63cf8d5-abc7-4e6e-b1e2-e3e335691f4e,1fd5c95d-fe3e-4c32-9121-a4ae662b9e16,2,12,3000,36000,,,,FALSE,TRUE,0
c1a7b62a-c87b-411b-aed6-bc42daf7b4b6,1fd5c95d-fe3e-4c32-9121-a4ae662b9e16,3,18,3000,54000,,,,FALSE,TRUE,0
4f53711d-6bc6-44e4-a693-196bc7b41f5e,1fd5c95d-fe3e-4c32-9121-a4ae662b9e16,4,24,3000,72000,,,,FALSE,TRUE,0
c1776200-fb2b-43f8-912f-f048c740e7e7,1fd5c95d-fe3e-4c32-9121-a4ae662b9e16,5,6,3500,21000,,,,FALSE,TRUE,0
278119e9-d7d8-4cf4-8489-4c614246f56a,1fd5c95d-fe3e-4c32-9121-a4ae662b9e16,6,3,5000,15000,,,,FALSE,TRUE,0
221636c2-4f7c-44fb-b443-fc41638b81d9,1fd5c95d-fe3e-4c32-9121-a4ae662b9e16,7,12,3000,36000,,,,FALSE,TRUE,0
58072947-8464-462f-943f-72c1ad059d65,0d867ba2-70ea-4d2d-a362-ccefc94939b0,8,5,3000,15000,,,,FALSE,TRUE,0
a7c3551d-f983-4644-af02-dd027c4e8915,bb66cdef-384f-45d5-8402-f413641f293e,6,1,5000,5000,,,,FALSE,TRUE,0
09b54835-da34-43c8-af97-731f8de14908,bb66cdef-384f-45d5-8402-f413641f293e,4,1,3000,3000,,,,FALSE,TRUE,0
b90b24c9-19f3-4a6f-871d-ce58873a1ac9,bb66cdef-384f-45d5-8402-f413641f293e,8,4,3000,12000,,,,FALSE,TRUE,0
40935714-ff3e-4de5-a227-0f0774937531,6a776d98-ed5d-430e-b9ac-f55c120344b4,2,6,3000,18000,,,,FALSE,TRUE,0
78699df5-f66c-4fb0-a56f-2f14ea17657f,6a776d98-ed5d-430e-b9ac-f55c120344b4,2,6,3000,18000,,,,FALSE,TRUE,0
c1abe248-5a9b-4901-b53f-f0219c20c7e0,6a776d98-ed5d-430e-b9ac-f55c120344b4,8,6,3000,18000,,,,FALSE,TRUE,0
0d3145c3-1154-4b1c-8c14-d003701dc00c,6a776d98-ed5d-430e-b9ac-f55c120344b4,11,3,3000,9000,,,,FALSE,TRUE,0
290319ef-4a81-4d7a-88b5-4156995b8a9b,db759975-6bc4-4e8a-b5d8-271aaadb776e,11,3,3000,9000,,,,FALSE,TRUE,0
15d1ae77-88b0-4b5e-9ac3-f2d1a96e53bc,db759975-6bc4-4e8a-b5d8-271aaadb776e,14,1,5000,5000,,,,FALSE,TRUE,0
be3ceb67-00cd-4b56-8e7f-9cda6f5761f4,db759975-6bc4-4e8a-b5d8-271aaadb776e,21,1,4500,4500,,,,FALSE,TRUE,0
526125d8-2b30-40b1-8331-a695ca35ea84,df9e6cd4-2fbe-4b30-b4dd-90567d3b3ff2,2,1,3000,3000,,,,FALSE,TRUE,0
ac08fdb0-6b0f-4a70-bd18-65d2f2327b25,df9e6cd4-2fbe-4b30-b4dd-90567d3b3ff2,8,2,3000,6000,,,,FALSE,TRUE,0
486d816f-c2e7-4b07-950b-5e9419108467,df9e6cd4-2fbe-4b30-b4dd-90567d3b3ff2,38,1,2500,2500,,,,FALSE,TRUE,0
72236815-206d-40b7-8b53-0cc6aa42712a,df9e6cd4-2fbe-4b30-b4dd-90567d3b3ff2,39,1,2500,2500,,,,FALSE,TRUE,0
db1dfaf5-9d52-4ac2-9ff8-745a80e615ac,407333ee-c975-4553-9ad1-52b4f9736659,11,2,3000,6000,,,,FALSE,TRUE,0
2e6e8097-e015-49a2-a4e5-83ac33bc50c3,0e637e14-a8ab-446b-a611-3589d9c95485,2,6,3000,18000,,,,FALSE,TRUE,0
198887c2-361c-4b7e-975e-fe1ca5e9ed55,0e637e14-a8ab-446b-a611-3589d9c95485,4,1,3000,3000,,,,FALSE,TRUE,0
4b1be271-6b97-41ec-9dfd-a5d56a858d7a,0e637e14-a8ab-446b-a611-3589d9c95485,7,6,3000,18000,,,,FALSE,TRUE,0
6a50f3e9-3ac1-4d2f-841c-315aea18444f,0e637e14-a8ab-446b-a611-3589d9c95485,8,12,3000,36000,,,,FALSE,TRUE,0
d4b86916-469f-4d71-835d-1941c3cf8f18,0e637e14-a8ab-446b-a611-3589d9c95485,10,2,3000,3000,,,,FALSE,TRUE,0
43b926ae-df5f-4d59-92c1-f57dcd0f01ef,0e637e14-a8ab-446b-a611-3589d9c95485,11,2,3000,9000,,,,FALSE,TRUE,0
de88ab08-d8c9-4a18-9bed-f914210226d4,66b160e1-0dfd-44e9-8e43-10f617685035,3,3,3000,9000,,,,FALSE,TRUE,0
9b987c8d-22c5-4f1d-826c-e1813fafe311,66b160e1-0dfd-44e9-8e43-10f617685035,6,1,5000,5000,,,,FALSE,TRUE,0
56600d2a-5fca-43b8-925c-c939f164fc82,66b160e1-0dfd-44e9-8e43-10f617685035,38,1,2500,2500,,,,FALSE,TRUE,0
436147c1-30c8-4205-87dc-0be9dc112629,66b160e1-0dfd-44e9-8e43-10f617685035,11,2,3000,6000,,,,FALSE,TRUE,0
e99759f6-7a22-41b1-a606-a2a60bd7af6c,66b160e1-0dfd-44e9-8e43-10f617685035,19,1,4500,4500,,,,FALSE,TRUE,0
de450660-af5d-4c79-843e-8e9a3e44a0ef,b35526b5-52ac-4832-82be-65ea92a1e499,11,1,3000,3000,,,,FALSE,TRUE,0
64709fd8-9448-4cb0-ad2f-794889658720,b35526b5-52ac-4832-82be-65ea92a1e499,38,1,2500,2500,,,,FALSE,TRUE,0
4bf31b07-4728-4a09-ac6a-759d70effdcd,b35526b5-52ac-4832-82be-65ea92a1e499,39,1,2500,2500,,,,FALSE,TRUE,0
17873b5e-6908-4d05-9734-103a611ca90f,a4c93f47-734c-4382-92fa-c5c1050ffcc1,1,6,1200,7200,,,,FALSE,TRUE,0
938444be-c158-4028-90f7-abd7f85be9cf,a4c93f47-734c-4382-92fa-c5c1050ffcc1,2,2,3000,6000,,,,FALSE,TRUE,0
4cacd758-5ae0-4d5a-a1f4-3caf69f0d227,a4c93f47-734c-4382-92fa-c5c1050ffcc1,3,2,3000,6000,,,,FALSE,TRUE,0
634d8a75-e7a6-4caa-9eb7-42065dcf7193,a4c93f47-734c-4382-92fa-c5c1050ffcc1,8,3,3000,9000,,,,FALSE,TRUE,0
6096a3f4-0c26-48e2-900e-dc7f0048d70c,a4c93f47-734c-4382-92fa-c5c1050ffcc1,5,1,3500,3500,,,,FALSE,TRUE,0
35e12c3a-fac2-46bb-96ba-bf856851cce8,27a76b72-2552-4a38-ad4e-5cbfa8c1da24,8,60,3000,180000,,,,FALSE,TRUE,0
8f5dbda8-36f4-40bc-bc34-db521ba02a4c,27a76b72-2552-4a38-ad4e-5cbfa8c1da24,11,6,3000,18000,,,,FALSE,TRUE,0
c08cee5b-619a-452b-b096-e34ee5c161ca,27a76b72-2552-4a38-ad4e-5cbfa8c1da24,38,6,2500,15000,,,,FALSE,TRUE,0
cb4f3c45-c669-4ddf-a924-a00ad09fee3e,27a76b72-2552-4a38-ad4e-5cbfa8c1da24,39,6,2500,15000,,,,FALSE,TRUE,0
308de7d1-472b-40d0-a86f-c96af0547e58,a9177e30-6c05-4f32-8527-fdf27924e15c,1,3,1200,3600,,,,FALSE,TRUE,0
92e2d2f4-7c21-41f7-a502-c5e847272596,21dd2c3d-6c05-411d-994d-664cb89edce9,14,1,5000,5000,,,,FALSE,TRUE,0
cb73e0ff,6e76c547,8,12,3000,36000,,,,FALSE,TRUE,0
9467ccbc,6e76c547,7,12,3000,36000,,,,FALSE,TRUE,0
40a7018f,6e76c547,1,11,1200,13200,,,,FALSE,TRUE,0
db6c21d0-f1bd-46e3-9b1a-621886f2f931,e9634320-fad0-4236-b89c-40857d727987,10,6,3000,18000,,,,FALSE,FALSE,0
1e50b73f-61dc-431f-a9c0-bd9c0c1cefb7,e9634320-fad0-4236-b89c-40857d727987,1,12,1200,14400,,,,FALSE,FALSE,0
36f0b93f-4158-473b-8cf4-268029c14bad,e9634320-fad0-4236-b89c-40857d727987,2,6,3000,18000,,,,FALSE,FALSE,0
3f56f05c-6d6e-4cff-9426-36464d55d0c8,e9634320-fad0-4236-b89c-40857d727987,4,6,3000,18000,,,,FALSE,FALSE,0
7662e017-9231-47fb-a10d-60a7c515baa2,e9634320-fad0-4236-b89c-40857d727987,8,6,3000,18000,,,,FALSE,FALSE,0
176c80da-5635-4fcb-953d-73fadddc4aff,e9634320-fad0-4236-b89c-40857d727987,14,6,5000,30000,,,,FALSE,FALSE,0
484b1a03-7b3e-405a-bb39-aa2496130399,e9634320-fad0-4236-b89c-40857d727987,8,6,3000,18000,,,,FALSE,FALSE,0
3df2c705-e1c0-4f24-a996-556a4d3cd6fa,39d75cac-6fa5-4f8a-b743-2d56c4d81c8c,1,30,1200,36000,,,,FALSE,FALSE,0
c1ad8035-67aa-42a8-825f-df4d2ffb96d3,39d75cac-6fa5-4f8a-b743-2d56c4d81c8c,2,12,3000,36000,,,,FALSE,FALSE,0
d0eeb92c-8faf-4488-8464-dcf4d2ff89d6,39d75cac-6fa5-4f8a-b743-2d56c4d81c8c,3,12,3000,36000,,,,FALSE,FALSE,0
212087d8-a208-4e37-90bb-7b9081013ef1,39d75cac-6fa5-4f8a-b743-2d56c4d81c8c,4,6,3000,18000,,,,FALSE,FALSE,0
48524d02-e0b8-4d0d-8fe7-200c48ad03c1,39d75cac-6fa5-4f8a-b743-2d56c4d81c8c,8,24,3000,72000,,,,FALSE,FALSE,0
a2365b56-2d0c-4c6d-8b5b-741d710b8ee3,39d75cac-6fa5-4f8a-b743-2d56c4d81c8c,38,6,2500,15000,,,,FALSE,FALSE,0
0bee568f-188a-4058-84dd-2becd93445e2,39d75cac-6fa5-4f8a-b743-2d56c4d81c8c,39,12,2500,30000,,,,FALSE,FALSE,0
497b9c60-19d1-4da3-b4dd-f4d074e54a3d,4e9da521-a99c-4e4d-9693-3d35e5d5f190,3,1,3000,3000,,,,FALSE,FALSE,0
88e1afb2-2197-4763-941f-076a4822f8c0,4e9da521-a99c-4e4d-9693-3d35e5d5f190,4,6,3000,18000,,,,FALSE,FALSE,0
38f691a4-22df-4d2e-b967-23c83fb49f67,4e9da521-a99c-4e4d-9693-3d35e5d5f190,11,2,3000,6000,,,,FALSE,FALSE,0
fed9654e-b548-42e3-bd75-c8f42a038eaa,4e9da521-a99c-4e4d-9693-3d35e5d5f190,8,6,3000,18000,,,,FALSE,FALSE,0
5d0d7a13-5f44-4d1c-8f36-605b6cec29c0,4e9da521-a99c-4e4d-9693-3d35e5d5f190,2,6,3000,18000,,,,FALSE,FALSE,0
821739de-dcc4-44a2-87af-8071ca7f7ba6,4e9da521-a99c-4e4d-9693-3d35e5d5f190,14,1,5000,5000,,,,FALSE,FALSE,0
dbec8b0a-a5c9-4ca9-82ab-f99fd14f9577,ccd44df3-7eda-4881-8ae0-934e7de10d2e,1,12,1200,14400,,,,FALSE,FALSE,0
4aae90c9-13b2-48f1-bd75-080a373c5997,ccd44df3-7eda-4881-8ae0-934e7de10d2e,7,6,3000,18000,,,,FALSE,FALSE,0
d7b8aa9c-f125-45d8-abd8-f3ab405e2515,ccd44df3-7eda-4881-8ae0-934e7de10d2e,8,6,3000,18000,,,,FALSE,FALSE,0
ed3eed65-6f5c-49d7-b8b5-08f1749602c6,0855b2de-176d-4c92-b469-8616572a4d7f,1,30,1200,36000,,,,FALSE,FALSE,0
205b9312-3244-4105-a295-7cfa13a6727e,0855b2de-176d-4c92-b469-8616572a4d7f,2,12,3000,36000,,,,FALSE,FALSE,0
7e38f977-1041-4a41-9223-fd86e4c175bf,0855b2de-176d-4c92-b469-8616572a4d7f,3,6,3000,18000,,,,FALSE,FALSE,0
8c576545-4bdd-4e0e-9b1e-9277bf0b2412,0855b2de-176d-4c92-b469-8616572a4d7f,4,6,3000,18000,,,,FALSE,FALSE,0
e1f64799-6823-4e17-bd26-9368cc23e8e1,0855b2de-176d-4c92-b469-8616572a4d7f,5,3,3500,10500,,,,FALSE,FALSE,0
7a3e230f-e605-4638-80c9-78ebda73cc8f,0855b2de-176d-4c92-b469-8616572a4d7f,6,1,5000,5000,,,,FALSE,FALSE,0
2e7781b0-79cb-4da9-9b4a-e79dc9fc3f1b,0855b2de-176d-4c92-b469-8616572a4d7f,7,6,3000,18000,,,,FALSE,FALSE,0
6177733d-c9d9-46ef-b912-8fb2546a96ea,8ce2d162-8109-4573-9b6a-c0c6412a8eea,8,24,3000,72000,,,,FALSE,FALSE,0
6727a3e7-63e9-46a2-a9ce-a239e0e6dc57,8ce2d162-8109-4573-9b6a-c0c6412a8eea,11,6,3000,18000,,,,FALSE,FALSE,0
6fa29658-1583-46df-8e8e-32f81b23e800,8ce2d162-8109-4573-9b6a-c0c6412a8eea,38,2,2500,5000,,,,FALSE,FALSE,0
7131b50e-9cfc-4e8d-a999-c4b7983b7644,8ce2d162-8109-4573-9b6a-c0c6412a8eea,39,1,2500,2500,,,,FALSE,FALSE,0
09c1e8e6-abce-4710-822e-44e4ead05d2f,8ce2d162-8109-4573-9b6a-c0c6412a8eea,14,2,5000,5000,,,,FALSE,FALSE,0
6f04237b-c843-4884-9698-826d2b2c49f3,7253c203-82f3-4ff9-8a2f-3369f4a5cbb6,5,6,3500,21000,,,,FALSE,FALSE,0
f3887e7f-2a61-49ba-abdd-7d6bb8fe5d79,7253c203-82f3-4ff9-8a2f-3369f4a5cbb6,3,6,3000,18000,,,,FALSE,FALSE,0
756356ab-793d-4046-877d-270152b90917,7253c203-82f3-4ff9-8a2f-3369f4a5cbb6,4,6,3000,18000,,,,FALSE,FALSE,0
6391fd7d-163a-468b-869e-d2e0207fe857,7253c203-82f3-4ff9-8a2f-3369f4a5cbb6,7,6,3000,18000,,,,FALSE,FALSE,0
b5a020b7-14f2-49de-bfca-12d3f20ffca1,7253c203-82f3-4ff9-8a2f-3369f4a5cbb6,15,5,3000,15000,,,,FALSE,FALSE,0
9e21a17e-8676-4446-be41-a195ed09089e,7253c203-82f3-4ff9-8a2f-3369f4a5cbb6,1,12,1200,14400,,,,FALSE,FALSE,0
e92b51e9-804d-464e-bdd4-09f3134965b9,7253c203-82f3-4ff9-8a2f-3369f4a5cbb6,8,6,3000,18000,,,,FALSE,FALSE,0
b84f6f05-ad2c-4007-aa95-d35318e8a093,7bfc3c19-9ef2-498a-a215-d8c5df3c4d2f,1,1,1200,1200,,,,FALSE,FALSE,0
8b86e271-4760-4017-ab6e-f5d4af2b4fac,7bfc3c19-9ef2-498a-a215-d8c5df3c4d2f,2,2,3000,6000,,,,FALSE,FALSE,0
9b3d81da-a2ac-4afe-a767-76f39be0dded,7bfc3c19-9ef2-498a-a215-d8c5df3c4d2f,3,1,3000,3000,,,,FALSE,FALSE,0
947ad90e-bfc9-4f1a-b6de-91e83e519ae5,7bfc3c19-9ef2-498a-a215-d8c5df3c4d2f,8,2,3000,6000,,,,FALSE,FALSE,0
996b94ba-0600-4069-b362-b733b41e105b,987bf060-e5f3-4986-bf1a-0a0254497420,4,6,3000,18000,,,,FALSE,FALSE,0
fafc21dc-d3bd-4ecc-887d-45bb354b34c1,987bf060-e5f3-4986-bf1a-0a0254497420,2,6,3000,18000,,,,FALSE,FALSE,0
f807897a-3d10-48f5-8df7-b6ecbc7f29ba,987bf060-e5f3-4986-bf1a-0a0254497420,4,6,3000,18000,,,,FALSE,FALSE,0
eb225241-8fc5-45a5-ba4b-58e3ef4da55c,987bf060-e5f3-4986-bf1a-0a0254497420,6,1,5000,5000,,,,FALSE,FALSE,0
e1cee7b9-f290-4b86-8391-e0f539df14c5,987bf060-e5f3-4986-bf1a-0a0254497420,8,18,3000,54000,,,,FALSE,FALSE,0
cdd863c5-a17d-4121-8baf-1707e849b884,987bf060-e5f3-4986-bf1a-0a0254497420,1,6,1200,7200,,,,FALSE,FALSE,0
de715ad2-f138-4538-b8e2-7195ec7b8511,987bf060-e5f3-4986-bf1a-0a0254497420,3,6,3000,18000,,,,FALSE,FALSE,0
13ad2e39-ebd3-4c9e-9bdf-4e251de59672,71a1d579-0d05-4ed7-b9fe-49114401eb4b,32,10,200,2000,,,,FALSE,FALSE,0
f1fb5576-8183-43d2-a7d9-20d020a10e30,71a1d579-0d05-4ed7-b9fe-49114401eb4b,33,10,200,2000,,,,FALSE,FALSE,0
ce1cbcb3-ae7c-4444-8b72-921e1a2862bc,71a1d579-0d05-4ed7-b9fe-49114401eb4b,34,5,200,1000,,,,FALSE,FALSE,0
477d0bf4-5ee7-48f2-bf8d-2a51f0d9523c,858556d5-e990-4fe5-bccf-d13e167e7ebd,1,60,1200,72000,,,,FALSE,FALSE,0
a47a2564-405c-455b-9d0d-4d72d1d6bfb6,858556d5-e990-4fe5-bccf-d13e167e7ebd,3,24,3000,72000,,,,FALSE,FALSE,0
76bed9f6-4875-4766-8f88-371910083757,858556d5-e990-4fe5-bccf-d13e167e7ebd,4,12,3000,36000,,,,FALSE,FALSE,0
6d9684fd-546e-452e-a2c4-39be02110b75,858556d5-e990-4fe5-bccf-d13e167e7ebd,5,3,3500,10500,,,,FALSE,FALSE,0
f73d07a6-f3f5-4294-8927-5c6c36087a03,858556d5-e990-4fe5-bccf-d13e167e7ebd,6,1,5000,5000,,,,FALSE,FALSE,0
d9dc79e7-1903-427c-9938-1a7a237c989b,858556d5-e990-4fe5-bccf-d13e167e7ebd,7,24,3000,72000,,,,FALSE,FALSE,0
91721270-378b-438f-8f54-b98cf91f6abc,858556d5-e990-4fe5-bccf-d13e167e7ebd,8,36,3000,108000,,,,FALSE,FALSE,0
73d4225b-f488-460d-8a36-aff05b7d3407,9555184b-6cc8-4d65-bd02-8112bbdfbcc4,2,1,3000,3000,,,,FALSE,FALSE,0
c319c557-e86d-4d75-a5ec-8b0afcc400c7,9555184b-6cc8-4d65-bd02-8112bbdfbcc4,8,2,3000,6000,,,,FALSE,FALSE,0
7481987a-f49c-4dab-b2c0-2fc16886e18d,1cb09555-44a5-4589-96ee-ec1a2879a8a3,33,10,200,2000,,,,FALSE,FALSE,0
a30572c8-9535-4fa0-a4c7-82a56244edf8,1cb09555-44a5-4589-96ee-ec1a2879a8a3,34,10,200,2000,,,,FALSE,FALSE,0
6c3b98d6-0d6c-472d-a008-824de08fdcd2,e4d635da-6246-4fa9-bcad-6fbfe6dd684b,5,2,3500,7000,,,,FALSE,FALSE,0
18144e8e-ceb3-4c41-a4c7-6686e780595c,e4d635da-6246-4fa9-bcad-6fbfe6dd684b,6,2,5000,10000,,,,FALSE,FALSE,0
ce23c8ac-d3cd-4808-934e-bf36db6d6b0f,e4d635da-6246-4fa9-bcad-6fbfe6dd684b,11,2,3000,6000,,,,FALSE,FALSE,0
89ef16ca-d8ae-4f72-9c50-2ee4ba27b17b,86843e68-c573-4545-a751-bdc2c720a82a,38,1,2500,2500,,,,FALSE,FALSE,0
e3ed27aa-1b07-454e-9f12-f3181bb492c4,86843e68-c573-4545-a751-bdc2c720a82a,39,2,2500,5000,,,,FALSE,FALSE,0
c5b16778-c8fe-4751-a5b3-798f86f0a734,9e2fccc2-9c02-4b4f-ad33-2f250a7ae4c5,9,3,3000,9000,,,,FALSE,FALSE,0
1b28d826-a7b4-4b48-87cb-f5b150e78a30,9e2fccc2-9c02-4b4f-ad33-2f250a7ae4c5,10,6,3000,18000,,,,FALSE,FALSE,0
09e5d16e-f89a-4124-b9fd-95f2bcd94523,9e2fccc2-9c02-4b4f-ad33-2f250a7ae4c5,11,6,3000,18000,,,,FALSE,FALSE,0
f9d81136-bd0c-44a4-ab6a-4258b7db5804,9e2fccc2-9c02-4b4f-ad33-2f250a7ae4c5,38,6,2500,15000,,,,FALSE,FALSE,0
b175d156-11f1-428b-b851-99ce91daff5d,9e2fccc2-9c02-4b4f-ad33-2f250a7ae4c5,39,6,2500,15000,,,,FALSE,FALSE,0
11421fe2-09cc-456a-bd95-c8547e46edb1,9e2fccc2-9c02-4b4f-ad33-2f250a7ae4c5,14,1,5000,5000,,,,FALSE,FALSE,0
337dbd90-f286-493a-b852-53742cc056d7,7bb1da51-46ce-4a3a-be09-3c3344cce7fd,24,1,3000,3000,,,,FALSE,FALSE,0
48a2e3d9-6720-41cd-a95b-e4f3224f951e,7bb1da51-46ce-4a3a-be09-3c3344cce7fd,15,1,3000,3000,,,,FALSE,FALSE,0
410a74b5-425c-4950-9db5-e421aae30d66,5f775425-0ebc-4c48-9d3d-92877a5498df,8,9,3000,27000,,,,FALSE,FALSE,0
6e4c1f45-8a96-44d7-8dfa-993087cb19bd,5f775425-0ebc-4c48-9d3d-92877a5498df,14,1,5000,5000,,,,FALSE,FALSE,0
406d4860-e7d6-48cf-bc86-646fed89e556,997019c8-7c21-4fa6-964e-285daee790b6,1,90,1200,108000,,,,FALSE,FALSE,0
97faeac1-e4bf-400e-bf62-c64e1e32228a,997019c8-7c21-4fa6-964e-285daee790b6,2,18,3000,54000,,,,FALSE,FALSE,0
8ca4127b-a08e-415b-8763-59307a0f4547,997019c8-7c21-4fa6-964e-285daee790b6,3,18,3000,54000,,,,FALSE,FALSE,0
e5c2570c-0576-4315-af3d-83b617ad2717,997019c8-7c21-4fa6-964e-285daee790b6,4,24,3000,72000,,,,FALSE,FALSE,0
cdd4d56c-9983-45d4-9cfa-e0e08c53c093,997019c8-7c21-4fa6-964e-285daee790b6,5,6,3500,21000,,,,FALSE,FALSE,0
8e5ad798-d7ba-43d5-8c26-c0c69ee948ec,997019c8-7c21-4fa6-964e-285daee790b6,6,4,5000,20000,,,,FALSE,FALSE,0
feb3815c-8b71-4127-b5a6-7bbd5c362092,997019c8-7c21-4fa6-964e-285daee790b6,7,18,3000,54000,,,,FALSE,FALSE,0
37e92478-d072-49d1-b245-112ab821068b,efb01c1c-b746-4b73-8a80-482fe6a2c684,38,3,2500,7500,,,,FALSE,FALSE,0
f5874777-6b0d-44dd-ae66-319d5eb68274,efb01c1c-b746-4b73-8a80-482fe6a2c684,39,3,2500,7500,,,,FALSE,FALSE,0
d06dc394-95e3-46d1-87a9-f90fa2787420,9bc924fa-d2e6-41cb-a418-e98f8d18ab3f,8,60,3000,180000,,,,FALSE,FALSE,0
a392d346-cd1b-40fa-bdd4-ce9f72e7a9f4,9bc924fa-d2e6-41cb-a418-e98f8d18ab3f,9,2,3000,6000,,,,FALSE,FALSE,0
fd3a2f1a-11fc-48f2-8402-49beabe59dbe,9bc924fa-d2e6-41cb-a418-e98f8d18ab3f,11,6,3000,18000,,,,FALSE,FALSE,0
1975f231-296c-4e82-b5d4-80927f4b020c,9bc924fa-d2e6-41cb-a418-e98f8d18ab3f,38,6,2500,15000,,,,FALSE,FALSE,0
47c06baa-4cef-4f90-b505-a424e816e381,9bc924fa-d2e6-41cb-a418-e98f8d18ab3f,39,4,2500,10000,,,,FALSE,FALSE,0
7fdb9c0e-89c7-4eba-b688-bfd94fde1f46,9bc924fa-d2e6-41cb-a418-e98f8d18ab3f,14,2,5000,10000,,,,FALSE,FALSE,0
77941aa4-4e5b-4926-94d8-26c1131d25bc,9bc924fa-d2e6-41cb-a418-e98f8d18ab3f,15,2,3000,6000,,,,FALSE,FALSE,0
ca85cf9e-4605-4946-b66c-885d03aabbc4,d3d602ba-5cb1-4ebf-a85a-6a3616df25a5,11,1,3000,3000,,,,FALSE,FALSE,0
fb009f53-0c79-4657-bbfd-36404eda8d51,0eb2d7a9-689e-4c7f-8f19-e7b3c9a75d45,4,3,3000,9000,,,,FALSE,FALSE,0
201e3b75-422c-4071-9de2-9281ba2f8cf1,0eb2d7a9-689e-4c7f-8f19-e7b3c9a75d45,8,6,3000,18000,,,,FALSE,FALSE,0
8dc8fff0-0ec9-49c8-901d-9da95c5fd5cb,0eb2d7a9-689e-4c7f-8f19-e7b3c9a75d45,1,2,1200,2400,,,,FALSE,FALSE,0
20dd0653-2037-40b5-96f3-7c61c319c8bc,0eb2d7a9-689e-4c7f-8f19-e7b3c9a75d45,6,1,5000,5000,,,,FALSE,FALSE,0
7165218a-9dbe-40f3-a8d6-2d19e0af9f91,0eb2d7a9-689e-4c7f-8f19-e7b3c9a75d45,11,2,3000,6000,,,,FALSE,FALSE,0
9dec33a1-2425-4d69-b17d-8f430ede70c2,0eb2d7a9-689e-4c7f-8f19-e7b3c9a75d45,14,2,5000,10000,,,,FALSE,FALSE,0
96a34e9d-81b2-46c8-9d68-9b3ff077cea2,0eb2d7a9-689e-4c7f-8f19-e7b3c9a75d45,3,6,3000,18000,,,,FALSE,FALSE,0
110ec574-8204-4726-b422-c69349864632,5644f923-6047-41a2-b22e-38d293d21bbe,1,60,1200,72000,,,,FALSE,FALSE,0
60680e34-9f66-459f-a2fb-f75d10de8f6b,5644f923-6047-41a2-b22e-38d293d21bbe,2,24,3000,72000,,,,FALSE,FALSE,0
43b91899-086f-4e52-beea-00c8af2b971a,5644f923-6047-41a2-b22e-38d293d21bbe,3,6,3000,18000,,,,FALSE,FALSE,0
b05a6974-1aa5-4e89-ab54-6f7ba9116995,5644f923-6047-41a2-b22e-38d293d21bbe,4,24,3000,72000,,,,FALSE,FALSE,0
cff0968f-0858-4972-92a0-37129e0aff25,5644f923-6047-41a2-b22e-38d293d21bbe,5,5,3500,17500,,,,FALSE,FALSE,0
b2bd8f1c-5af9-4fdc-b686-f87fcd71bdf8,5644f923-6047-41a2-b22e-38d293d21bbe,6,2,5000,10000,,,,FALSE,FALSE,0
1813e2e3-3857-4496-b54d-30b17ec44a6a,5644f923-6047-41a2-b22e-38d293d21bbe,7,24,3000,72000,,,,FALSE,FALSE,0
31a99053-97d9-40c8-af14-6a0d7f812bfc,ba586a2d-9d55-4186-901d-dc1ca2743577,6,3,5000,15000,,,,FALSE,FALSE,0
8d4278b4-8320-4827-b405-c549049b044f,336ad11b-cca1-464f-ab43-21f051c70a4c,17,1,3000,3000,,,,FALSE,FALSE,0
884550d2-8834-4fbf-b297-41ff42be4351,336ad11b-cca1-464f-ab43-21f051c70a4c,11,1,3000,3000,,,,FALSE,FALSE,0
715a2e9c-9728-4068-b942-102dfed9b46c,336ad11b-cca1-464f-ab43-21f051c70a4c,11,1,3000,3000,,,,FALSE,FALSE,0
14661fb5-daae-4b2f-a366-2fac76270779,a1094a32-7692-40af-ba77-e904bfc5e1ba,1,7,1200,8400,,,,FALSE,FALSE,0
d97d8734-5771-4ded-8ade-c6c7be960f40,a1094a32-7692-40af-ba77-e904bfc5e1ba,2,2,3000,6000,,,,FALSE,FALSE,0
518abcdc-303a-47c7-9761-8c6ed67ce753,a1094a32-7692-40af-ba77-e904bfc5e1ba,3,1,3000,3000,,,,FALSE,FALSE,0
6eeae4d7-5b98-43a6-a613-a51b2ef86684,a1094a32-7692-40af-ba77-e904bfc5e1ba,4,4,3000,12000,,,,FALSE,FALSE,0
4a0f77cc-2023-4153-a85e-3394cd6510f2,a1094a32-7692-40af-ba77-e904bfc5e1ba,7,1,3000,3000,,,,FALSE,FALSE,0
a3d702e3-045d-4c21-a8a6-c9a539359c7f,a1094a32-7692-40af-ba77-e904bfc5e1ba,8,6,3000,18000,,,,FALSE,FALSE,0
e1597168-aee0-48c8-a204-f0f0cf518693,a1094a32-7692-40af-ba77-e904bfc5e1ba,15,1,3000,3000,,,,FALSE,FALSE,0
f86d3b49-7063-48d6-8254-4314af7d5716,1d3fcc91-e2ac-4e56-8850-addf6b9264c4,2,2,3000,6000,,,,FALSE,FALSE,0
fef9261c-c78a-4aad-9351-8e15db927728,1d3fcc91-e2ac-4e56-8850-addf6b9264c4,6,3,5000,15000,,,,FALSE,FALSE,0
4d6dd3f7-af95-40ea-b08f-930dafc482d4,1d3fcc91-e2ac-4e56-8850-addf6b9264c4,8,10,3000,30000,,,,FALSE,FALSE,0
b532a079-5e51-4447-b787-1246a1c2e75f,e2bda62b-e040-4fd6-b232-ac109c88d894,1,4,1200,4800,,,,FALSE,FALSE,0
cd011b11-5952-4f08-b3af-53197c48fe79,e2bda62b-e040-4fd6-b232-ac109c88d894,2,4,3000,12000,,,,FALSE,FALSE,0
a43b36d0-74b4-4531-bdfd-036d30d38093,e2bda62b-e040-4fd6-b232-ac109c88d894,7,1,3000,3000,,,,FALSE,FALSE,0
0d84ef63-9b3c-4b55-b71c-174a7d7807fc,e2bda62b-e040-4fd6-b232-ac109c88d894,8,5,3000,15000,,,,FALSE,FALSE,0
04e210cf-7e5c-41ec-b1b8-9f021e2db1ec,e2bda62b-e040-4fd6-b232-ac109c88d894,39,1,2500,2500,,,,FALSE,FALSE,0
61d61eb7-26d6-4e4a-9529-b28eb3c9dee8,e2bda62b-e040-4fd6-b232-ac109c88d894,14,1,5000,5000,,,,FALSE,FALSE,0
22c54508-ecc0-46a2-89a1-76217e70170d,4f2edc7f-5290-4245-a23f-716ad29cbeff,39,1,2500,2500,,,,FALSE,FALSE,0
66a07b42-13e3-4a14-a059-6385d1fa5e3e,d5b96bcc-3477-460a-91c1-76645044b156,3,1,3000,3000,,,,FALSE,FALSE,0
faf282cc-01ac-43bb-8705-e696d2d7b8ef,d5b96bcc-3477-460a-91c1-76645044b156,4,1,3000,3000,,,,FALSE,FALSE,0
eda1788b-cfd5-4296-83d3-77f164750628,d5b96bcc-3477-460a-91c1-76645044b156,6,1,5000,5000,,,,FALSE,FALSE,0
fed91a8f-63e0-41ec-95bd-ac57908f25bc,d5b96bcc-3477-460a-91c1-76645044b156,8,6,3000,18000,,,,FALSE,FALSE,0
6525cc86-17a1-4e93-9df5-0702fcdb6e65,3952cef8-be7d-4d13-ac33-376fccbe2659,1,3,1200,3600,,,,FALSE,FALSE,0
9bcb8c8b-c651-4604-8247-d4dfecac289c,3952cef8-be7d-4d13-ac33-376fccbe2659,3,1,3000,3000,,,,FALSE,FALSE,0
524c38b6-ff48-43dc-94c9-8ee1825771c5,3952cef8-be7d-4d13-ac33-376fccbe2659,8,2,3000,6000,,,,FALSE,FALSE,0
2155456f-45bc-41d4-aad9-af1aea8ef3bc,5ce0c138-0678-4c7e-a2bf-5b65a596442d,1,6,1200,7200,,,,FALSE,FALSE,0
049d15dd-45aa-46a8-845b-ed54735eae57,5ce0c138-0678-4c7e-a2bf-5b65a596442d,4,1,3000,3000,,,,FALSE,FALSE,0
842599ba-e141-4a41-9fc5-8aca61ec368d,5ce0c138-0678-4c7e-a2bf-5b65a596442d,6,1,5000,5000,,,,FALSE,FALSE,0
11b8c4dd-5546-4b8a-b576-b50941457ef6,5ce0c138-0678-4c7e-a2bf-5b65a596442d,7,2,3000,6000,,,,FALSE,FALSE,0
b596d6d2-b988-4e6f-9a03-06340c79caa9,5ce0c138-0678-4c7e-a2bf-5b65a596442d,8,2,3000,6000,,,,FALSE,FALSE,0
2e0a605b-bdd0-4409-9ec3-9402f037bf09,5ce0c138-0678-4c7e-a2bf-5b65a596442d,11,1,3000,3000,,,,FALSE,FALSE,0
fbc4dbe1-fa5a-48e3-b2c9-d0586792dd1f,3f80e172-4f64-4cb1-a675-97c6f88aeb4e,2,3,3000,9000,,,,FALSE,FALSE,0
99a69c5f-96c2-4aa2-a7ce-4eb8a4aeff91,3f80e172-4f64-4cb1-a675-97c6f88aeb4e,8,2,3000,6000,,,,FALSE,FALSE,0
156326f9-1d6f-4835-9649-0fb41cc4bc3a,3f80e172-4f64-4cb1-a675-97c6f88aeb4e,38,2,2500,5000,,,,FALSE,FALSE,0
82b122de-e5a9-44dd-be69-5ab915aace7d,3f80e172-4f64-4cb1-a675-97c6f88aeb4e,39,1,2500,2500,,,,FALSE,FALSE,0
4ad8281a-8c18-48c6-b704-ae4aad0bb5ae,c1104382-168f-4e10-88fc-8f72c14be64e,1,5,1200,6000,,,,FALSE,FALSE,0
87bca294-e676-4475-bb87-d7b9b003fa95,c1104382-168f-4e10-88fc-8f72c14be64e,2,3,3000,9000,,,,FALSE,FALSE,0
db531070-92d3-4fa1-a8c1-37c8172fdb13,c1104382-168f-4e10-88fc-8f72c14be64e,4,2,3000,6000,,,,FALSE,FALSE,0
76daee55-cb6d-4af4-aa6d-9e61510e4f36,c1104382-168f-4e10-88fc-8f72c14be64e,8,4,3000,12000,,,,FALSE,FALSE,0
9f17ae4f-6579-4fb1-a575-c1390ca87546,26096775-08ba-48bb-8636-17c994516b96,1,2,1200,2400,,,,FALSE,FALSE,0
3655bad6-bd5f-40ae-9506-f87ebee1daa5,26096775-08ba-48bb-8636-17c994516b96,2,5,3000,15000,,,,FALSE,FALSE,0
bc68ddff-ca14-4e65-b82d-ec1301f92ab2,26096775-08ba-48bb-8636-17c994516b96,8,14,3000,42000,,,,FALSE,FALSE,0
9e3071e1-dc06-4b47-9872-8c1cba0314ce,26096775-08ba-48bb-8636-17c994516b96,14,1,5000,5000,,,,FALSE,FALSE,0
c8544357-5b5b-490b-989c-d179b5182c7a,0adae088-053d-42fe-bc4f-a6ce086c25dd,1,7,1200,8400,,,,FALSE,FALSE,0
e5788cca-e81d-4e72-9419-6cb1f1542f23,0adae088-053d-42fe-bc4f-a6ce086c25dd,2,4,3000,12000,,,,FALSE,FALSE,0
eb7dfbc5-6948-4e13-a7c7-5ff5a87c6409,0adae088-053d-42fe-bc4f-a6ce086c25dd,3,2,3000,6000,,,,FALSE,FALSE,0
1f4f54f1-a6e7-48b0-8f5e-8f52c59f5f5c,0adae088-053d-42fe-bc4f-a6ce086c25dd,4,3,3000,9000,,,,FALSE,FALSE,0
c4226aa8-edeb-4378-8ca4-b27b25cfea83,0adae088-053d-42fe-bc4f-a6ce086c25dd,7,7,3000,21000,,,,FALSE,FALSE,0
e1e185f6-3659-44a2-81e8-ce0c416f764f,0adae088-053d-42fe-bc4f-a6ce086c25dd,8,14,3000,42000,,,,FALSE,FALSE,0
81f96e39-8524-462a-9043-1a73a8252107,0adae088-053d-42fe-bc4f-a6ce086c25dd,14,1,5000,5000,,,,FALSE,FALSE,0
9744465d-9cf1-4953-a101-682cadbdbf3d,bd2d2b6c-3c11-40a4-90c0-39ee42baadef,1,5,1200,6000,,688bd5b5-7177-47f3-aaad-f2ad71abbf2b,183163aa-cbf5-48b4-9712-dd6a70561a90,TRUE,TRUE,0
15380dd1-7a59-45d9-ae4c-fe8eac9388fc,bd2d2b6c-3c11-40a4-90c0-39ee42baadef,2,5,3000,15000,,688bd5b5-7177-47f3-aaad-f2ad71abbf2b,c23af4d9-636c-4903-9da6-f1db3880ce0f,TRUE,TRUE,0
8695c87e-9313-4fa5-a0f4-e48301f2eebd,bd2d2b6c-3c11-40a4-90c0-39ee42baadef,8,5,3000,15000,,688bd5b5-7177-47f3-aaad-f2ad71abbf2b,3593455b-7c00-4cb2-b203-8cd75c87ab4f,TRUE,TRUE,0
ad4c6bba-c14a-4c6d-b6b3-13ec5e4cd533,bd2d2b6c-3c11-40a4-90c0-39ee42baadef,38,2,2500,5000,,688bd5b5-7177-47f3-aaad-f2ad71abbf2b,27aa2b88-145c-470d-b96c-098f81468da2,TRUE,TRUE,0
78807970-cb1e-41f2-8f67-6d8ed768db52,bd2d2b6c-3c11-40a4-90c0-39ee42baadef,39,2,2500,5000,,688bd5b5-7177-47f3-aaad-f2ad71abbf2b,df58437c-8a06-4835-a489-60de8a47259b,TRUE,TRUE,0
90feadc5-1d02-42d6-afa0-4a779c518ec1,4406ce2b-2cd8-47bf-8c03-d0e6c2c500ab,2,3,3000,9000,,,,FALSE,FALSE,0
21ee6aff-1ce5-4405-bcb1-952a86c7c8a8,4406ce2b-2cd8-47bf-8c03-d0e6c2c500ab,3,3,3000,9000,,,,FALSE,FALSE,0
562a6cf9-2d8e-459d-836b-71f13ca7c36f,4406ce2b-2cd8-47bf-8c03-d0e6c2c500ab,8,3,3000,9000,,,,FALSE,FALSE,0
ddad9165-7da3-41a5-8b94-6fd089bb76e6,4406ce2b-2cd8-47bf-8c03-d0e6c2c500ab,11,1,3000,3000,,,,FALSE,FALSE,0
46754ae9-0ae6-44ca-9fa7-0f79a322f85b,fede2745-01d8-457d-8452-4a0baa0abaab,3,2,3000,6000,,,,FALSE,FALSE,0
70b62107-a078-424c-858a-7b0524ea3445,fede2745-01d8-457d-8452-4a0baa0abaab,8,6,3000,18000,,,,FALSE,FALSE,0
0a83860b-1f86-4245-bb1b-cc90c75a57d5,8405c49e-d298-4b3b-8f0b-af79cb4da799,1,2,1200,2400,,c1d3bbfc-2237-451d-8b5b-4859f3645316,d48ecef8-650a-4a87-b13b-0e829c4f90ba,FALSE,TRUE,0
7c9d5e03-9b7b-40bc-93c1-aa5084226fbd,8405c49e-d298-4b3b-8f0b-af79cb4da799,5,3,3500,10500,,,,FALSE,FALSE,0
c26b9189-1ebc-48e7-9dc9-3ef7752f4c49,8405c49e-d298-4b3b-8f0b-af79cb4da799,7,2,3000,6000,,c1d3bbfc-2237-451d-8b5b-4859f3645316,fc90d62e-4684-4131-881c-fcf65ec24f9a,FALSE,TRUE,0
644df81b-471b-4ac0-81f5-89a3f3d9a82d,160fc459-115a-4fb3-ae10-c6f531282383,1,2,1200,2400,,,,FALSE,FALSE,0
8aefd5d9-ee8d-4006-b210-41ee2d8f01ce,160fc459-115a-4fb3-ae10-c6f531282383,4,3,3000,9000,,c1d3bbfc-2237-451d-8b5b-4859f3645316,35fda35b-a465-420c-a668-4e05a3b1e0f9,FALSE,TRUE,0
2aa8a09d-858e-4718-900c-5b3c565a8cc0,160fc459-115a-4fb3-ae10-c6f531282383,7,2,3000,6000,,,,FALSE,FALSE,0
eb344462-09f0-4681-a32d-fea1c6e5b711,160fc459-115a-4fb3-ae10-c6f531282383,38,2,2500,5000,,,,FALSE,FALSE,0
c77dad08-04a1-4f80-acaa-6edad48e56e3,160fc459-115a-4fb3-ae10-c6f531282383,39,2,2500,5000,,,,FALSE,FALSE,0
3f4ec81f-1c3c-46da-bb23-fef74bc15062,7c3d65e3-cc0b-46e4-8961-5a4d52324f65,1,6,1200,7200,,,,FALSE,FALSE,0
02c068e3-f0e4-41be-b8e1-5ecab9df66c4,7c3d65e3-cc0b-46e4-8961-5a4d52324f65,2,3,3000,9000,,,,FALSE,FALSE,0
3dce214b-bb67-4792-a912-6e7583108e88,7c3d65e3-cc0b-46e4-8961-5a4d52324f65,3,2,3000,6000,,,,FALSE,FALSE,0
06da8865-7292-4d57-887a-c84419cc4bbe,7c3d65e3-cc0b-46e4-8961-5a4d52324f65,5,1,3500,3500,,,,FALSE,FALSE,0
1f35c5db-59f9-4e04-9d7f-7638f15d5757,7c3d65e3-cc0b-46e4-8961-5a4d52324f65,8,7,3000,21000,,,,FALSE,FALSE,0
15a3def3-e743-4073-bdc8-cae284794f10,7c3d65e3-cc0b-46e4-8961-5a4d52324f65,11,2,3000,6000,,,,FALSE,FALSE,0
0bf9803d-6561-4421-a45b-c006ea35a645,b8378675-f45b-42dd-b0f8-70ae17b207a2,11,3,3000,9000,,,,FALSE,FALSE,0
69dc6787-8947-4591-81bc-712a5b24e56b,2d3e9f8a-85b1-4680-8caa-28e201898bc2,1,18,1200,21600,,,,FALSE,FALSE,0
2d56c81a-38b2-45cb-9951-fa55204be7f6,2d3e9f8a-85b1-4680-8caa-28e201898bc2,2,6,3000,18000,,,,FALSE,FALSE,0
52f8628d-38fe-419b-9152-8d41d47ac942,2d3e9f8a-85b1-4680-8caa-28e201898bc2,4,3,3000,9000,,,,FALSE,FALSE,0
91be7956-66cc-495a-8fca-deb6d4e3f1d2,2d3e9f8a-85b1-4680-8caa-28e201898bc2,6,2,5000,10000,,,,FALSE,FALSE,0
a1d95f49-23bc-458c-bfa2-d15084969810,2d3e9f8a-85b1-4680-8caa-28e201898bc2,7,6,3000,18000,,,,FALSE,FALSE,0
22371cbe-d685-43c1-b8d5-71eb6ab1753c,2d3e9f8a-85b1-4680-8caa-28e201898bc2,8,6,3000,18000,,,,FALSE,FALSE,0
319570e2-1d7d-4286-bff5-e6fb2426a636,2d3e9f8a-85b1-4680-8caa-28e201898bc2,10,1,3000,3000,,,,FALSE,FALSE,0
bcd2e59a-b3e9-4c75-b7cc-454c8bb16757,93fd08fd-4a40-4fdb-b69f-f03549b9e54f,2,6,3000,18000,,,,FALSE,FALSE,0
8a59a182-531d-41c1-859c-ff7b17814122,93fd08fd-4a40-4fdb-b69f-f03549b9e54f,3,6,3000,18000,,,,FALSE,FALSE,0
28b8d5d6-bcec-477f-8129-d2276972677e,93fd08fd-4a40-4fdb-b69f-f03549b9e54f,7,6,3000,18000,,,,FALSE,FALSE,0
bf14d46b-9e18-441c-912d-50c7890eb652,93fd08fd-4a40-4fdb-b69f-f03549b9e54f,8,12,3000,36000,,,,FALSE,FALSE,0
63371da0-5886-46bc-9275-f07f93ad2c09,1a9a1db0-7997-4630-8467-edff6d811a03,1,18,1200,21600,,,,FALSE,FALSE,0
4ac0ebbd-8385-4440-b3cd-f8dd30412585,1a9a1db0-7997-4630-8467-edff6d811a03,2,6,3000,18000,,,,FALSE,FALSE,0
93ed08f5-685e-4e49-9019-c72112eb53e1,1a9a1db0-7997-4630-8467-edff6d811a03,3,3,3000,9000,,,,FALSE,FALSE,0
4f808341-bb0c-41b4-8a8a-8df13b91f962,1a9a1db0-7997-4630-8467-edff6d811a03,4,3,3000,9000,,,,FALSE,FALSE,0
4a967c21-d428-4ebd-a2e5-cb5a7fa59733,1a9a1db0-7997-4630-8467-edff6d811a03,6,2,5000,10000,,,,FALSE,FALSE,0
f0c711ed-8f8c-450e-9c0d-09107531c5f2,1a9a1db0-7997-4630-8467-edff6d811a03,7,6,3000,18000,,,,FALSE,FALSE,0
d581cf8a-ea7a-4ae2-8789-a692eb536ab6,1a9a1db0-7997-4630-8467-edff6d811a03,8,6,3000,18000,,,,FALSE,FALSE,0
87e75c0e-9781-4f0e-b800-70aa33c4b285,811d91b3-a845-4e47-ab2e-575a5ea0ad21,4,6,3000,18000,,,,FALSE,FALSE,0
747ea399-7bba-416a-ba65-e7a6169fde92,811d91b3-a845-4e47-ab2e-575a5ea0ad21,5,3,3500,10500,,,,FALSE,FALSE,0
edd00a32-4940-4210-b668-babdbb1a71f3,5bcd35c9-a55e-446d-b141-4d7ea30b7216,10,1,3000,3000,,,,FALSE,FALSE,0
8c9fae36-7df9-4ea5-9248-aba074404d8f,5bcd35c9-a55e-446d-b141-4d7ea30b7216,11,1,3000,3000,,,,FALSE,FALSE,0
911c7787-21b8-406a-9810-ff70af60be86,5bcd35c9-a55e-446d-b141-4d7ea30b7216,15,1,3000,3000,,,,FALSE,FALSE,0
81e993bb-8892-4d0a-bb8b-7e80b400a3ae,f438f26f-c666-4fc3-9565-6770fc4b5bb2,1,12,1200,14400,,,,FALSE,FALSE,0
a8b4ed89-9626-45b8-9289-24fe296d8772,f438f26f-c666-4fc3-9565-6770fc4b5bb2,2,6,3000,18000,,,,FALSE,FALSE,0
0b1ddeed-167f-451f-b24f-1c9c2aae2d4f,f438f26f-c666-4fc3-9565-6770fc4b5bb2,3,1,3000,3000,,,,FALSE,FALSE,0
105a54a3-7514-4afc-97f8-0a59d3088879,f438f26f-c666-4fc3-9565-6770fc4b5bb2,4,1,3000,3000,,,,FALSE,FALSE,0
db454529-9daf-4db8-85c5-f97f7586985a,f438f26f-c666-4fc3-9565-6770fc4b5bb2,6,1,5000,5000,,,,FALSE,FALSE,0
515a44aa-bc33-43f3-9af3-25401a57ba59,f438f26f-c666-4fc3-9565-6770fc4b5bb2,7,6,3000,18000,,,,FALSE,FALSE,0
26611c9f-ba87-4c44-8394-18daa415346b,f438f26f-c666-4fc3-9565-6770fc4b5bb2,8,10,3000,30000,,,,FALSE,FALSE,0
1af50828-9eab-46af-932e-f908c10a98bc,bbfee893-38da-445a-b401-cd156eddff59,7,6,3000,18000,,,,FALSE,FALSE,0
eec12002-27c2-4ccb-b983-a3edd627db47,bbfee893-38da-445a-b401-cd156eddff59,6,1,5000,5000,,,,FALSE,FALSE,0
3106dd62-1e41-4889-aa95-34a8eda83ee0,bbfee893-38da-445a-b401-cd156eddff59,17,2,3000,6000,,,,FALSE,FALSE,0
788682e8-cffd-4bfd-9859-ccd8f25366a1,c59d0e6a-89d0-4517-93d3-8bc14ebbf07e,2,6,3000,18000,,,,FALSE,FALSE,0
2df1f1d0-7474-4dad-ae97-b7297004b0f6,c59d0e6a-89d0-4517-93d3-8bc14ebbf07e,3,2,3000,6000,,,,FALSE,FALSE,0
89a06962-a99c-429c-95ca-c7d0a20b2e8a,c59d0e6a-89d0-4517-93d3-8bc14ebbf07e,4,1,3000,3000,,,,FALSE,FALSE,0
7cdec663-3d0d-4ebf-94bf-79f79080e238,c59d0e6a-89d0-4517-93d3-8bc14ebbf07e,8,18,3000,54000,,,,FALSE,FALSE,0
385c1561-4747-464d-9892-da046b3eb1bc,c59d0e6a-89d0-4517-93d3-8bc14ebbf07e,10,1,3000,3000,,,,FALSE,FALSE,0
df431860-08df-4da5-bb7b-62f8a6936660,c898aac9-b248-433d-974e-09d704572b8b,1,15,1200,18000,,,,FALSE,FALSE,0
4e085a45-b3c4-4d40-a19d-a4e2f1b029aa,c898aac9-b248-433d-974e-09d704572b8b,3,2,3000,6000,,,,FALSE,FALSE,0
fc04438d-1439-4183-8aba-f34f8ce5a7f6,c898aac9-b248-433d-974e-09d704572b8b,4,1,3000,3000,,,,FALSE,FALSE,0
e9473843-5373-4eab-9341-001ff4c6570f,c898aac9-b248-433d-974e-09d704572b8b,6,1,5000,5000,,,,FALSE,FALSE,0
dc9eaadf-7776-4bbb-a2c7-4f3c9d2f6d2e,c898aac9-b248-433d-974e-09d704572b8b,8,15,3000,45000,,,,FALSE,FALSE,0
50f61359-37c6-4392-9b14-ba5bd704169d,c898aac9-b248-433d-974e-09d704572b8b,38,1,2500,2500,,,,FALSE,FALSE,0
c38b8366-61f6-4397-9e54-4cb76ce171c4,c898aac9-b248-433d-974e-09d704572b8b,39,1,2500,2500,,,,FALSE,FALSE,0
eb286456-204f-4eaf-8f95-073241b9b7dd,6b229dd7-1778-4c7a-be55-03db289fedf0,3,3,3000,9000,,,,FALSE,FALSE,0
14a236ef-bfd3-405c-bce5-622d6db63cad,6b229dd7-1778-4c7a-be55-03db289fedf0,5,3,3500,10500,,,,FALSE,FALSE,0
324ff5fb-21a1-4872-acfe-814ee4588494,6b229dd7-1778-4c7a-be55-03db289fedf0,38,1,2500,2500,,,,FALSE,FALSE,0
0c27af24-62b3-4a9f-989c-9670114a0f63,6b229dd7-1778-4c7a-be55-03db289fedf0,39,2,2500,5000,,,,FALSE,FALSE,0
97ede4c4-d5eb-485a-9d18-418baf1d5b91,6b229dd7-1778-4c7a-be55-03db289fedf0,14,1,5000,5000,,,,FALSE,FALSE,0
a3a6d2cf-ff84-403e-9b1e-9e83235a4a61,8bab937e-d85a-4a8b-868c-bafeca9703af,3,2,3000,6000,,,,FALSE,FALSE,0
ac84a7e0-bb25-4515-91e3-22e7c0507cf2,9418e654-4841-40ce-83ce-c042d39343ce,1,12,1200,14400,,,,FALSE,FALSE,0
71365fdf-9249-4042-83f9-d4b815499af6,9418e654-4841-40ce-83ce-c042d39343ce,3,2,3000,6000,,,,FALSE,FALSE,0
11cf730e-4f75-4e9a-b9cf-47092b58963b,9418e654-4841-40ce-83ce-c042d39343ce,4,1,3000,3000,,,,FALSE,FALSE,0
92d9e0a3-efec-4bf3-babf-17cc1cb420d4,9418e654-4841-40ce-83ce-c042d39343ce,5,1,3000,3000,,,,FALSE,FALSE,0
0f6e4661-e49c-4e75-9ea0-db4e4d3455bf,9418e654-4841-40ce-83ce-c042d39343ce,8,12,3000,36000,,,,FALSE,FALSE,0
473408e3-e4da-4308-a6d8-547570c3f6be,9418e654-4841-40ce-83ce-c042d39343ce,38,2,2500,5000,,,,FALSE,FALSE,0
4c5715ad-396a-47b9-b6de-a8387687e6dc,9418e654-4841-40ce-83ce-c042d39343ce,39,2,2500,5000,,,,FALSE,FALSE,0
7639c366-d723-4e28-9498-e48046484d8a,0ba6d79f-c363-4d45-abb0-4a47656a8dae,17,1,3000,3000,,,,FALSE,FALSE,0
dec155ae-08e3-42b6-be01-01f00cd5337f,0ba6d79f-c363-4d45-abb0-4a47656a8dae,24,1,3000,3000,,,,FALSE,FALSE,0
594132fd-7d99-4fc9-be96-bb96e08c60f4,ae2e8572-7fea-4df0-a285-15ad8a80f50e,1,18,1200,21600,,,,FALSE,FALSE,0
a6982f7b-b2f8-4fa9-b524-c56b235111b3,ae2e8572-7fea-4df0-a285-15ad8a80f50e,2,6,3000,18000,,,,FALSE,FALSE,0
bb3e4470-9bb0-491c-8b40-8d4dce73e7bd,ae2e8572-7fea-4df0-a285-15ad8a80f50e,3,6,3000,18000,,,,FALSE,FALSE,0
f48c62de-e9c2-484b-bb15-00ccbff64018,ae2e8572-7fea-4df0-a285-15ad8a80f50e,5,2,3500,7000,,,,FALSE,FALSE,0
8e855a8e-9bbb-4782-b426-f3f03559bf08,ae2e8572-7fea-4df0-a285-15ad8a80f50e,8,12,3000,36000,,,,FALSE,FALSE,0
f7827e56-5316-4cb2-809a-6ee0ecfc30d4,ae2e8572-7fea-4df0-a285-15ad8a80f50e,10,1,3000,3000,,,,FALSE,FALSE,0
882ae75a-3f9c-4dc5-9e50-1233a55e1568,ae2e8572-7fea-4df0-a285-15ad8a80f50e,11,1,3000,3000,,,,FALSE,FALSE,0
e3e466a1-7064-4d3b-b075-ce1131aa4ffb,59b62d38-6d7d-4919-b141-dc723457abee,3,3,3000,9000,,,,FALSE,FALSE,0
e11f492e-658c-429e-85dc-cfc576803902,59b62d38-6d7d-4919-b141-dc723457abee,4,3,3000,9000,,,,FALSE,FALSE,0
6e4065ae-517c-4c1f-a3d7-cad754f2b5e0,59b62d38-6d7d-4919-b141-dc723457abee,7,1,3000,3000,,,,FALSE,FALSE,0
32cfc94e-a13b-4b3d-b108-b8cd898ff2b2,59b62d38-6d7d-4919-b141-dc723457abee,8,6,3000,18000,,,,FALSE,FALSE,0
b6495761-2746-4582-b92f-623621e36450,59b62d38-6d7d-4919-b141-dc723457abee,9,1,3000,3000,,,,FALSE,FALSE,0
90e6c0a2-b3c3-4edd-b57d-5da90450cc0a,59b62d38-6d7d-4919-b141-dc723457abee,17,1,3000,3000,,,,FALSE,FALSE,0
cc8b06b5-26e4-43ca-bea8-41a76b1f76ec,539cab2f-24dd-4224-8701-3bc8a1d1a7f4,1,6,1200,7200,,,,FALSE,FALSE,0
e081d71e-3fae-4d01-b338-53fac39bc27a,539cab2f-24dd-4224-8701-3bc8a1d1a7f4,3,3,3000,9000,,,,FALSE,FALSE,0
ddfdabf2-72ef-4034-9d41-591eff8b4143,539cab2f-24dd-4224-8701-3bc8a1d1a7f4,4,3,3000,9000,,,,FALSE,FALSE,0
f2746ca1-8d00-41e8-9ff2-94c634467445,539cab2f-24dd-4224-8701-3bc8a1d1a7f4,6,2,5000,10000,,,,FALSE,FALSE,0
209a0ba1-248f-4836-a9bc-974ce76871a6,539cab2f-24dd-4224-8701-3bc8a1d1a7f4,8,6,3000,18000,,,,FALSE,FALSE,0
b23891dd-3a4f-4b7f-ab18-228670334efb,c9f9c449-3860-4294-ac25-f4ac6f4c22d5,1,30,1200,36000,,,,FALSE,FALSE,0
7266082f-797d-42fd-988b-6d4e62f8bc4c,c9f9c449-3860-4294-ac25-f4ac6f4c22d5,2,12,3000,36000,,,,FALSE,FALSE,0
16d6fcae-ca85-4e92-82ff-06d68e733ef4,c9f9c449-3860-4294-ac25-f4ac6f4c22d5,3,12,3000,36000,,,,FALSE,FALSE,0
f127e8bc-48a4-4c1a-bffa-b91b4714d80a,c9f9c449-3860-4294-ac25-f4ac6f4c22d5,4,12,3000,36000,,,,FALSE,FALSE,0
025a9afa-6493-4c78-917c-b23514432878,c9f9c449-3860-4294-ac25-f4ac6f4c22d5,7,18,3000,54000,,,,FALSE,FALSE,0
122aa3ba-48a7-454c-9516-cf678a816b32,c9f9c449-3860-4294-ac25-f4ac6f4c22d5,8,30,3000,90000,,,,FALSE,FALSE,0
e82a444a-d1a4-45e1-946d-48e0a2f4802c,c9f9c449-3860-4294-ac25-f4ac6f4c22d5,11,6,3000,18000,,,,FALSE,FALSE,0
abdb881e-f5d6-4235-b328-15edf2df2daf,7616d72e-dc20-40a9-84de-3cd105709adc,8,30,3000,90000,,,,FALSE,FALSE,0
05106542-b732-427b-86cc-bcdbe73a42a5,7616d72e-dc20-40a9-84de-3cd105709adc,14,6,5000,30000,,,,FALSE,FALSE,0
d8618944-d471-44ff-8f59-205a6fc013ff,7616d72e-dc20-40a9-84de-3cd105709adc,21,2,4500,9000,,,,FALSE,FALSE,0
56b4a544-893e-4392-8355-2f37508853e3,7616d72e-dc20-40a9-84de-3cd105709adc,26,3,3000,9000,,,,FALSE,FALSE,0
f34d87e5-9c70-48d6-905c-25e8352e4f6b,bea978ad-ec7d-4084-b67d-77b28f14908a,28,80,100,8000,,,,FALSE,FALSE,0
2572c86c-5298-42aa-a535-fc99a2ec7101,ce3d8d95-09c9-4e77-82f9-72bb51106c3e,11,3,3000,9000,,,,FALSE,FALSE,0
60bb4f6c-1d1e-47be-a6c0-4ca95eb153ab,ce3d8d95-09c9-4e77-82f9-72bb51106c3e,9,1,3000,3000,,,,FALSE,FALSE,0
6f636863-0d30-4aea-9bb8-4e72870dca34,ce3d8d95-09c9-4e77-82f9-72bb51106c3e,38,3,2500,7500,,,,FALSE,FALSE,0
2a29cd40-d820-4ea5-bd45-cb5be0d6a2d1,ce3d8d95-09c9-4e77-82f9-72bb51106c3e,39,2,2500,5000,,,,FALSE,FALSE,0
a296ac67-0648-4900-836b-346d9729911b,ce3d8d95-09c9-4e77-82f9-72bb51106c3e,15,2,3000,6000,,,,FALSE,FALSE,0
1bee4e50-af46-4620-aa9d-c62faebb5e8a,eea74eab-3d77-45d1-8d5b-d3540a1df724,1,6,1200,7200,,,,FALSE,FALSE,0
f61f09d3-bfbe-45a6-b7ee-f288b7f33076,eea74eab-3d77-45d1-8d5b-d3540a1df724,2,6,3000,18000,,,,FALSE,FALSE,0
eb5a163b-cb5e-40a9-943c-7cc3a97f6445,eea74eab-3d77-45d1-8d5b-d3540a1df724,3,6,3000,18000,,,,FALSE,FALSE,0
1ed2571f-8463-4f0e-8f77-b81687db7e26,eea74eab-3d77-45d1-8d5b-d3540a1df724,4,6,3000,18000,,,,FALSE,FALSE,0
4509505b-50a5-44f2-9fc6-caa58ede910b,eea74eab-3d77-45d1-8d5b-d3540a1df724,6,1,5000,5000,,,,FALSE,FALSE,0
37800bf6-13aa-44c1-bf7f-75e19660468c,eea74eab-3d77-45d1-8d5b-d3540a1df724,7,6,3000,18000,,,,FALSE,FALSE,0
7b2f13a9-9146-4d68-a6c1-abcba101e6d6,eea74eab-3d77-45d1-8d5b-d3540a1df724,8,18,3000,54000,,,,FALSE,FALSE,0
c309ff07,402f97f6,11,6,3000,18000,,30aa92fb-b03c-4a2f-8f19-acbe111645fa,a741e33b-e0bd-4b3d-ac52-9467344cb19f,FALSE,TRUE,0
e1279322,402f97f6,38,6,2500,15000,,30aa92fb-b03c-4a2f-8f19-acbe111645fa,,FALSE,TRUE,0
57623df5,402f97f6,39,6,2500,15000,,30aa92fb-b03c-4a2f-8f19-acbe111645fa,,FALSE,TRUE,0
3d1548ec,402f97f6,8,60,3000,180000,,30aa92fb-b03c-4a2f-8f19-acbe111645fa,875930cb-e56f-499d-a226-9fffb303d6da,FALSE,TRUE,0
da94c0a1,45f3ebdb,14,6,5000,30000,,30aa92fb-b03c-4a2f-8f19-acbe111645fa,bca570cb-3f22-49d5-9e28-ed75b8f5643a,FALSE,TRUE,0
54c6d525,460fab3a,4,3,3000,9000,,60755c74-427e-4dcf-945a-ee65182716dc,5196eb4b-3ddd-4c39-ae15-acb9bf7733d3,FALSE,TRUE,0
83492c17,460fab3a,2,2,3000,6000,,60755c74-427e-4dcf-945a-ee65182716dc,,FALSE,TRUE,0
29dee52d,460fab3a,8,3,3000,9000,,60755c74-427e-4dcf-945a-ee65182716dc,c3af5b10-62c8-4df6-aa0b-4cac6936e778,FALSE,TRUE,0
a84c7e67,460fab3a,1,3,1200,3600,,60755c74-427e-4dcf-945a-ee65182716dc,f8b70247-005a-4683-ad0b-e3575b0f5ab3,FALSE,TRUE,0
6e5cc3d3-40e0-4e81-8cdd-42d6f22bda79,39eee881-7cf7-48fe-b610-9d6ef711bffe,4,6,3000,18000,,,,FALSE,FALSE,0
faed88e2-223a-466b-8dc6-aca0e2aa875a,39eee881-7cf7-48fe-b610-9d6ef711bffe,8,12,3000,36000,,,,FALSE,FALSE,0
58909d32-9a3c-41df-8893-e7a470e75dd9,39eee881-7cf7-48fe-b610-9d6ef711bffe,4,6,3000,18000,,,,FALSE,FALSE,0
926380a2-7ece-4f4b-8a2a-82c303f02280,39eee881-7cf7-48fe-b610-9d6ef711bffe,2,6,3000,18000,,,,FALSE,FALSE,0
450c35f1-3094-4e53-8035-3ade05a71e7f,39eee881-7cf7-48fe-b610-9d6ef711bffe,8,18,3000,54000,,,,FALSE,FALSE,0
065b864e-558d-47ad-b0b8-03c66dc2c692,39eee881-7cf7-48fe-b610-9d6ef711bffe,38,6,2500,15000,,,,FALSE,FALSE,0
cfe148d6-6cbf-400f-81eb-a49b8e32940e,39eee881-7cf7-48fe-b610-9d6ef711bffe,39,6,2500,15000,,,,FALSE,FALSE,0
1e7b48af-6949-49f4-a214-ff7e1023fe04,571af589-b4a3-4297-b269-0404e1afb8e4,1,18,1200,21600,,,,FALSE,FALSE,0
e0107a1d-3731-42b6-9d57-dd12b5004fae,571af589-b4a3-4297-b269-0404e1afb8e4,3,6,3000,18000,,,,FALSE,FALSE,0
068eff83-9a4a-42bc-9c27-314270f4ba63,571af589-b4a3-4297-b269-0404e1afb8e4,8,12,3000,36000,,,,FALSE,FALSE,0
e1ba293a-f25c-4eb8-b8ee-acfe0a9ca896,571af589-b4a3-4297-b269-0404e1afb8e4,10,6,3000,18000,,,,FALSE,FALSE,0
1e05ce3f-1254-4ae9-a891-4f8b0ae6d4b5,571af589-b4a3-4297-b269-0404e1afb8e4,11,6,3000,18000,,,,FALSE,FALSE,0
768d2c17-7d3b-41b0-a48d-54ac3f96e669,571af589-b4a3-4297-b269-0404e1afb8e4,4,6,3000,18000,,,,FALSE,FALSE,0
f8f9864a-9465-4cd2-9d82-0130786ca37c,571af589-b4a3-4297-b269-0404e1afb8e4,1,18,1200,21600,,,,FALSE,FALSE,0
4bb1721c-8e44-40a8-a3de-9a73bd163f38,d654d794-b76f-4f7a-b2c5-745aa4c14b73,8,6,3000,18000,,,,FALSE,FALSE,0
7ad496b5-6f47-441d-929c-7a0e9d0a7fd3,d654d794-b76f-4f7a-b2c5-745aa4c14b73,14,6,5000,30000,,,,FALSE,FALSE,0
a11fc47c-b05e-46d6-9b21-b4c4839aed13,d654d794-b76f-4f7a-b2c5-745aa4c14b73,8,6,3000,18000,,,,FALSE,FALSE,0
96c56556-1c1c-400b-8e99-f96753d56868,d654d794-b76f-4f7a-b2c5-745aa4c14b73,2,6,3000,18000,,,,FALSE,FALSE,0
58d41202-fa39-4c3b-b53b-1b0bfde2fade,d654d794-b76f-4f7a-b2c5-745aa4c14b73,10,6,3000,18000,,,,FALSE,FALSE,0
7eea3fd3-35f2-4318-b2d8-020e9107a585,d654d794-b76f-4f7a-b2c5-745aa4c14b73,2,6,3000,18000,,,,FALSE,FALSE,0
2e738569-cc7f-4ec2-9a7c-7e4fd2845afb,d654d794-b76f-4f7a-b2c5-745aa4c14b73,8,12,3000,36000,,,,FALSE,FALSE,0
53088939-5f1c-4785-b285-2d365bd60f46,89632b48-0141-4805-9ff8-30d3f8bd2d88,8,12,3000,36000,,,,FALSE,FALSE,0
c4bc7cd4-f4a2-432a-bb3f-29c71bce7373,89632b48-0141-4805-9ff8-30d3f8bd2d88,6,1,5000,5000,,,,FALSE,FALSE,0
29128052-aeb8-4a7f-bec2-1838524aa254,89632b48-0141-4805-9ff8-30d3f8bd2d88,1,6,1200,7200,,,,FALSE,FALSE,0
3629822b-a48f-4704-b8d4-f29f6dfbd660,89632b48-0141-4805-9ff8-30d3f8bd2d88,4,6,3000,18000,,,,FALSE,FALSE,0
e4e1db04-4d17-4b4d-9f35-96dd0922f5de,89632b48-0141-4805-9ff8-30d3f8bd2d88,8,6,3000,18000,,,,FALSE,FALSE,0
58320a64-9a79-4129-9a78-68170893bc05,89632b48-0141-4805-9ff8-30d3f8bd2d88,6,1,5000,5000,,,,FALSE,FALSE,0
9e35e352-1f4e-49ac-b313-9ba1a61aed64,89632b48-0141-4805-9ff8-30d3f8bd2d88,24,1,3000,3000,,,,FALSE,FALSE,0
4fd5e76f-1c27-4568-b11b-d2ff297fa718,ec2b1f1a-d260-4c83-9291-cff82cfc263b,5,6,3500,21000,,,,FALSE,FALSE,0
a393202a-b3a7-4c56-a652-938ee08952c0,ec2b1f1a-d260-4c83-9291-cff82cfc263b,2,6,3000,18000,,,,FALSE,FALSE,0
44a976da-076d-4dab-a921-de7865ce6b96,ec2b1f1a-d260-4c83-9291-cff82cfc263b,4,6,3000,18000,,,,FALSE,FALSE,0
a6a4ded8-5268-4dc2-9b19-e37c0b676ce7,ec2b1f1a-d260-4c83-9291-cff82cfc263b,7,6,3000,18000,,,,FALSE,FALSE,0
8663dd4f-2534-45c9-896d-96ae63296c2c,ec2b1f1a-d260-4c83-9291-cff82cfc263b,1,6,1200,7200,,,,FALSE,FALSE,0
1e2958f3-d8a7-45f6-828e-e94ea678c801,ec2b1f1a-d260-4c83-9291-cff82cfc263b,4,6,3000,18000,,,,FALSE,FALSE,0
5710ac53-ece5-42fd-ac03-3f1f7d0b7469,ec2b1f1a-d260-4c83-9291-cff82cfc263b,8,6,3000,18000,,,,FALSE,FALSE,0
b0f469ca-35cf-4477-838f-22018a982e5f,1e4e34ad-7537-4dc9-b3c9-a39d5bf05f12,6,1,5000,5000,,,,FALSE,FALSE,0
398f8b52-5ea5-4abf-9ec8-c8afdc16f1c0,08395205-25e6-4ec3-9cf0-7adeb5c3268d,2,6,3000,18000,,41db99a6,a061fbc0,TRUE,TRUE,0
ae3a11ad-fae3-4263-8f7e-7d27bb83e4ba,08395205-25e6-4ec3-9cf0-7adeb5c3268d,3,6,3000,18000,,41db99a6,4c512ada,TRUE,TRUE,0
67259a84-f71c-49af-a5fc-0bd997405a88,08395205-25e6-4ec3-9cf0-7adeb5c3268d,4,6,3000,18000,,41db99a6,ffdd6df5,TRUE,TRUE,0
1efbbb6d-45c9-4480-bf93-3c8184bdf85e,08395205-25e6-4ec3-9cf0-7adeb5c3268d,8,18,3000,54000,,41db99a6,13aa9c94,TRUE,TRUE,0
eb0b42e8-2f64-46e9-a2e4-03f2ea7cfc38,08395205-25e6-4ec3-9cf0-7adeb5c3268d,9,6,3000,18000,,41db99a6,948495b4,TRUE,TRUE,0
efa83a9f-1905-41aa-b0cc-f194c4585b0b,08395205-25e6-4ec3-9cf0-7adeb5c3268d,11,2,3000,6000,,41db99a6,7deae800-ecd0-49e0-9e40-04108f95e613,TRUE,TRUE,0
6f5baded-eaa7-4376-b3b1-d9c2d8fe3158,08395205-25e6-4ec3-9cf0-7adeb5c3268d,1,18,1200,21600,,41db99a6,2ccba28b,TRUE,TRUE,0
7fdc1080-f3f1-4969-8027-e947446da937,f8f78685-c3f6-499f-bcda-3109c627b622,1,2,1200,2400,,,,FALSE,FALSE,0
c9664368-0dda-4288-a009-4e92fcea3516,f8f78685-c3f6-499f-bcda-3109c627b622,2,5,3000,15000,,,,FALSE,FALSE,0
4bacb50e-0803-45e4-9e67-2f3a37900ba8,f8f78685-c3f6-499f-bcda-3109c627b622,8,5,3000,15000,,,,FALSE,FALSE,0
6fb5aa0f-f41f-492c-b3ea-8796cd61c0dc,f8f78685-c3f6-499f-bcda-3109c627b622,14,2,5000,10000,,,,FALSE,FALSE,0
ef831c45,0f2f0f81,39,1,2500,2500,,8755a8ac-5a1d-4162-9592-c1450d8ebcbc,4cfa7154-5e4c-4df3-9556-9129d6c3e0d0,FALSE,TRUE,0
4b31cc92,0f2f0f81,8,2,3000,6000,,8755a8ac-5a1d-4162-9592-c1450d8ebcbc,6dde3315-09ac-4ee3-b196-71ee645bc254,FALSE,TRUE,0
f0e5ca38,2096c0ce,9,6,3000,18000,,74b3dc61-88e2-40f8-8947-103cc2b208cd,,FALSE,TRUE,0
849c63da,2096c0ce,3,6,3000,18000,,74b3dc61-88e2-40f8-8947-103cc2b208cd,cbfb53e4-b3dc-4880-80a6-564578c09876,FALSE,TRUE,0
0ae421c5,2096c0ce,4,6,3000,18000,,74b3dc61-88e2-40f8-8947-103cc2b208cd,7c1aadf8-94ca-4949-b080-371939fdeea7,FALSE,TRUE,0
f67e8daa,2096c0ce,1,18,1200,21600,,74b3dc61-88e2-40f8-8947-103cc2b208cd,825c5da1-eaae-4b83-9829-4b958263cfea,FALSE,TRUE,0
749d79a6,2096c0ce,2,6,3000,18000,,74b3dc61-88e2-40f8-8947-103cc2b208cd,75b71d62-2699-4cc7-bf58-c85dfdb14033,FALSE,TRUE,0
b11500e9,2096c0ce,11,2,3000,6000,,74b3dc61-88e2-40f8-8947-103cc2b208cd,f3565d0c-5b39-4359-a154-89ae75385051,FALSE,TRUE,0
24924408,2096c0ce,8,18,3000,54000,,74b3dc61-88e2-40f8-8947-103cc2b208cd,101cf711-9f8a-4997-8ef8-0c9745f14b10,FALSE,TRUE,0
9fc8d2c7,a18a5c09,4,3,3000,9000,,c1d3bbfc-2237-451d-8b5b-4859f3645316,35fda35b-a465-420c-a668-4e05a3b1e0f9,TRUE,TRUE,0
a36b2445,a18a5c09,38,2,2500,5000,,c1d3bbfc-2237-451d-8b5b-4859f3645316,c4c0ab57-5f42-44e4-865b-bb4f8665d5ca,FALSE,TRUE,0
a21fbc22,a18a5c09,7,2,3000,6000,,c1d3bbfc-2237-451d-8b5b-4859f3645316,fc90d62e-4684-4131-881c-fcf65ec24f9a,TRUE,TRUE,0
1aacab64,a18a5c09,39,2,2500,5000,,c1d3bbfc-2237-451d-8b5b-4859f3645316,132ab675-646a-43a2-9b09-41a1a3d70eed,FALSE,TRUE,0
1f5fa5dd,a18a5c09,1,2,1200,2400,,c1d3bbfc-2237-451d-8b5b-4859f3645316,d48ecef8-650a-4a87-b13b-0e829c4f90ba,TRUE,TRUE,0
b6c2fd80,a18a5c09,2,5,3000,15000,,c1d3bbfc-2237-451d-8b5b-4859f3645316,,FALSE,TRUE,0
3f14f10b,a18a5c09,8,5,3000,15000,,c1d3bbfc-2237-451d-8b5b-4859f3645316,f5a2f042-3de9-43d1-98f5-417c5de2dc32,FALSE,TRUE,0
ebc6610a,a18a5c09,1,5,1200,6000,,c1d3bbfc-2237-451d-8b5b-4859f3645316,d48ecef8-650a-4a87-b13b-0e829c4f90ba,FALSE,TRUE,0
a22aeb7c-6b7a-493f-99a8-eb45977345f9,a4a09d60-d022-4918-9782-8d8ef775c970,2,6,3000,18000,,,,FALSE,FALSE,0
2fe16dd7-1cb4-4d74-99d6-77eee8cc3bc6,a4a09d60-d022-4918-9782-8d8ef775c970,3,3,3000,9000,,,,FALSE,FALSE,0
df7ea0cc-e13d-46bf-93a4-55ff4f5fd534,a4a09d60-d022-4918-9782-8d8ef775c970,8,6,3000,18000,,,,FALSE,FALSE,0
a8e5ee8d-1813-4e96-8a93-e6451ee32264,396b09fa-caf1-4141-895a-3c004275911e,2,3,3000,9000,,,,FALSE,FALSE,0
fda34ef1-9552-4415-b200-3df4e5e79020,396b09fa-caf1-4141-895a-3c004275911e,8,12,3000,36000,,,,FALSE,FALSE,0
11ab7a96-663f-4b69-8a12-c70d7a7be51d,35d1688d-eee2-4471-924b-aec2a9a53f46,28,100,100,10000,,,,FALSE,FALSE,0
2626b26a-ca99-474a-9ff4-86b120d3c69c,35d1688d-eee2-4471-924b-aec2a9a53f46,29,50,50,2500,,,,FALSE,FALSE,0
d5402b76-526b-4820-aef7-213dfdd5da21,ace01d01-401c-43cf-9b21-52e597ecdd1a,11,6,3000,18000,,,,FALSE,FALSE,0
7b6b0fa1-77d2-42e4-b863-31d8270f164f,ace01d01-401c-43cf-9b21-52e597ecdd1a,38,6,2500,15000,,,,FALSE,FALSE,0
3e80f553-2b9b-4768-a67d-a0eae2d9fb60,ace01d01-401c-43cf-9b21-52e597ecdd1a,39,6,2500,15000,,,,FALSE,FALSE,0
aad41fca-abd6-4440-922c-1bf21d5febe4,ace01d01-401c-43cf-9b21-52e597ecdd1a,6,3,5000,15000,,,,FALSE,FALSE,0
111ac5b1-dc7c-42f4-a9dd-bc2e13673212,684a0f0e-c513-4528-8d71-99e215b4b1dc,9,6,3000,18000,,,,FALSE,FALSE,0
54e076c5-ce74-4e0e-ade3-00eda5455615,081fb93d-6cf4-495e-80e7-18bc98d5959e,1,90,1200,108000,,,,FALSE,FALSE,0
b8c768ab-bccc-4362-b157-63cbe20baf72,081fb93d-6cf4-495e-80e7-18bc98d5959e,2,18,3000,54000,,,,FALSE,FALSE,0
45fcc19f-d08a-45ba-b2bd-db97912c6e52,081fb93d-6cf4-495e-80e7-18bc98d5959e,3,18,3000,54000,,,,FALSE,FALSE,0
46f9db24-2d88-413b-a964-699403ab850d,081fb93d-6cf4-495e-80e7-18bc98d5959e,4,30,3000,90000,,,,FALSE,FALSE,0
9bb6feed-7bcb-44e9-9fbd-64a344c569f1,081fb93d-6cf4-495e-80e7-18bc98d5959e,7,18,3000,54000,,,,FALSE,FALSE,0
9cccec82-a651-40bc-8e9f-bceb8b16ae57,081fb93d-6cf4-495e-80e7-18bc98d5959e,8,60,3000,180000,,,,FALSE,FALSE,0
d7ad6825-97a1-4013-bf9c-c8e937b4a6ad,081fb93d-6cf4-495e-80e7-18bc98d5959e,10,6,3000,18000,,,,FALSE,FALSE,0
dafc26e5-433f-43c4-9d30-2d442cd47d8b,7c4d35bf-37c1-4a36-88be-d4fcd33b80fe,8,66,3000,198000,,,,FALSE,FALSE,0
6ca1c93c-165a-48d4-8e9a-30581829aa33,7c4d35bf-37c1-4a36-88be-d4fcd33b80fe,10,1,3000,3000,,,,FALSE,FALSE,0
c095e57f-7438-4bbd-b557-780705aff179,7c4d35bf-37c1-4a36-88be-d4fcd33b80fe,11,9,3000,27000,,,,FALSE,FALSE,0
a53660c6-c3f9-4f9e-a1ae-f18ad39d3e45,7c4d35bf-37c1-4a36-88be-d4fcd33b80fe,38,3,2500,7500,,,,FALSE,FALSE,0
ef24e783-cc70-4735-847c-9835286a09e4,7c4d35bf-37c1-4a36-88be-d4fcd33b80fe,39,3,2500,7500,,,,FALSE,FALSE,0
bd306f9d-1f99-413b-a39f-2690845cd846,7c4d35bf-37c1-4a36-88be-d4fcd33b80fe,14,5,5000,25000,,,,FALSE,FALSE,0
f3539be4-6053-40ed-8e83-29a28edac5e0,aaa2e6c8-f1ac-44a9-becb-34f776872700,1,18,1200,21600,,,,FALSE,FALSE,0
2900fa11-066b-47bb-aad4-4eb9e3a672cc,aaa2e6c8-f1ac-44a9-becb-34f776872700,2,6,3000,18000,,,,FALSE,FALSE,0
1c22e13d-95ad-4acf-b97b-10bf318808db,aaa2e6c8-f1ac-44a9-becb-34f776872700,3,6,3000,18000,,,,FALSE,FALSE,0
88fd2314-66a4-4d83-84c5-f34de458db83,aaa2e6c8-f1ac-44a9-becb-34f776872700,5,5,3500,17500,,,,FALSE,FALSE,0
32bd234e-f924-4a35-9556-506325396f99,aaa2e6c8-f1ac-44a9-becb-34f776872700,6,1,5000,5000,,,,FALSE,FALSE,0
4591d22a-06e3-4bcb-8bef-67721078d8c0,aaa2e6c8-f1ac-44a9-becb-34f776872700,8,18,3000,54000,,,,FALSE,FALSE,0
5ba604f6-d4d0-4c76-b784-8870f5aaa6c1,aaa2e6c8-f1ac-44a9-becb-34f776872700,11,6,3000,18000,,,,FALSE,FALSE,0
cdb6eb16-295c-4c91-8cbf-e050d2322793,afef8dcf-9afe-4b7f-bba2-ca88259c6b83,1,66,1200,79200,,,,FALSE,FALSE,0
18309b0a-fac6-4c80-8bfc-7790972e615e,afef8dcf-9afe-4b7f-bba2-ca88259c6b83,2,18,3000,54000,,,,FALSE,FALSE,0
df772bf9-d640-4d9d-9aa2-d6ff7a4e8cf5,afef8dcf-9afe-4b7f-bba2-ca88259c6b83,3,12,3000,36000,,,,FALSE,FALSE,0
1d60f0dc-a48d-4bda-bada-4bb188b8fd62,afef8dcf-9afe-4b7f-bba2-ca88259c6b83,4,12,3000,36000,,,,FALSE,FALSE,0
8d6f6742-7cdb-4ec1-82bf-abb4c13a6379,afef8dcf-9afe-4b7f-bba2-ca88259c6b83,5,5,3500,17500,,,,FALSE,FALSE,0
f4e00fe8-5794-4d4e-aaf5-4686594c9f12,afef8dcf-9afe-4b7f-bba2-ca88259c6b83,6,5,5000,25000,,,,FALSE,FALSE,0
e3053255-e276-4be5-bf0d-24a12de02b1e,afef8dcf-9afe-4b7f-bba2-ca88259c6b83,7,24,3000,72000,,,,FALSE,FALSE,0
f99a879d-97fd-4101-b4fe-c6190a210afe,488ddb5b-c93e-48f3-bd16-f9199976feed,3,5,3000,15000,,8f0b1193-5015-43bf-bdb7-f6eb9170857e,68d149f7-4d5f-4bb4-b088-b9dee51dfce9,FALSE,TRUE,0
566e71b4-10eb-4956-b948-1014977b363c,488ddb5b-c93e-48f3-bd16-f9199976feed,8,10,3000,30000,,,,FALSE,FALSE,0
67671c56-161d-486c-8dfd-8cf13daaa11e,ff8b539d-896c-48d5-b05b-e1c0344949cd,32,1,200,200,,,,FALSE,FALSE,0
cf5c9213-abd3-4793-b7db-aeaf080efc33,ff8b539d-896c-48d5-b05b-e1c0344949cd,34,1,200,200,,,,FALSE,FALSE,0
7855836a-09de-4cac-b825-f22a405bd7a9,9e7f939b-9311-4b2e-8ae9-cda2cd62f4d2,1,8,1200,9600,,,,FALSE,FALSE,0
85810267-9ef4-45b7-a111-8f3798a9ea83,9e7f939b-9311-4b2e-8ae9-cda2cd62f4d2,3,3,3000,9000,,,,FALSE,FALSE,0
55e3953a-45c6-4e9e-b020-becc14c42b9d,9e7f939b-9311-4b2e-8ae9-cda2cd62f4d2,4,5,3000,15000,,,,FALSE,FALSE,0
92cb9eef-40a9-4ab9-90ff-9beb63bebf61,9e7f939b-9311-4b2e-8ae9-cda2cd62f4d2,7,3,3000,9000,,,,FALSE,FALSE,0
330c94a9-0309-402d-b2b4-58347b61202a,9e7f939b-9311-4b2e-8ae9-cda2cd62f4d2,8,13,3000,39000,,,,FALSE,FALSE,0
d0d6a83e-6d72-4dea-be6b-8da2e5cde8fc,62fa9eb7-ea53-4bc6-8638-ce3c29c30b17,3,2,3000,6000,,,,FALSE,FALSE,0
5b534319-d60a-4336-9ccb-e3bdb5863a07,62fa9eb7-ea53-4bc6-8638-ce3c29c30b17,4,2,3000,6000,,,,FALSE,FALSE,0
b5ad7db0-83f3-4183-a9d8-f1e8a54e1d30,62fa9eb7-ea53-4bc6-8638-ce3c29c30b17,8,10,3000,30000,,,,FALSE,FALSE,0
81e2bd88-4594-44e8-8ab2-aad2486cf7e8,7b7e5b01-8e08-456c-8197-346f8a05b8ae,1,18,1200,21600,,,,FALSE,FALSE,0
c267a09e-8051-4556-a356-cd556ba3b9ab,7b7e5b01-8e08-456c-8197-346f8a05b8ae,2,6,3000,18000,,,,FALSE,FALSE,0
6a79ce9a-2793-404e-8f8c-f56f5ae3fe11,7b7e5b01-8e08-456c-8197-346f8a05b8ae,5,1,3500,3500,,,,FALSE,FALSE,0
cd883501-0dd7-49e7-ba31-60c471226e02,7b7e5b01-8e08-456c-8197-346f8a05b8ae,38,2,2500,5000,,,,FALSE,FALSE,0
1e2e2bd3-5403-4180-a038-c740466d5a67,7b7e5b01-8e08-456c-8197-346f8a05b8ae,39,2,2500,5000,,,,FALSE,FALSE,0
e054dac2-fb73-4b2c-a7a5-d70a64e7a6e8,7b7e5b01-8e08-456c-8197-346f8a05b8ae,14,1,5000,5000,,,,FALSE,FALSE,0
d33ef1d4-8cd7-488f-9279-6a6ac77dc2ca,b0ed52d4-7d60-41a1-b250-4ecb5588773c,8,4,3000,12000,,,,FALSE,FALSE,0
ead17374-c46d-409c-8117-816619b37252,84546d3d-d7ba-4695-9be0-5a615d8d695d,2,6,3000,18000,,,,FALSE,FALSE,0
1e5332e5-9b69-4951-be91-acdcf7c4127d,84546d3d-d7ba-4695-9be0-5a615d8d695d,3,2,3000,6000,,,,FALSE,FALSE,0
7254f785-2e12-42f8-94e7-bde3ab2e762c,84546d3d-d7ba-4695-9be0-5a615d8d695d,4,2,3000,6000,,,,FALSE,FALSE,0
1693d80c-47a0-4bf7-aa1e-6baff68cbe82,84546d3d-d7ba-4695-9be0-5a615d8d695d,10,3,3000,9000,,,,FALSE,FALSE,0
5c14aefa-bdf2-47b3-8029-3486123727c3,84546d3d-d7ba-4695-9be0-5a615d8d695d,11,2,3000,3000,,,,FALSE,FALSE,0
bbd33218-77ec-4608-924b-40c5a009ab64,bd8b1851-7af7-413e-881b-50fae521da25,5,0,3500,0,,a9d543d1,f5588eff-d9a2-4f05-a632-30bdca5e74a3,FALSE,TRUE,0
2cb98fbb-4e26-47de-9b40-9a26f3b02678,bd8b1851-7af7-413e-881b-50fae521da25,6,0,5000,0,,a9d543d1,5c5e3be7-4a14-4296-ba00-153eaa12c31f,FALSE,TRUE,0
29e5a3c5-3966-4860-b80c-53100fcc0eae,bd8b1851-7af7-413e-881b-50fae521da25,7,0,3000,0,,a9d543d1,de108afd-ea62-4f4e-88de-ad8c0600ca9a,FALSE,TRUE,0
b431465d-1433-4dc4-b449-11310bf5e1a7,bd8b1851-7af7-413e-881b-50fae521da25,10,0,3000,0,,a9d543d1,ff5a646e-f0d8-4dbb-b633-f543578b516b,FALSE,TRUE,0
7491b0a1-fb5e-4823-bfa3-2dae72ee5e60,bd8b1851-7af7-413e-881b-50fae521da25,11,0,3000,0,,a9d543d1,4f5e023a-644c-4335-b411-425df8bc7466,FALSE,TRUE,0
e7c74e71-c52a-4707-ab5c-7f28cb5ae0a8,ac5aa76a-4b89-43f9-83a0-0b7643666ece,8,6,3000,18000,,,,FALSE,FALSE,0
6f456b6d-8c22-41d7-835f-3384c3f718bf,d7fb8f22-1aa2-461f-b75d-f743105c3890,11,0,3000,0,,0d089aad,8e3956ff,FALSE,TRUE,0
56e5ee87-04f0-4a70-b299-ac3def3d5c29,d7fb8f22-1aa2-461f-b75d-f743105c3890,6,0,5000,0,,0d089aad,706b49c7,FALSE,TRUE,0
3c828051-efda-4ce9-9998-081a58de0eba,59d650e3-89e3-4927-bc19-21244fc776c9,1,10,1200,12000,,,,FALSE,FALSE,0
8db8cf5b-3c8f-4887-83f5-46e0b49f485a,59d650e3-89e3-4927-bc19-21244fc776c9,3,1,3000,3000,,,,FALSE,FALSE,0
32324f52-a190-4860-95c9-bb0d5d73c2b9,59d650e3-89e3-4927-bc19-21244fc776c9,4,1,3000,3000,,,,FALSE,FALSE,0
814f0183-e435-49b4-ac2a-3aecb90c4d62,59d650e3-89e3-4927-bc19-21244fc776c9,8,3,3000,9000,,,,FALSE,FALSE,0
43edf892-47b1-477e-a54b-fa8b4afee68f,49bfa561-04dc-4358-8e44-dab49ef4870a,4,3,3000,9000,,,,FALSE,FALSE,0
affe8151-ecdc-4215-9cc7-f7624e7af0ef,49bfa561-04dc-4358-8e44-dab49ef4870a,5,2,3500,7000,,,,FALSE,FALSE,0
796ad1ad-a2aa-4cdb-8a48-587f1c1f9ed6,49bfa561-04dc-4358-8e44-dab49ef4870a,7,2,3000,6000,,,,FALSE,FALSE,0
3782cf33-d75a-4585-8d71-deacc017da89,49bfa561-04dc-4358-8e44-dab49ef4870a,38,2,2500,5000,,,,FALSE,FALSE,0
ecbf0f46-757b-4a78-90b6-141418898196,624a3f95-09f0-483e-9daa-cfb097f88d97,3,1,3000,3000,,,,FALSE,FALSE,0
f251e21e-4f6f-4d77-80b7-c915452d3802,e969ea01-5a81-4630-a6be-7070c8336d5c,39,2,2500,5000,,,,FALSE,FALSE,0
dec3cb36-f911-460b-b791-6df190206452,184ea11b-151e-4c75-88f6-dd2c58396b73,1,15,1200,18000,,,,FALSE,FALSE,0
a06733de-11f1-4a96-b785-c75a596c49d3,184ea11b-151e-4c75-88f6-dd2c58396b73,2,12,3000,36000,,,,FALSE,FALSE,0
630a55d3-a3aa-4744-814e-158d640fc7a1,184ea11b-151e-4c75-88f6-dd2c58396b73,3,3,3000,9000,,,,FALSE,FALSE,0
aa62478d-2d9d-4e32-948c-337defc28a53,184ea11b-151e-4c75-88f6-dd2c58396b73,4,3,3000,9000,,,,FALSE,FALSE,0
9b36bd23-8b67-4c36-a746-76582b494a6b,184ea11b-151e-4c75-88f6-dd2c58396b73,7,1,3000,3000,,,,FALSE,FALSE,0
4bd4c1a5-fc42-47c2-9dab-4b35b46fb98c,184ea11b-151e-4c75-88f6-dd2c58396b73,8,12,3000,36000,,,,FALSE,FALSE,0
f42a6dd6-f25d-49c9-90e3-44d1808693c1,184ea11b-151e-4c75-88f6-dd2c58396b73,9,4,3000,12000,,,,FALSE,FALSE,0
34e3d94b-bc9f-4316-b02b-406f82854843,08c63af0-60f5-4465-a0b9-a8787d31cdb6,1,12,1200,14400,,,,FALSE,FALSE,0
9a11ffb6-e711-4023-9463-cec95f8b4e80,08c63af0-60f5-4465-a0b9-a8787d31cdb6,3,2,3000,6000,,,,FALSE,FALSE,0
6258c147-3661-419b-ace8-8f52c4433a48,08c63af0-60f5-4465-a0b9-a8787d31cdb6,4,2,3000,6000,,,,FALSE,FALSE,0
fa4780d2-fb5c-41f5-8e5e-bf62f13cd652,08c63af0-60f5-4465-a0b9-a8787d31cdb6,38,1,2500,2500,,,,FALSE,FALSE,0
e937f2f6-8885-4817-920e-353df8384155,08c63af0-60f5-4465-a0b9-a8787d31cdb6,39,2,2500,5000,,,,FALSE,FALSE,0
a4641aa3-c60a-400a-b3ef-d112c0af8523,08c63af0-60f5-4465-a0b9-a8787d31cdb6,8,18,3000,54000,,,,FALSE,FALSE,0
0529476b-958e-4d40-93d2-1e6d3f996a01,70c1b50a-bcdc-47cf-87c9-3011a089d8be,1,5,1200,6000,,,,FALSE,FALSE,0
f6a420e8-3100-4081-8e0a-e79cd76f8726,70c1b50a-bcdc-47cf-87c9-3011a089d8be,2,2,3000,6000,,,,FALSE,FALSE,0
92bc8b4c-1377-446d-b65f-81a96d0c2913,70c1b50a-bcdc-47cf-87c9-3011a089d8be,8,7,3000,21000,,,,FALSE,FALSE,0
4c2f7cb7-531a-44be-a77e-9c4bc2dbd560,70c1b50a-bcdc-47cf-87c9-3011a089d8be,11,1,3000,3000,,,,FALSE,FALSE,0
2185a2db-27aa-47d6-a7d6-bfa699029aa6,70c1b50a-bcdc-47cf-87c9-3011a089d8be,38,1,2500,2500,,,,FALSE,FALSE,0
5f880a83-d138-4785-aa57-9eb42a2eb437,70c1b50a-bcdc-47cf-87c9-3011a089d8be,39,1,2500,2500,,,,FALSE,FALSE,0
0b1a32e4-3b81-4fff-972f-13930d734180,70c1b50a-bcdc-47cf-87c9-3011a089d8be,14,2,5000,10000,,,,FALSE,FALSE,0
dcf70b8e-5dcf-40d6-8821-a6b0c3cb2efa,22ea77a8-8b38-4894-84d9-a1faaa03fc28,1,18,1200,21600,,,,FALSE,FALSE,0
fecb78d1-19f1-4484-8d6c-a5ce0eee44d1,22ea77a8-8b38-4894-84d9-a1faaa03fc28,6,5,5000,25000,,,,FALSE,FALSE,0
4786e411-c848-4f11-baaf-3f73e2defef6,22ea77a8-8b38-4894-84d9-a1faaa03fc28,7,2,3000,6000,,,,FALSE,FALSE,0
52d3ff9b-8fb0-47c7-8b06-afcfecda5a0f,22ea77a8-8b38-4894-84d9-a1faaa03fc28,8,6,3000,18000,,,,FALSE,FALSE,0
3a05f3b6-7139-4305-be28-aafacd8f2e89,82b243fc-003c-439c-aa0d-7fd2284ddc58,2,6,3000,18000,,,,FALSE,FALSE,0
ac63fa7e-da18-4ac2-9c68-28d4d1265a49,82b243fc-003c-439c-aa0d-7fd2284ddc58,3,3,3000,9000,,,,FALSE,FALSE,0
d7f5cb10-5f1b-4eb5-9ca5-7060f0bd764a,82b243fc-003c-439c-aa0d-7fd2284ddc58,4,3,3000,9000,,,,FALSE,FALSE,0
5065b5e4-e3b9-4382-99ce-71037f6b8a33,82b243fc-003c-439c-aa0d-7fd2284ddc58,7,6,3000,18000,,,,FALSE,FALSE,0
79034a2f-a0a4-42df-b2cb-9f7d178b0efc,82b243fc-003c-439c-aa0d-7fd2284ddc58,8,6,3000,18000,,144980b4-223e-4557-a808-99f332d45347,a713b295-e1fe-4d77-a7c5-d489744f9cd4,FALSE,TRUE,0
6521b961-7626-4deb-84f9-d7c508aa2634,82b243fc-003c-439c-aa0d-7fd2284ddc58,38,2,2500,5000,,,,FALSE,FALSE,0
9c9f29f1-c69e-4d21-9105-c0ab8346c579,82b243fc-003c-439c-aa0d-7fd2284ddc58,39,2,2500,5000,,,,FALSE,FALSE,0
629fa23e-c3d8-41b6-8165-ae61fa0b86fe,82b243fc-003c-439c-aa0d-7fd2284ddc58,14,1,5000,5000,,,,FALSE,FALSE,0
cbc46857,0e3fb0ab,4,2,3000,6000,,,,FALSE,TRUE,0
67b3ed50,0e3fb0ab,1,1,1200,1200,,,,FALSE,TRUE,0
d1b64f75,0e3fb0ab,7,1,3000,3000,,,,FALSE,TRUE,0
6a3fdb2d,0e3fb0ab,8,1,3000,3000,,,,FALSE,TRUE,0
b734a009-413c-4171-8c9b-2422555e1435,4c37d22e-ea8d-4bb1-94e3-5049cddc84ba,14,1,5000,5000,,,,FALSE,FALSE,0
44f26bd0-1442-4876-9523-393fead78984,4c37d22e-ea8d-4bb1-94e3-5049cddc84ba,15,1,3000,3000,,,,FALSE,FALSE,0
3aa914b0-2bbf-40d4-869d-ca8a0c001f36,4c37d22e-ea8d-4bb1-94e3-5049cddc84ba,17,1,3000,3000,,,,FALSE,FALSE,0
4ad48fb3-6f1c-4f88-9c3a-f29619986847,ed46f4b7-f934-4e8a-952a-3dea24a9c85c,15,1,3000,3000,,,,FALSE,FALSE,0
db9b0656-0bae-4582-b4bf-598e61a25bf7,48aac5ec-3cb2-40b1-9af4-fbe2428a2bd0,4,3,3000,9000,,,,FALSE,FALSE,0
4df9f4b7-ea06-4be0-9bc3-eda9367f1fd6,48aac5ec-3cb2-40b1-9af4-fbe2428a2bd0,39,1,2500,2500,,,,FALSE,FALSE,0
dfe019bc-9e87-4cc4-8daa-88e117a6f56b,48aac5ec-3cb2-40b1-9af4-fbe2428a2bd0,14,1,5000,5000,,,,FALSE,FALSE,0
ff06d3f5-7e7a-4db7-a61d-98ede3649404,26f8b794-3bea-49a1-b067-a6f0fe9bdee6,1,2,1200,2400,,,,FALSE,FALSE,0
da3975e0-2693-48fe-99a5-d88347ccfb5f,26f8b794-3bea-49a1-b067-a6f0fe9bdee6,2,1,3000,3000,,,,FALSE,FALSE,0
286ba2d4-91ea-43c5-b852-24857aef1877,26f8b794-3bea-49a1-b067-a6f0fe9bdee6,3,2,3000,6000,,,,FALSE,FALSE,0
91657b0a-fee3-4f3d-b212-f25e9d820d22,26f8b794-3bea-49a1-b067-a6f0fe9bdee6,5,1,3500,3500,,,,FALSE,FALSE,0
088183b7-5fc3-4155-a417-e5b4963a2b51,26f8b794-3bea-49a1-b067-a6f0fe9bdee6,6,1,5000,5000,,,,FALSE,FALSE,0
0ed3572d-cfb8-461d-99e5-8105909ccf1a,26f8b794-3bea-49a1-b067-a6f0fe9bdee6,8,5,3000,15000,,,,FALSE,FALSE,0
b4d4e083-e575-473b-8462-8d975e5dba72,26f8b794-3bea-49a1-b067-a6f0fe9bdee6,11,1,3000,3000,,,,FALSE,FALSE,0
3887be87-d32c-4685-9d01-06e6434cda64,4c8524f8-b922-445d-a711-80f9f6ed8ac6,1,24,1200,28800,,,,FALSE,FALSE,0
ab16648e-a3f6-48a4-b99a-4852e71d56d1,4c8524f8-b922-445d-a711-80f9f6ed8ac6,2,6,3000,18000,,,,FALSE,FALSE,0
b809826f-c0e0-4bbf-b276-dc13db965705,4c8524f8-b922-445d-a711-80f9f6ed8ac6,3,6,3000,18000,,,,FALSE,FALSE,0
a73248cc-50dd-4dd0-a5e2-3892bf7f3124,4c8524f8-b922-445d-a711-80f9f6ed8ac6,4,2,3000,6000,,,,FALSE,FALSE,0
4d47e8a7-5dfd-4fd9-ab85-b30ac7c5d22b,4c8524f8-b922-445d-a711-80f9f6ed8ac6,5,3,3500,10500,,,,FALSE,FALSE,0
00f07ee1-0569-470c-bd10-c9472c15c3b8,4c8524f8-b922-445d-a711-80f9f6ed8ac6,8,12,3000,36000,,,,FALSE,FALSE,0
e5a54c23-af1c-4169-bce6-f819bf303fed,4c8524f8-b922-445d-a711-80f9f6ed8ac6,10,1,3000,3000,,,,FALSE,FALSE,0
2c6e6a9f-0ffd-431c-8288-e29f82ffd588,96e8c3dd-29cd-48ac-9697-f1665706f7ea,4,2,3000,6000,,,,FALSE,FALSE,0
a8ccc93b-b95f-4492-bcf9-0616c565126f,96e8c3dd-29cd-48ac-9697-f1665706f7ea,39,3,2500,7500,,,,FALSE,FALSE,0
315458b3-00cd-401b-a5f3-b79f6524baac,96e8c3dd-29cd-48ac-9697-f1665706f7ea,14,1,5000,5000,,,,FALSE,FALSE,0
4f90ef3c-9951-4387-bc09-3acbfae4dbee,d20983ab-086c-4d97-9130-d642bbe577b7,1,1,1200,1200,,,,FALSE,FALSE,0
531c9c56-d611-4d6a-8ca5-763d8f46f700,d20983ab-086c-4d97-9130-d642bbe577b7,2,1,3000,3000,,,,FALSE,FALSE,0
44aabc4b-4098-4c97-ab42-651aaedaa8bb,d20983ab-086c-4d97-9130-d642bbe577b7,3,1,3000,3000,,,,FALSE,FALSE,0
4fdd67d7-6df3-4198-bec7-0b262d8c62ee,d20983ab-086c-4d97-9130-d642bbe577b7,7,1,3000,3000,,,,FALSE,FALSE,0
203a4f4b-2384-4634-b689-a328fb1b4f41,d20983ab-086c-4d97-9130-d642bbe577b7,8,2,3000,6000,,,,FALSE,FALSE,0
796c9179-0ff5-4fb3-9b13-b2f18851378d,d20983ab-086c-4d97-9130-d642bbe577b7,11,1,3000,3000,,,,FALSE,FALSE,0
d5949049-0285-48dd-9791-101896152020,c91cdd25-ee65-4286-be16-1fad28a28e9e,1,6,1200,7200,,,,FALSE,FALSE,0
368649a7-e990-4e0a-b396-c64e8b9deb53,c91cdd25-ee65-4286-be16-1fad28a28e9e,2,6,3000,18000,,,,FALSE,FALSE,0
56eee35e-4216-4903-a1b0-c0c1cb4cd789,c91cdd25-ee65-4286-be16-1fad28a28e9e,4,2,3000,6000,,,,FALSE,FALSE,0
6b32635f-ea9d-4d8e-aa0d-188bf1b3e241,c91cdd25-ee65-4286-be16-1fad28a28e9e,8,18,3000,54000,,,,FALSE,FALSE,0
a864a151-4e26-4b0f-9f7f-7c523d654906,ec30a56a-2120-43dd-8721-c84194a7d91d,1,12,1200,14400,,,,FALSE,FALSE,0
fc96db05-d72d-4c9e-9a5a-387001243512,ec30a56a-2120-43dd-8721-c84194a7d91d,2,6,3000,18000,,,,FALSE,FALSE,0
d162a8ab-1fa0-43d9-b8de-6df75a367d40,ec30a56a-2120-43dd-8721-c84194a7d91d,3,6,3000,18000,,,,FALSE,FALSE,0
41d0c7f4-ea55-492e-8d50-06b78bba8b70,ec30a56a-2120-43dd-8721-c84194a7d91d,4,6,3000,18000,,,,FALSE,FALSE,0
2f40dae9-fc29-418c-b209-e40d80c28709,ec30a56a-2120-43dd-8721-c84194a7d91d,8,12,3000,36000,,,,FALSE,FALSE,0
69a65d92-fa34-4ffc-a46c-83d8e62be2ad,ec30a56a-2120-43dd-8721-c84194a7d91d,38,3,2500,7500,,,,FALSE,FALSE,0
980e556b-86ef-4f13-930a-417330719e49,ec30a56a-2120-43dd-8721-c84194a7d91d,39,3,2500,7500,,,,FALSE,FALSE,0
353996c6-f338-4155-8b43-45a2e98f1a51,30dca461-40d2-4fba-8aca-3b98b350e80f,10,1,3000,3000,,,,FALSE,FALSE,0
67ca57db-472a-4a8a-a4d2-b7e665c63240,30dca461-40d2-4fba-8aca-3b98b350e80f,8,5,3000,15000,,,,FALSE,FALSE,0
2e36ab5a-03ae-4602-93c7-51cb7ea45bd0,30dca461-40d2-4fba-8aca-3b98b350e80f,14,2,5000,10000,,,,FALSE,FALSE,0
75b4a5cf-5f0e-4b7a-a341-590ccbb0230c,d30bce15-665b-4fd7-bed0-80006b5eb70b,11,0,3000,0,,80f8a46b-3ef1-4598-9600-0a8b16c6e311,7040d943-20a2-4ce1-b21f-564fe44e434f,FALSE,TRUE,0
1dbeba17-71ec-4932-a070-5d0869dc758d,d30bce15-665b-4fd7-bed0-80006b5eb70b,38,0,2500,0,,80f8a46b-3ef1-4598-9600-0a8b16c6e311,974fdfdf-14a9-474d-a34c-e1c911b57fe5,FALSE,TRUE,0
7c69ed2b-c4b5-4b77-ae1c-aad832a5da4a,d30bce15-665b-4fd7-bed0-80006b5eb70b,14,0,5000,0,,80f8a46b-3ef1-4598-9600-0a8b16c6e311,871e9922-cc9a-4cd4-8898-e52a3564b1e8,FALSE,TRUE,0
d17cc20c-0ca9-48b4-80b1-2061ebe9c6e7,f2bce189-440a-4a10-942a-0ee9403a5484,14,2,5000,10000,,,,FALSE,FALSE,0
2c1a6a96-5fd8-45ce-b0d1-ed929d3f52af,90e28715-c63f-4cd0-8154-08a9de68ae5e,1,5,1200,6000,,,,FALSE,FALSE,0
1ef01644-c005-4b49-a804-f2173e3225c1,90e28715-c63f-4cd0-8154-08a9de68ae5e,3,1,3000,3000,,,,FALSE,FALSE,0
b2196989-4c8a-4bdc-8f24-ae793f958799,90e28715-c63f-4cd0-8154-08a9de68ae5e,4,4,3000,12000,,,,FALSE,FALSE,0
5062de79-15eb-4320-8bf8-6633a9cfa697,90e28715-c63f-4cd0-8154-08a9de68ae5e,7,2,3000,6000,,,,FALSE,FALSE,0
9e6a3819-7861-4613-95f6-3679df9594e0,90e28715-c63f-4cd0-8154-08a9de68ae5e,8,6,3000,18000,,,,FALSE,FALSE,0
d4e30820-5c9c-4613-906e-c08437b9e812,90e28715-c63f-4cd0-8154-08a9de68ae5e,9,1,3000,3000,,,,FALSE,FALSE,0
0b5fd2cc-3cf1-4a5e-a3e4-666bb5afdca6,90e28715-c63f-4cd0-8154-08a9de68ae5e,15,1,3000,3000,,,,FALSE,FALSE,0
f25b6438-5bd0-41b9-a0ab-1123087ffaa7,3f64a222-204f-418e-9658-bb07a754579d,1,9,1200,10800,,,,FALSE,FALSE,0
da2da482-8ae5-4061-a2b0-6c6a42f43150,3f64a222-204f-418e-9658-bb07a754579d,2,1,3000,3000,,,,FALSE,FALSE,0
6370afa1-745a-4633-8b1f-93256143d2c2,3f64a222-204f-418e-9658-bb07a754579d,3,2,3000,6000,,,,FALSE,FALSE,0
d5201325-b677-4f21-87a3-0578658f7939,3f64a222-204f-418e-9658-bb07a754579d,4,6,3000,18000,,,,FALSE,FALSE,0
79081eaf-fe87-48b3-a15a-926a8d471b8b,3f64a222-204f-418e-9658-bb07a754579d,5,3,3500,10500,,,,FALSE,FALSE,0
88f42940-5b83-43d4-b6f1-d97f05eb8174,3f64a222-204f-418e-9658-bb07a754579d,7,7,3000,21000,,,,FALSE,FALSE,0
ce7762d6-77e0-4b39-aeeb-b3dbc5d186ae,3f64a222-204f-418e-9658-bb07a754579d,8,7,3000,21000,,,,FALSE,FALSE,0
b3e4dbdd-078a-474d-8580-2ddf558b85bd,deca21be-37a5-4d55-8bf2-a2e3d8d6acd6,3,24,3000,72000,,,,FALSE,FALSE,0
8b8c3bab-37f2-48b8-b123-007956225e46,deca21be-37a5-4d55-8bf2-a2e3d8d6acd6,4,24,3000,72000,,,,FALSE,FALSE,0
030af8cc-8251-41c6-b188-421a1c51da02,deca21be-37a5-4d55-8bf2-a2e3d8d6acd6,7,18,3000,54000,,,,FALSE,FALSE,0
1d13b7fe-d003-4036-bf81-4fb58b7ee13c,deca21be-37a5-4d55-8bf2-a2e3d8d6acd6,8,42,3000,126000,,,,FALSE,FALSE,0
a0b031a8-8d39-4ea6-9113-390953d6ed02,deca21be-37a5-4d55-8bf2-a2e3d8d6acd6,38,7,2500,17500,,,,FALSE,FALSE,0
c0ac97fe-1d5e-4d35-bf7d-f014faf828c3,deca21be-37a5-4d55-8bf2-a2e3d8d6acd6,39,12,2500,30000,,,,FALSE,FALSE,0
bd2aa70c-63c4-4841-80ad-fb9f877ba2d1,deca21be-37a5-4d55-8bf2-a2e3d8d6acd6,14,12,5000,60000,,,,FALSE,FALSE,0
b2601e62-7fe1-46b8-b649-8bb404185699,42ca24ca-beba-4591-9972-78ea18e8a577,1,8,1200,9600,,,,FALSE,FALSE,0
fc505af5-97fc-4de8-8cab-425344e249b2,42ca24ca-beba-4591-9972-78ea18e8a577,2,4,3000,12000,,,,FALSE,FALSE,0
8bc6deb3-e78d-4f5f-be57-744c2b756838,42ca24ca-beba-4591-9972-78ea18e8a577,3,2,3000,6000,,,,FALSE,FALSE,0
89c66730-90d4-464b-939d-1ab2aa455b33,42ca24ca-beba-4591-9972-78ea18e8a577,4,2,3000,6000,,,,FALSE,FALSE,0
0ea15cf2-98e6-4fed-8c42-dcc738b16d78,42ca24ca-beba-4591-9972-78ea18e8a577,7,4,3000,12000,,,,FALSE,FALSE,0
dd948a83-81af-48c6-bbb0-9b7dd551c814,42ca24ca-beba-4591-9972-78ea18e8a577,8,5,3000,15000,,,,FALSE,FALSE,0
b6f607be-dffc-44cb-8766-46012bede78b,42ca24ca-beba-4591-9972-78ea18e8a577,38,1,2500,2500,,,,FALSE,FALSE,0
ff6818c6-a0c9-401e-8633-ef146829d4d2,187f068d-6931-4dfe-b474-c79f371eee4a,1,2,1200,2400,,,,FALSE,FALSE,0
51e6ce8b-f319-4cb5-a510-a18884d88516,187f068d-6931-4dfe-b474-c79f371eee4a,2,3,3000,9000,,,,FALSE,FALSE,0
bfabd252-054d-4105-ac2b-a5cfd191557e,187f068d-6931-4dfe-b474-c79f371eee4a,3,2,3000,6000,,,,FALSE,FALSE,0
40c89f67-a7b2-41ce-8dfb-230f8a0953c3,187f068d-6931-4dfe-b474-c79f371eee4a,14,2,5000,10000,,,,FALSE,FALSE,0
4a10cb15-ede0-4395-844f-be96f8d659d3,3004456a-f107-444b-aaec-988407b8e30f,39,1,2500,2500,,,,FALSE,FALSE,0
eb7d27bb-ed65-4396-ac12-711d61860ef3,436c0746-5787-40ae-a78c-50b5c8cb25d7,1,6,1200,7200,,,,FALSE,FALSE,0
ed9e9ff6-bd3d-4766-92dd-7052c003f976,436c0746-5787-40ae-a78c-50b5c8cb25d7,2,1,3000,3000,,,,FALSE,FALSE,0
04cba171-dbd2-43bf-8449-c383b6beadc5,436c0746-5787-40ae-a78c-50b5c8cb25d7,3,3,3000,9000,,,,FALSE,FALSE,0
5c2084b0-2e25-4e98-aa9d-e21e5e704139,436c0746-5787-40ae-a78c-50b5c8cb25d7,4,2,3000,6000,,,,FALSE,FALSE,0
5985351d-6a08-4321-b57c-9d92480d394f,436c0746-5787-40ae-a78c-50b5c8cb25d7,7,1,3000,3000,,,,FALSE,FALSE,0
f8378aad-57d8-4f88-9f13-8e3053664820,436c0746-5787-40ae-a78c-50b5c8cb25d7,8,5,3000,15000,,,,FALSE,FALSE,0
f7984407-bc74-42f1-9e4e-97d58828db08,436c0746-5787-40ae-a78c-50b5c8cb25d7,10,2,3000,6000,,,,FALSE,FALSE,0
ccd8f100-50c7-4aaa-ad23-6d0deba94e1d,7796da1d-0aa5-4a1c-917a-6b123bf230c2,8,2,3000,6000,,,,FALSE,FALSE,0
a9c8ed3e-6652-43f4-b7b1-a424396f47d3,0e63f709-ebca-45ee-a7b4-c9a45c2ce3bd,5,1,3500,3500,,,,FALSE,FALSE,0
a3092cc3-d118-4ba8-b0fe-f10d9c7d646e,0e63f709-ebca-45ee-a7b4-c9a45c2ce3bd,6,1,5000,5000,,,,FALSE,FALSE,0
d72e3a2d-e143-4773-af68-e27f3eece48c,0e63f709-ebca-45ee-a7b4-c9a45c2ce3bd,11,2,3000,6000,,,,FALSE,FALSE,0
4b20583e-7f0a-40fb-9368-2c1ff5ebb4a5,653415d3-221f-4615-9b91-b3439125316a,1,11,1200,13200,,,,FALSE,FALSE,0
f46c677d-274b-4036-9131-b0e83c625358,653415d3-221f-4615-9b91-b3439125316a,4,2,3000,6000,,,,FALSE,FALSE,0
141f3d4a-2177-44ea-8589-851d6f48dae4,653415d3-221f-4615-9b91-b3439125316a,8,6,3000,18000,,,,FALSE,FALSE,0
f44f18fd-04ea-4076-873e-1a265c72c31c,653415d3-221f-4615-9b91-b3439125316a,14,1,5000,5000,,255a8b63-e35b-4d3e-ba80-2a387eb0aa24,d4d5bc37-01ec-44f1-be92-711537b67a7b,FALSE,TRUE,0
f0311008-9825-4319-97dd-3a4da8d6f9b8,eadbb1ec-30a0-4b2f-ad3b-02e6adc75dfa,38,2,2500,5000,,,,FALSE,FALSE,0
8c235ca5-e38a-4670-bf35-fa6f17a13f2f,eadbb1ec-30a0-4b2f-ad3b-02e6adc75dfa,39,2,2500,5000,,,,FALSE,FALSE,0
e5957046-efad-42a9-a3f9-fcde0f549f20,eadbb1ec-30a0-4b2f-ad3b-02e6adc75dfa,11,2,3000,6000,,,,FALSE,FALSE,0
c8e94753-2bd7-4c19-8ca3-9314d97b5434,96205560-428b-4d82-9459-c0124e90d02a,1,3,1200,3600,,,,FALSE,FALSE,0
09dfe551-f358-4f9a-997a-962741c2120e,96205560-428b-4d82-9459-c0124e90d02a,2,2,3000,6000,,,,FALSE,FALSE,0
2f5042ad-2f9d-492e-abe9-c0225698d444,96205560-428b-4d82-9459-c0124e90d02a,3,1,3000,3000,,,,FALSE,FALSE,0
ce71ca8f-5417-4116-8c3c-e65a36814ed2,96205560-428b-4d82-9459-c0124e90d02a,4,1,3000,3000,,,,FALSE,FALSE,0
46d592de-8148-4318-8d91-1684f71a8879,96205560-428b-4d82-9459-c0124e90d02a,8,8,3000,24000,,,,FALSE,FALSE,0
72143720-ca5f-45a2-a6f8-29717b2df205,96205560-428b-4d82-9459-c0124e90d02a,39,1,2500,2500,,,,FALSE,FALSE,0
17b86091,4c8524f8-b922-445d-a711-80f9f6ed8ac6,14,1,5000,5000,,144980b4-223e-4557-a808-99f332d45347,e2301cef-fa7f-432c-a056-3a5e835230bc,FALSE,TRUE,0
0b52337c,4c8524f8-b922-445d-a711-80f9f6ed8ac6,11,1,3000,3000,,144980b4-223e-4557-a808-99f332d45347,,FALSE,TRUE,0
fc044925,4c8524f8-b922-445d-a711-80f9f6ed8ac6,38,1,2500,2500,,144980b4-223e-4557-a808-99f332d45347,602c93af-eae3-4710-972f-6ba7ca552e5b,FALSE,TRUE,0
5f51b5d0,87c182b0,10,1,3000,3000,,8be8d4c5-97d7-477d-a3be-d25b33ccc042,,FALSE,TRUE,0
76a82174,87c182b0,5,3,3500,10500,,8be8d4c5-97d7-477d-a3be-d25b33ccc042,,FALSE,TRUE,0
1e7d111a,87c182b0,11,2,3000,6000,,8be8d4c5-97d7-477d-a3be-d25b33ccc042,,FALSE,TRUE,0
6c0e2456,87c182b0,6,1,5000,5000,,8be8d4c5-97d7-477d-a3be-d25b33ccc042,,FALSE,TRUE,0
34901bb7,87c182b0,7,3,3000,9000,,8be8d4c5-97d7-477d-a3be-d25b33ccc042,,FALSE,TRUE,0
0c4bd7ca,3259526c,6,3,5000,15000,,8f0b1193-5015-43bf-bdb7-f6eb9170857e,,FALSE,TRUE,0
1fe4b3a0,3259526c,11,8,3000,24000,,8f0b1193-5015-43bf-bdb7-f6eb9170857e,a648e375-5ebf-4ebe-9035-8ab2976f443f,FALSE,TRUE,0
3ada2500-bac6-4c8c-8c87-159aa7459198,116a9eb0-b50a-461f-9ead-0342e0796a89,8,6,3000,18000,,,,FALSE,FALSE,0
42048df1-d885-4e38-a616-a3f182723bae,116a9eb0-b50a-461f-9ead-0342e0796a89,1,24,1200,28800,,,,FALSE,FALSE,0
674231d8-1ede-489a-a06d-ceb3cfded70b,116a9eb0-b50a-461f-9ead-0342e0796a89,2,12,3000,36000,,,,FALSE,FALSE,0
9ac0743e-a088-4c9e-9242-25353cc20aa6,116a9eb0-b50a-461f-9ead-0342e0796a89,3,6,3000,18000,,,,FALSE,FALSE,0
8d0febea-9e33-4fac-8588-fb964689d0f9,116a9eb0-b50a-461f-9ead-0342e0796a89,4,12,3000,36000,,,,FALSE,FALSE,0
bdd7d4f4-544c-4197-bd3f-8915ac91f60d,116a9eb0-b50a-461f-9ead-0342e0796a89,8,30,3000,90000,,,,FALSE,FALSE,0
56f81025-c722-409a-8eb7-4e49e8041f6e,116a9eb0-b50a-461f-9ead-0342e0796a89,6,1,5000,5000,,,,FALSE,FALSE,0
382dc3d3-fe8a-467b-92ee-1f1a7963996e,eeb44752-e771-4cad-bc8a-deee366ffb4a,38,6,2500,15000,,,,FALSE,FALSE,0
1edc4fb0-86c8-4d36-a2d9-754091d7c964,eeb44752-e771-4cad-bc8a-deee366ffb4a,39,6,2500,15000,,,,FALSE,FALSE,0
d447fe26-a057-4606-a2bf-14f3662436a6,eeb44752-e771-4cad-bc8a-deee366ffb4a,8,6,3000,18000,,,,FALSE,FALSE,0
1a3adf76-28cd-4e08-8926-bf47dc567469,eeb44752-e771-4cad-bc8a-deee366ffb4a,1,12,1200,14400,,,,FALSE,FALSE,0
c6e6232e-00af-4181-ba55-ceddb9e4fe23,eeb44752-e771-4cad-bc8a-deee366ffb4a,3,6,3000,18000,,,,FALSE,FALSE,0
15caf4df-c4ae-483c-ab21-49032e4608fd,eeb44752-e771-4cad-bc8a-deee366ffb4a,4,3,3000,9000,,,,FALSE,FALSE,0
82a5a7ad-cf11-4f3c-b6f0-6d9b88a7892f,eeb44752-e771-4cad-bc8a-deee366ffb4a,5,1,3500,3500,,,,FALSE,FALSE,0
ee2bb452-8ec5-4841-b51f-0b9477eed190,50ecaf39-e564-49f9-91ec-9dafbc7369c9,8,12,3000,36000,,,,FALSE,FALSE,0
a72e9279-38ed-410a-b272-c3f54b35f62f,50ecaf39-e564-49f9-91ec-9dafbc7369c9,9,6,3000,18000,,,,FALSE,FALSE,0
795a1dbf-ac41-460e-aa4c-14ae6a4ee2c2,50ecaf39-e564-49f9-91ec-9dafbc7369c9,1,6,1200,7200,,,,FALSE,FALSE,0
976b8860-b0ae-4701-9fc8-b54f784d15e7,50ecaf39-e564-49f9-91ec-9dafbc7369c9,2,6,3000,18000,,,,FALSE,FALSE,0
25474a50-8165-4057-a610-455d8d9263cd,50ecaf39-e564-49f9-91ec-9dafbc7369c9,4,3,3000,9000,,,,FALSE,FALSE,0
cd1c9c1b-1499-4429-87df-901c9418782c,50ecaf39-e564-49f9-91ec-9dafbc7369c9,7,6,3000,18000,,,,FALSE,FALSE,0
6eb8fcbb-cd87-4dbf-b17b-5a2c42624710,50ecaf39-e564-49f9-91ec-9dafbc7369c9,14,3,5000,15000,,,,FALSE,FALSE,0
0b862743-5719-4ab0-8b57-2b831c00b733,a7f5c110-69e9-483c-bc12-505127abc816,1,24,1200,28800,,,,FALSE,FALSE,0
b1c7ce9a-120a-4145-ba5f-369fa370d859,a7f5c110-69e9-483c-bc12-505127abc816,2,6,3000,18000,,,,FALSE,FALSE,0
3d61c23d-00c8-48bf-9e40-5b3b318a7607,a7f5c110-69e9-483c-bc12-505127abc816,3,12,3000,36000,,,,FALSE,FALSE,0
a99feae5-1b84-4680-8507-7ff7d8f9c7c5,a7f5c110-69e9-483c-bc12-505127abc816,4,12,3000,36000,,,,FALSE,FALSE,0
e2c9d19c-1de8-4cdc-8ce0-7d2230ffe828,a7f5c110-69e9-483c-bc12-505127abc816,7,6,3000,18000,,,,FALSE,FALSE,0
3ea64046-4aa9-4398-9d35-fd6ae400c227,a7f5c110-69e9-483c-bc12-505127abc816,8,24,3000,72000,,,,FALSE,FALSE,0
a0f52533-984b-4dcd-b967-5e3108464b91,a7f5c110-69e9-483c-bc12-505127abc816,9,6,3000,18000,,,,FALSE,FALSE,0
afb41a22-ac34-43ae-ae44-31146d2e8179,7b9c4bde-d542-4b4f-bd76-3b37fed4f9f9,14,4,5000,20000,,,,FALSE,FALSE,0
86c86262-f8f5-431f-a55d-931a427c8f87,7b9c4bde-d542-4b4f-bd76-3b37fed4f9f9,6,2,5000,10000,,,,FALSE,FALSE,0
39036b5f-5610-4c27-a443-25ac2fe19561,7b9c4bde-d542-4b4f-bd76-3b37fed4f9f9,4,6,3000,18000,,,,FALSE,FALSE,0
bc2c861a-44de-451a-b96e-db851c0fe617,7b9c4bde-d542-4b4f-bd76-3b37fed4f9f9,7,6,3000,18000,,,,FALSE,FALSE,0
8d53a0ea-5f3a-460b-b73c-2d89a658db2c,7b9c4bde-d542-4b4f-bd76-3b37fed4f9f9,38,6,2500,15000,,,,FALSE,FALSE,0
efe75693-4449-4e45-8496-941b52747395,7b9c4bde-d542-4b4f-bd76-3b37fed4f9f9,39,6,2500,15000,,,,FALSE,FALSE,0
5a21a51d-8eb4-47b3-ab05-c164d80dc3c1,7b9c4bde-d542-4b4f-bd76-3b37fed4f9f9,14,1,5000,5000,,bdb818dc-4228-488e-91f2-48d06b475490,1c5542bc-438c-46ab-9f80-8f27e397ee25,FALSE,TRUE,0
5a26ce86,187f068d-6931-4dfe-b474-c79f371eee4a,7,1,3000,3000,,0e83790f-2a96-426b-9c79-0c96ef95e037,,FALSE,TRUE,0
0be950c4,f6f196d6,39,1,2500,2500,,da5b6ad5-6fa6-4995-93a7-22c84b79e392,,FALSE,TRUE,0
6df5cc7f,f6f196d6,3,1,3000,3000,,da5b6ad5-6fa6-4995-93a7-22c84b79e392,3b24c301-5067-4841-8e51-8515c2d2e716,FALSE,TRUE,0
b9316320,f6f196d6,8,4,3000,12000,,da5b6ad5-6fa6-4995-93a7-22c84b79e392,6fbb8373-6042-4a83-904a-6d74385fa645,FALSE,TRUE,0
d75496a4-153d-4fe9-a810-a4229c9fc03f,bbcdc533-f986-4418-add5-6c4c2c2b2edb,8,12,3000,36000,,,,FALSE,FALSE,0
ae46ec4c-1b14-4e1c-b1fb-ede70d20103c,bbcdc533-f986-4418-add5-6c4c2c2b2edb,1,6,1200,7200,,,,FALSE,FALSE,0
e5b39595-127f-4dd5-a140-5b70d6e61a19,bbcdc533-f986-4418-add5-6c4c2c2b2edb,38,6,2500,15000,,,,FALSE,FALSE,0
ec09d5d2-ab61-42b6-a42e-a1619c32a7b7,bbcdc533-f986-4418-add5-6c4c2c2b2edb,2,6,3000,18000,,,,FALSE,FALSE,0
7fcd6870-35d9-4298-be01-76b4b1600282,bbcdc533-f986-4418-add5-6c4c2c2b2edb,8,6,3000,18000,,,,FALSE,FALSE,0
d8bdcfb2-5665-43e3-89fa-2ab53add56f7,bbcdc533-f986-4418-add5-6c4c2c2b2edb,7,3,3000,9000,,,,FALSE,FALSE,0
adfbbe25-5faa-4ab2-a6c7-f2b0209e7269,bbcdc533-f986-4418-add5-6c4c2c2b2edb,3,6,3000,18000,,,,FALSE,FALSE,0