delivery_note_detail_id,delivery_note_id,product_id,quantity,unit_price,amount,remarks,deleted_flag,created_at,updated_at
07c43332-5edb-5d4d-98c7-77323d134773,88926547-62ab-52ef-9431-dd80b5f418be,1,6,1200,7200,,False,2026-02-15T17:10:07.405448,2026-02-15T17:10:07.405448
0f10a49d-c3a5-5980-a5f9-65c7626ff283,88926547-62ab-52ef-9431-dd80b5f418be,8,5,3000,15000,,False,2026-02-15T17:10:07.405448,2026-02-15T17:10:07.405448
d66193ce-dd2d-588a-b8b2-5bbb55a774e2,183a4fec-0ce3-5c4b-a270-e53c421a22dd,11,12,3000,36000,,False,2026-02-15T17:10:07.405448,2026-02-15T17:10:07.405448
34034ed3-f473-53b0-a9b6-be5fc30e69eb,183a4fec-0ce3-5c4b-a270-e53c421a22dd,2,30,3000,90000,,False,2026-02-15T17:10:07.405448,2026-02-15T17:10:07.405448
4eff0a6e-03cd-5b37-a475-c4c60fdd59ac,183a4fec-0ce3-5c4b-a270-e53c421a22dd,5,12,3500,42000,,False,2026-02-15T17:10:07.405448,2026-02-15T17:10:07.405448
fda0255d-0035-58ee-a960-f80f303023cf,183a4fec-0ce3-5c4b-a270-e53c421a22dd,39,6,2500,15000,,False,2026-02-15T17:10:07.405448,2026-02-15T17:10:07.405448
6c566619-047d-5b55-a86a-bd178dda9c2d,183a4fec-0ce3-5c4b-a270-e53c421a22dd,24,3,3000,9000,,False,2026-02-15T17:10:07.405448,2026-02-15T17:10:07.405448
76f376ee-1437-5674-bc77-c0f715b4931f,183a4fec-0ce3-5c4b-a270-e53c421a22dd,14,3,5000,15000,,False,2026-02-15T17:10:07.405448,2026-02-15T17:10:07.405448
5af3aee7-d1e6-5ad5-ba5e-7d02e10cfd8d,183a4fec-0ce3-5c4b-a270-e53c421a22dd,29,50,50,2500,,False,2026-02-15T17:10:07.406459,2026-02-15T17:10:07.406459
8dc9cc86-abd4-501e-b162-b5b3233aea23,183a4fec-0ce3-5c4b-a270-e53c421a22dd,4,24,3000,72000,,False,2026-02-15T17:10:07.406459,2026-02-15T17:10:07.406459
4cc9810e-3bab-5d5f-8d00-4910bd04604c,183a4fec-0ce3-5c4b-a270-e53c421a22dd,6,3,5000,15000,,False,2026-02-15T17:10:07.406459,2026-02-15T17:10:07.406459
750204e8-8e73-58e1-ab98-fad1ffbdcab4,183a4fec-0ce3-5c4b-a270-e53c421a22dd,25,3,3000,9000,,False,2026-02-15T17:10:07.406459,2026-02-15T17:10:07.406459
e9ae466c-00f1-591b-8840-72f586cd5243,183a4fec-0ce3-5c4b-a270-e53c421a22dd,8,60,3000,180000,,False,2026-02-15T17:10:07.406459,2026-02-15T17:10:07.406459
3960cf9b-5e85-5d63-bdb3-90524d9eca91,183a4fec-0ce3-5c4b-a270-e53c421a22dd,3,6,3000,18000,,False,2026-02-15T17:10:07.406459,2026-02-15T17:10:07.406459
d0f915eb-7322-5421-a25a-2bae80ef7377,183a4fec-0ce3-5c4b-a270-e53c421a22dd,10,6,3000,18000,,False,2026-02-15T17:10:07.406459,2026-02-15T17:10:07.406459
30aeafb2-1f95-519d-ad41-04bf6a62ab02,183a4fec-0ce3-5c4b-a270-e53c421a22dd,1,90,1200,108000,,False,2026-02-15T17:10:07.406459,2026-02-15T17:10:07.406459
b4bed2c2-7646-5607-9e76-bbafa54aa6fe,183a4fec-0ce3-5c4b-a270-e53c421a22dd,7,12,3000,36000,,False,2026-02-15T17:10:07.406459,2026-02-15T17:10:07.406459
ecc5a817-29f9-5e45-91ec-7fd260144bc4,183a4fec-0ce3-5c4b-a270-e53c421a22dd,38,12,2500,30000,,False,2026-02-15T17:10:07.406459,2026-02-15T17:10:07.406459
c33c7d2f-08d6-513b-b238-569af9b25fd7,183a4fec-0ce3-5c4b-a270-e53c421a22dd,28,60,100,6000,,False,2026-02-15T17:10:07.406459,2026-02-15T17:10:07.406459
5fd09149-b1c5-5e23-8b57-dc883513cb44,183a4fec-0ce3-5c4b-a270-e53c421a22dd,23,3,3000,9000,,False,2026-02-15T17:10:07.406459,2026-02-15T17:10:07.406459
500e3f06-c49a-5ebc-99ba-8567f3006d0f,56df8603-6a9b-5c8a-b918-72336b361e1c,8,12,3000,36000,,False,2026-02-15T17:10:07.406459,2026-02-15T17:10:07.406459
7b96b9e0-e611-51ec-93ae-f02301eb6a26,56df8603-6a9b-5c8a-b918-72336b361e1c,2,6,3000,18000,,False,2026-02-15T17:10:07.406459,2026-02-15T17:10:07.406459
848a6ce1-bdbb-54a2-9f0c-2f623dbc5fd3,56df8603-6a9b-5c8a-b918-72336b361e1c,1,1,1200,1200,,False,2026-02-15T17:10:07.406459,2026-02-15T17:10:07.406459
6dea2ea5-1004-586b-9190-153e3f1f5847,56df8603-6a9b-5c8a-b918-72336b361e1c,4,2,3000,6000,,False,2026-02-15T17:10:07.406459,2026-02-15T17:10:07.406459
8404ba46-daa6-5e77-8b4a-2b60bbbdb5f9,2e5ae109-8f1d-5727-9caa-fbb9034ed3a7,1,12,1200,14400,,False,2026-02-15T17:10:07.406459,2026-02-15T17:10:07.406459
73ed1f48-183a-58db-a7a3-7180f3e80a08,2e5ae109-8f1d-5727-9caa-fbb9034ed3a7,11,1,3000,3000,,False,2026-02-15T17:10:07.406459,2026-02-15T17:10:07.406459
769c049e-d232-5248-ae94-29e9eb28eb95,2e5ae109-8f1d-5727-9caa-fbb9034ed3a7,6,2,5000,10000,,False,2026-02-15T17:10:07.406459,2026-02-15T17:10:07.406459
54234c1c-834f-5d00-b3cd-afbec9c7619b,2e5ae109-8f1d-5727-9caa-fbb9034ed3a7,8,12,3000,36000,,False,2026-02-15T17:10:07.406459,2026-02-15T17:10:07.406459
a32b517e-f970-5b45-ad63-410e795471b5,2e5ae109-8f1d-5727-9caa-fbb9034ed3a7,14,2,5000,10000,,False,2026-02-15T17:10:07.406459,2026-02-15T17:10:07.406459
aa0a897b-73f6-5584-b3b9-b39591e892bd,119d7e29-789b-5cda-a326-e67407c46321,15,1,3000,3000,,False,2026-02-15T17:10:07.406459,2026-02-15T17:10:07.406459
e848d436-3c97-5fdb-a782-738c3c49e4ec,119d7e29-789b-5cda-a326-e67407c46321,4,6,3000,18000,,False,2026-02-15T17:10:07.406459,2026-02-15T17:10:07.406459
3fc7ca87-e69f-55a0-b8c1-47f564e32e2c,119d7e29-789b-5cda-a326-e67407c46321,7,1,3000,3000,,False,2026-02-15T17:10:07.406459,2026-02-15T17:10:07.406459
7cc2e0cf-2bd0-51cd-8797-1ff5d2d3ea85,119d7e29-789b-5cda-a326-e67407c46321,3,1,3000,3000,,False,2026-02-15T17:10:07.406459,2026-02-15T17:10:07.406459
09138dd1-14cc-5b68-b892-28a79068e147,119d7e29-789b-5cda-a326-e67407c46321,2,1,3000,3000,,False,2026-02-15T17:10:07.406459,2026-02-15T17:10:07.406459
69f46f06-6b55-5740-b84f-831bacf9bd2d,119d7e29-789b-5cda-a326-e67407c46321,17,5,3000,15000,,False,2026-02-15T17:10:07.406459,2026-02-15T17:10:07.406459
c6158c14-b83f-5390-b27e-03b63987800d,119d7e29-789b-5cda-a326-e67407c46321,1,1,1200,1200,,False,2026-02-15T17:10:07.406459,2026-02-15T17:10:07.406459
9281d8f6-5eea-5c90-8a1e-10c843cb06a7,119d7e29-789b-5cda-a326-e67407c46321,6,2,5000,10000,,False,2026-02-15T17:10:07.406459,2026-02-15T17:10:07.406459
49d4d902-58ae-5e33-a45b-cfc69c444f22,119d7e29-789b-5cda-a326-e67407c46321,8,14,3000,42000,,False,2026-02-15T17:10:07.407577,2026-02-15T17:10:07.407577
bb4adc99-2125-5cc0-b41e-60eb4626ade2,119d7e29-789b-5cda-a326-e67407c46321,5,6,3500,21000,,False,2026-02-15T17:10:07.407577,2026-02-15T17:10:07.407577
55747cab-344c-5733-a96d-6b2773a98951,c36d10f4-3d0f-5cf9-91a7-9060243476f8,1,4,1200,4800,,False,2026-02-15T17:10:07.407577,2026-02-15T17:10:07.407577
65883b0a-f035-523b-8f6d-7e07c7fa5c96,c36d10f4-3d0f-5cf9-91a7-9060243476f8,3,2,3000,6000,,False,2026-02-15T17:10:07.407577,2026-02-15T17:10:07.407577
94bc4d6b-a9a5-5263-9852-245563622e80,c36d10f4-3d0f-5cf9-91a7-9060243476f8,14,1,5000,5000,,False,2026-02-15T17:10:07.407577,2026-02-15T17:10:07.407577
0e0e846f-87ab-575b-ad90-189746f566d9,c36d10f4-3d0f-5cf9-91a7-9060243476f8,8,5,3000,15000,,False,2026-02-15T17:10:07.407577,2026-02-15T17:10:07.407577
ff8a4a41-33de-5f54-8198-5065d21086a3,c36d10f4-3d0f-5cf9-91a7-9060243476f8,2,4,3000,12000,,False,2026-02-15T17:10:07.407577,2026-02-15T17:10:07.407577
879c5659-b301-532a-9b40-cd054a0cf933,e1193704-85d8-505e-8b40-5388bb291e75,10,1,3000,3000,,False,2026-02-15T17:10:07.407577,2026-02-15T17:10:07.407577
d7a23c22-a3b0-59f1-aede-438aafeb8f0f,e1193704-85d8-505e-8b40-5388bb291e75,1,6,1200,7200,,False,2026-02-15T17:10:07.407577,2026-02-15T17:10:07.407577
e93572cc-ad28-5bde-af7b-e49472873797,e1193704-85d8-505e-8b40-5388bb291e75,11,1,3000,3000,,False,2026-02-15T17:10:07.407577,2026-02-15T17:10:07.407577
cd7343dd-32e2-5e42-a23a-3994aa1e9ca5,e1193704-85d8-505e-8b40-5388bb291e75,8,6,3000,18000,,False,2026-02-15T17:10:07.407577,2026-02-15T17:10:07.407577
44378e89-5e84-5118-918e-89c76337549e,e1193704-85d8-505e-8b40-5388bb291e75,39,1,2500,2500,,False,2026-02-15T17:10:07.407577,2026-02-15T17:10:07.407577
13c566e0-427f-5ac3-956d-b11191799bcd,e1193704-85d8-505e-8b40-5388bb291e75,4,4,3000,12000,,False,2026-02-15T17:10:07.407577,2026-02-15T17:10:07.407577
e4cb7147-3396-5a05-983e-74bbee1a4cae,e1193704-85d8-505e-8b40-5388bb291e75,5,1,3500,3500,,False,2026-02-15T17:10:07.407577,2026-02-15T17:10:07.407577
2a0d3366-68d6-5896-a1cb-2d9ab3dccae1,e1193704-85d8-505e-8b40-5388bb291e75,3,1,3000,3000,,False,2026-02-15T17:10:07.407577,2026-02-15T17:10:07.407577
2803090c-cc61-59ac-a808-2fced9a4a498,f70c7f3b-d3c2-5fe4-a1c4-ead0417fadaf,5,5,3500,17500,,False,2026-02-15T17:10:07.407577,2026-02-15T17:10:07.407577
8c11a244-1927-5b09-a6fd-14286b1c1b55,f70c7f3b-d3c2-5fe4-a1c4-ead0417fadaf,4,6,3000,18000,,False,2026-02-15T17:10:07.407577,2026-02-15T17:10:07.407577
746f95d1-c45a-58b3-a6bc-1aea22a974f4,f70c7f3b-d3c2-5fe4-a1c4-ead0417fadaf,15,2,3000,6000,,False,2026-02-15T17:10:07.407577,2026-02-15T17:10:07.407577
7994dc64-d6d3-5f63-a99f-2d5da4389bca,f70c7f3b-d3c2-5fe4-a1c4-ead0417fadaf,8,36,3000,108000,,False,2026-02-15T17:10:07.407577,2026-02-15T17:10:07.407577
d02fc74d-134d-5c19-86cf-4a3592c65907,f70c7f3b-d3c2-5fe4-a1c4-ead0417fadaf,3,12,3000,36000,,False,2026-02-15T17:10:07.407577,2026-02-15T17:10:07.407577
43ef0866-2699-5bf5-99f7-f374d88e0b38,f70c7f3b-d3c2-5fe4-a1c4-ead0417fadaf,1,30,1200,36000,,False,2026-02-15T17:10:07.407577,2026-02-15T17:10:07.407577
b6c7d634-01a9-562a-8655-cbd511dfcb4e,f70c7f3b-d3c2-5fe4-a1c4-ead0417fadaf,10,4,3000,12000,,False,2026-02-15T17:10:07.407577,2026-02-15T17:10:07.407577
1f0f1d13-87db-59a6-89f7-d4bdfb1ab434,f70c7f3b-d3c2-5fe4-a1c4-ead0417fadaf,2,12,3000,36000,,False,2026-02-15T17:10:07.407577,2026-02-15T17:10:07.407577
5a397028-1e66-51c1-afb2-055bad1e959d,f70c7f3b-d3c2-5fe4-a1c4-ead0417fadaf,27,1,3000,3000,,False,2026-02-15T17:10:07.407577,2026-02-15T17:10:07.407577
5fe5cba9-af17-5e89-9689-744ed567efa2,f70c7f3b-d3c2-5fe4-a1c4-ead0417fadaf,7,6,3000,18000,,False,2026-02-15T17:10:07.407577,2026-02-15T17:10:07.407577
e49c8f4b-49ec-5303-b966-ece801773f7f,f70c7f3b-d3c2-5fe4-a1c4-ead0417fadaf,11,2,3000,6000,,False,2026-02-15T17:10:07.407577,2026-02-15T17:10:07.407577
d3e4f864-a1bd-5aa4-a18f-4f0106746fcb,f2f8e310-8ec6-58c0-8fae-e98f636d26bf,3,6,3000,18000,,False,2026-02-15T17:10:07.407577,2026-02-15T17:10:07.407577
691e9cad-5349-5a29-a0ac-5eee3deee6dd,f2f8e310-8ec6-58c0-8fae-e98f636d26bf,7,6,3000,18000,,False,2026-02-15T17:10:07.407577,2026-02-15T17:10:07.407577
47ace32f-aa8d-5c55-8e32-8027b409ec07,f2f8e310-8ec6-58c0-8fae-e98f636d26bf,8,6,3000,18000,,False,2026-02-15T17:10:07.407577,2026-02-15T17:10:07.407577
20d18e1e-47f1-587c-8487-b5081a4c1510,f2f8e310-8ec6-58c0-8fae-e98f636d26bf,1,18,1200,21600,,False,2026-02-15T17:10:07.407577,2026-02-15T17:10:07.407577
bff16ceb-b7d7-5f0c-a0cd-6b428aa9b19f,f2f8e310-8ec6-58c0-8fae-e98f636d26bf,4,6,3000,18000,,False,2026-02-15T17:10:07.407577,2026-02-15T17:10:07.407577
e160f0d2-106b-56c6-b692-1dc8e9587e64,f2f8e310-8ec6-58c0-8fae-e98f636d26bf,11,2,3000,6000,,False,2026-02-15T17:10:07.407577,2026-02-15T17:10:07.407577
97fe7c80-8f3b-50b0-a59e-4652d5b7bd1d,f2f8e310-8ec6-58c0-8fae-e98f636d26bf,2,6,3000,18000,,False,2026-02-15T17:10:07.407577,2026-02-15T17:10:07.407577
af83f195-db54-5818-8092-f7e023c1c959,f2f8e310-8ec6-58c0-8fae-e98f636d26bf,14,2,5000,10000,,False,2026-02-15T17:10:07.407577,2026-02-15T17:10:07.407577
5a37f832-042d-5e0c-847a-572ed648707e,69657d92-0bde-5894-9e30-8934bd45732e,1,10,1200,12000,,False,2026-02-15T17:10:07.407577,2026-02-15T17:10:07.407577
1b850452-1ae5-50cc-a26d-7e387b38b606,69657d92-0bde-5894-9e30-8934bd45732e,39,1,2500,2500,,False,2026-02-15T17:10:07.407577,2026-02-15T17:10:07.407577
40490b0a-5394-59d1-99cf-fca3afc7e7f3,69657d92-0bde-5894-9e30-8934bd45732e,2,7,3000,21000,,False,2026-02-15T17:10:07.407577,2026-02-15T17:10:07.407577
81d0ae57-d90b-5017-a53b-a57a827d65f4,69657d92-0bde-5894-9e30-8934bd45732e,5,2,3500,7000,,False,2026-02-15T17:10:07.407577,2026-02-15T17:10:07.407577
17497d2c-877f-52dd-926d-e2443347cb6f,69657d92-0bde-5894-9e30-8934bd45732e,4,10,3000,30000,,False,2026-02-15T17:10:07.407577,2026-02-15T17:10:07.407577
c845686b-5326-5d9c-bfd3-e140aaadd33d,69657d92-0bde-5894-9e30-8934bd45732e,11,4,3000,12000,,False,2026-02-15T17:10:07.407577,2026-02-15T17:10:07.407577
be1233d7-ed6e-57dc-ac6f-f5380a46ddfd,69657d92-0bde-5894-9e30-8934bd45732e,8,17,3000,51000,,False,2026-02-15T17:10:07.407577,2026-02-15T17:10:07.407577
5d66018f-3c00-502d-9120-bc6ebfee7447,69657d92-0bde-5894-9e30-8934bd45732e,38,1,2500,2500,,False,2026-02-15T17:10:07.407577,2026-02-15T17:10:07.407577
97cf454e-db7e-5e1a-83b9-7ae17a2b2511,69657d92-0bde-5894-9e30-8934bd45732e,10,1,3000,3000,,False,2026-02-15T17:10:07.407577,2026-02-15T17:10:07.407577
3edcb214-d262-5fd8-a339-e68748b1c9ac,69657d92-0bde-5894-9e30-8934bd45732e,7,3,3000,9000,,False,2026-02-15T17:10:07.407577,2026-02-15T17:10:07.407577
7c1123d0-3b02-5d42-9fb4-90f407ff4572,69657d92-0bde-5894-9e30-8934bd45732e,3,8,3000,24000,,False,2026-02-15T17:10:07.407577,2026-02-15T17:10:07.407577
5a378877-f497-565d-809c-d3c04fa63754,37971c16-17f7-5e10-bd67-ecf22f67c0ce,8,13,3000,39000,,False,2026-02-15T17:10:07.407577,2026-02-15T17:10:07.407577
759e506f-7306-5942-8954-679137d15d96,37971c16-17f7-5e10-bd67-ecf22f67c0ce,1,2,1200,2400,,False,2026-02-15T17:10:07.408573,2026-02-15T17:10:07.408573
a9adcaad-7991-5ff1-a89a-847ffa19678c,37971c16-17f7-5e10-bd67-ecf22f67c0ce,14,1,5000,5000,,False,2026-02-15T17:10:07.408573,2026-02-15T17:10:07.408573
ce8d80e3-fd4f-5063-91ce-3e5c12e566c3,37971c16-17f7-5e10-bd67-ecf22f67c0ce,38,2,2500,5000,,False,2026-02-15T17:10:07.408573,2026-02-15T17:10:07.408573
dd12e57d-427b-50f1-96e5-1dd59704521e,6c819403-2b3c-5de3-a83e-66523a642f3f,39,2,2500,5000,,False,2026-02-15T17:10:07.408573,2026-02-15T17:10:07.408573
da5113da-b84c-5afe-a182-5432bc239eda,6c819403-2b3c-5de3-a83e-66523a642f3f,8,3,3000,9000,,False,2026-02-15T17:10:07.408573,2026-02-15T17:10:07.408573
c04ba1cc-6595-5da2-9623-bcb3704978dc,6c819403-2b3c-5de3-a83e-66523a642f3f,2,2,3000,6000,,False,2026-02-15T17:10:07.408573,2026-02-15T17:10:07.408573
4b3d78f1-c53d-598b-92f9-f3a03e9dae2a,6c819403-2b3c-5de3-a83e-66523a642f3f,14,1,5000,5000,,False,2026-02-15T17:10:07.408573,2026-02-15T17:10:07.408573
50ebcfea-71ea-5a71-a34f-cadf23be69df,31577b81-a1d9-5452-884d-7428d096a6b7,2,2,3000,6000,,False,2026-02-15T17:10:07.408573,2026-02-15T17:10:07.408573
b1a27c71-3d0c-5fbd-8dd0-37288f7a33ec,31577b81-a1d9-5452-884d-7428d096a6b7,8,8,3000,24000,,False,2026-02-15T17:10:07.408573,2026-02-15T17:10:07.408573
4ef232f7-32f0-58f4-b20e-c2dc824f4ede,31577b81-a1d9-5452-884d-7428d096a6b7,14,2,5000,10000,,False,2026-02-15T17:10:07.408573,2026-02-15T17:10:07.408573
a7e3e832-2ab4-5e90-8786-9ba782b790ba,31577b81-a1d9-5452-884d-7428d096a6b7,1,10,1200,12000,,False,2026-02-15T17:10:07.408573,2026-02-15T17:10:07.408573
8f328685-1b95-5070-89f1-475e70fbf884,31577b81-a1d9-5452-884d-7428d096a6b7,3,3,3000,9000,,False,2026-02-15T17:10:07.408573,2026-02-15T17:10:07.408573
660c4fb1-5e93-52d1-bc46-ac2a6095e20a,9c676e58-923f-5d24-a83f-718f6549a6e8,5,2,3500,7000,,False,2026-02-15T17:10:07.408573,2026-02-15T17:10:07.408573
3ec87e23-f3e4-52af-8843-0162050214a9,9c676e58-923f-5d24-a83f-718f6549a6e8,1,24,1200,28800,,False,2026-02-15T17:10:07.408573,2026-02-15T17:10:07.408573
a1e7f835-f121-5495-9a5e-71e660fd6e98,9c676e58-923f-5d24-a83f-718f6549a6e8,38,5,2500,12500,,False,2026-02-15T17:10:07.408573,2026-02-15T17:10:07.408573
e20c62fe-500f-5224-b55b-d6c4c594aec5,9c676e58-923f-5d24-a83f-718f6549a6e8,7,7,3000,21000,,False,2026-02-15T17:10:07.408573,2026-02-15T17:10:07.408573
00c3b082-756d-56d0-823d-3b0ea676f44c,9c676e58-923f-5d24-a83f-718f6549a6e8,4,6,3000,18000,,False,2026-02-15T17:10:07.408573,2026-02-15T17:10:07.408573
11537f74-b48c-530a-ab1e-abfbadeb2a8f,9c676e58-923f-5d24-a83f-718f6549a6e8,2,6,3000,18000,,False,2026-02-15T17:10:07.408573,2026-02-15T17:10:07.408573
7a2e4810-2bb2-59ea-9550-8cb303674a42,9c676e58-923f-5d24-a83f-718f6549a6e8,8,26,3000,78000,,False,2026-02-15T17:10:07.408573,2026-02-15T17:10:07.408573
8dc08d44-283f-56b9-ad66-01f600690a03,9c676e58-923f-5d24-a83f-718f6549a6e8,3,6,3000,18000,,False,2026-02-15T17:10:07.408573,2026-02-15T17:10:07.408573
afc2c50b-3195-570f-9143-df4dbf33d987,9c676e58-923f-5d24-a83f-718f6549a6e8,39,3,2500,7500,,False,2026-02-15T17:10:07.408573,2026-02-15T17:10:07.408573
fd8ef916-8974-5006-8ce5-9374231f4cfb,2cc6e536-1f0f-514e-805d-f12a0f5167c7,2,8,3000,24000,,False,2026-02-15T17:10:07.408573,2026-02-15T17:10:07.408573
5de85e1f-0c74-5157-842d-c3e238b656c7,2cc6e536-1f0f-514e-805d-f12a0f5167c7,5,1,3500,3500,,False,2026-02-15T17:10:07.408573,2026-02-15T17:10:07.408573
c2916daa-1264-5115-85a3-8eda7d9f6af9,2cc6e536-1f0f-514e-805d-f12a0f5167c7,3,2,3000,6000,,False,2026-02-15T17:10:07.408573,2026-02-15T17:10:07.408573
5a858768-5ae6-5868-a1cb-a10b4d09763b,2cc6e536-1f0f-514e-805d-f12a0f5167c7,6,4,5000,20000,,False,2026-02-15T17:10:07.408573,2026-02-15T17:10:07.408573
7fbdff46-402b-5876-8957-5740fcd5275f,2cc6e536-1f0f-514e-805d-f12a0f5167c7,39,1,2500,2500,,False,2026-02-15T17:10:07.408573,2026-02-15T17:10:07.408573
a1982a3b-3446-5072-8c54-2ef6e1d9ec86,2cc6e536-1f0f-514e-805d-f12a0f5167c7,38,1,2500,2500,,False,2026-02-15T17:10:07.408573,2026-02-15T17:10:07.408573
33b89aae-9d76-57ed-99b0-c1b463b773fa,2cc6e536-1f0f-514e-805d-f12a0f5167c7,1,12,1200,14400,,False,2026-02-15T17:10:07.408573,2026-02-15T17:10:07.408573
2680b68c-470f-59e3-884b-bf616cc8435b,2cc6e536-1f0f-514e-805d-f12a0f5167c7,4,6,3000,18000,,False,2026-02-15T17:10:07.408573,2026-02-15T17:10:07.408573
c6547059-b351-53a7-b7e8-926d43800266,2cc6e536-1f0f-514e-805d-f12a0f5167c7,7,6,3000,18000,,False,2026-02-15T17:10:07.408573,2026-02-15T17:10:07.408573
c4446024-2013-57d2-8d55-2d4a088b1290,2cc6e536-1f0f-514e-805d-f12a0f5167c7,14,1,5000,5000,,False,2026-02-15T17:10:07.408573,2026-02-15T17:10:07.408573
0ebfb3eb-97f4-5521-9772-dcab517728f6,2cc6e536-1f0f-514e-805d-f12a0f5167c7,11,1,3000,3000,,False,2026-02-15T17:10:07.408573,2026-02-15T17:10:07.408573
c6572d40-2d03-5cb1-bacc-91e7467bdb7c,2cc6e536-1f0f-514e-805d-f12a0f5167c7,8,18,3000,54000,,False,2026-02-15T17:10:07.408573,2026-02-15T17:10:07.408573
967dad6e-2685-5381-82b5-0596ce1b1735,e41142e3-93fd-50be-9101-94e4646db372,8,8,3000,24000,,False,2026-02-15T17:10:07.408573,2026-02-15T17:10:07.408573
15640b28-6d48-5c08-ae29-d5d59320ed0b,e41142e3-93fd-50be-9101-94e4646db372,9,1,3000,3000,,False,2026-02-15T17:10:07.408573,2026-02-15T17:10:07.408573
f133b6d5-26bc-566a-9cd5-20caf4ce331f,e41142e3-93fd-50be-9101-94e4646db372,39,4,2500,10000,,False,2026-02-15T17:10:07.408573,2026-02-15T17:10:07.408573
cb0a47fd-d0a7-5e6b-81f3-4387b44003e4,e41142e3-93fd-50be-9101-94e4646db372,7,4,3000,12000,,False,2026-02-15T17:10:07.408573,2026-02-15T17:10:07.408573
0387dc9d-c4b0-5ca6-901a-cab219403cfa,e41142e3-93fd-50be-9101-94e4646db372,5,2,3500,7000,,False,2026-02-15T17:10:07.408573,2026-02-15T17:10:07.408573
07be7738-eacc-5394-a97c-9cdc3af98d59,e41142e3-93fd-50be-9101-94e4646db372,2,2,3000,6000,,False,2026-02-15T17:10:07.408573,2026-02-15T17:10:07.408573
4ac8dfdc-a31d-58b3-a16c-cfd828907466,e41142e3-93fd-50be-9101-94e4646db372,14,5,5000,25000,,False,2026-02-15T17:10:07.408573,2026-02-15T17:10:07.408573
fe7afbc6-61b1-5fa0-9f78-53ec7d1b13bc,e41142e3-93fd-50be-9101-94e4646db372,10,1,3000,3000,,False,2026-02-15T17:10:07.408573,2026-02-15T17:10:07.408573
2626e79e-fc16-514f-acc5-beb8b7683d37,e41142e3-93fd-50be-9101-94e4646db372,1,22,1200,26400,,False,2026-02-15T17:10:07.408573,2026-02-15T17:10:07.408573
76dd68bb-2cc0-5b72-8626-8782d430b29a,e41142e3-93fd-50be-9101-94e4646db372,3,3,3000,9000,,False,2026-02-15T17:10:07.408573,2026-02-15T17:10:07.408573
ab45ba09-830c-5ce2-8e84-0609eb983d11,e41142e3-93fd-50be-9101-94e4646db372,11,2,3000,6000,,False,2026-02-15T17:10:07.408573,2026-02-15T17:10:07.408573
2b2cd148-807c-5b03-9725-45677ed5f1d4,e41142e3-93fd-50be-9101-94e4646db372,4,3,3000,9000,,False,2026-02-15T17:10:07.409571,2026-02-15T17:10:07.409571
0fc3e405-4671-5ff5-aa68-e376e3ac9ee9,e41142e3-93fd-50be-9101-94e4646db372,38,2,2500,5000,,False,2026-02-15T17:10:07.409571,2026-02-15T17:10:07.409571
1d3f67e6-5d6f-588a-b5ae-97c5a8fad945,c86bbc53-9e60-5300-a9d6-99fb8b44a770,8,90,3000,270000,,False,2026-02-15T17:10:07.409571,2026-02-15T17:10:07.409571
535e7c9e-12ee-5bd5-9ab7-2e66b50f6eec,c86bbc53-9e60-5300-a9d6-99fb8b44a770,11,6,3000,18000,,False,2026-02-15T17:10:07.409571,2026-02-15T17:10:07.409571
8e2775d5-8295-5e1b-81ab-91f1f5bb4077,c86bbc53-9e60-5300-a9d6-99fb8b44a770,38,6,2500,15000,,False,2026-02-15T17:10:07.409571,2026-02-15T17:10:07.409571
3f424db0-cb7c-5119-a8cb-03eda086daf7,c86bbc53-9e60-5300-a9d6-99fb8b44a770,10,6,3000,18000,,False,2026-02-15T17:10:07.409571,2026-02-15T17:10:07.409571
413b8d27-805d-5961-a8d2-cf92c65c0d3f,c86bbc53-9e60-5300-a9d6-99fb8b44a770,6,2,5000,10000,,False,2026-02-15T17:10:07.409571,2026-02-15T17:10:07.409571
fd415a64-1a48-5d5f-ada3-9cb43b70e130,c86bbc53-9e60-5300-a9d6-99fb8b44a770,19,3,4500,13500,,False,2026-02-15T17:10:07.409571,2026-02-15T17:10:07.409571
b68621ce-71b3-5d15-874a-1051bf3d481f,c86bbc53-9e60-5300-a9d6-99fb8b44a770,7,24,3000,72000,,False,2026-02-15T17:10:07.409571,2026-02-15T17:10:07.409571
51256670-d163-5bd4-a961-8c40b71f2142,c86bbc53-9e60-5300-a9d6-99fb8b44a770,18,2,4500,9000,,False,2026-02-15T17:10:07.409571,2026-02-15T17:10:07.409571
e128d36e-7d10-5f1c-b8aa-7e4137a226b7,c86bbc53-9e60-5300-a9d6-99fb8b44a770,4,36,3000,108000,,False,2026-02-15T17:10:07.409571,2026-02-15T17:10:07.409571
cd49372b-e997-57ec-8c5e-6629709fbcdc,c86bbc53-9e60-5300-a9d6-99fb8b44a770,1,120,1200,144000,,False,2026-02-15T17:10:07.409571,2026-02-15T17:10:07.409571
559473c3-48b9-574d-9b86-525ba30f5704,c86bbc53-9e60-5300-a9d6-99fb8b44a770,3,30,3000,90000,,False,2026-02-15T17:10:07.409571,2026-02-15T17:10:07.409571
4d8b3097-2601-5586-a7d1-ebbbf0155099,c86bbc53-9e60-5300-a9d6-99fb8b44a770,39,6,2500,15000,,False,2026-02-15T17:10:07.409571,2026-02-15T17:10:07.409571
6b0f7265-dd20-52d0-81ba-d9fa7f651211,c86bbc53-9e60-5300-a9d6-99fb8b44a770,2,60,3000,180000,,False,2026-02-15T17:10:07.409571,2026-02-15T17:10:07.409571
57aeda4e-b944-5cf7-940f-1d4086e2ed1f,c86bbc53-9e60-5300-a9d6-99fb8b44a770,14,18,5000,90000,,False,2026-02-15T17:10:07.409571,2026-02-15T17:10:07.409571
20152cb2-a8c6-5350-9c90-bb9331d47f8d,c86bbc53-9e60-5300-a9d6-99fb8b44a770,28,100,100,10000,,False,2026-02-15T17:10:07.409571,2026-02-15T17:10:07.409571
55b02798-0060-583a-bf95-5c715b7c92b5,c86bbc53-9e60-5300-a9d6-99fb8b44a770,29,100,50,5000,,False,2026-02-15T17:10:07.409571,2026-02-15T17:10:07.409571
d106ebff-ef6f-5a43-835b-a05b804f4a30,c86bbc53-9e60-5300-a9d6-99fb8b44a770,32,10,100,1000,,False,2026-02-15T17:10:07.409571,2026-02-15T17:10:07.409571
418d163d-2acf-5548-949c-511e1b5b9ec8,c86bbc53-9e60-5300-a9d6-99fb8b44a770,33,10,100,1000,,False,2026-02-15T17:10:07.409571,2026-02-15T17:10:07.409571
e4641b2e-dc25-506e-b94b-c3c95eae18b2,c86bbc53-9e60-5300-a9d6-99fb8b44a770,34,10,100,1000,,False,2026-02-15T17:10:07.409571,2026-02-15T17:10:07.409571
b293e3e0-1451-5eee-8bc5-76b850827975,792f8b7c-06a8-5fd0-95e6-de6a025dad0f,4,3,3000,9000,,False,2026-02-15T17:10:07.409571,2026-02-15T17:10:07.409571
c7ef2bdc-911f-5904-b016-1d55ef59c7e4,792f8b7c-06a8-5fd0-95e6-de6a025dad0f,2,3,3000,9000,,False,2026-02-15T17:10:07.409571,2026-02-15T17:10:07.409571
819a2298-0a16-547d-971d-b4209a3082ce,792f8b7c-06a8-5fd0-95e6-de6a025dad0f,8,9,3000,27000,,False,2026-02-15T17:10:07.409571,2026-02-15T17:10:07.409571
7a2b26d8-8481-5d49-ae30-e2ecc5c13ff9,4eb1e39c-4a4a-5ea8-b6ed-6487aad83749,10,3,3000,9000,,False,2026-02-15T17:10:07.409571,2026-02-15T17:10:07.409571
2bd4101b-4fa6-584c-97e8-3a3d40fcecd6,4eb1e39c-4a4a-5ea8-b6ed-6487aad83749,38,2,2500,5000,,False,2026-02-15T17:10:07.409571,2026-02-15T17:10:07.409571
387499f9-a55e-50a4-bb6a-708a7d07b3c2,4eb1e39c-4a4a-5ea8-b6ed-6487aad83749,9,4,3000,12000,,False,2026-02-15T17:10:07.409571,2026-02-15T17:10:07.409571
c577f944-fd1a-5ce4-b45b-f13878b8b4b1,4eb1e39c-4a4a-5ea8-b6ed-6487aad83749,16,1,3000,3000,,False,2026-02-15T17:10:07.409571,2026-02-15T17:10:07.409571
373e743e-c0ee-5f7b-80ca-8eed6760cc3e,4eb1e39c-4a4a-5ea8-b6ed-6487aad83749,8,74,3000,222000,,False,2026-02-15T17:10:07.409571,2026-02-15T17:10:07.409571
41ea77ce-bc1e-5b2b-be25-1b6ab9911f74,4eb1e39c-4a4a-5ea8-b6ed-6487aad83749,3,13,3000,39000,,False,2026-02-15T17:10:07.409571,2026-02-15T17:10:07.409571
9b90b555-c482-5d4e-86db-b8172dc32ef9,4eb1e39c-4a4a-5ea8-b6ed-6487aad83749,1,62,1200,74400,,False,2026-02-15T17:10:07.409571,2026-02-15T17:10:07.409571
935ed25f-8aab-5816-861d-a638208e4f0e,4eb1e39c-4a4a-5ea8-b6ed-6487aad83749,4,30,3000,90000,,False,2026-02-15T17:10:07.409571,2026-02-15T17:10:07.409571
d768a10b-ab5d-5716-9ab8-f0ddc04edb19,4eb1e39c-4a4a-5ea8-b6ed-6487aad83749,5,13,3500,45500,,False,2026-02-15T17:10:07.409571,2026-02-15T17:10:07.409571
05baed29-9952-55c1-a97c-10fef085239d,4eb1e39c-4a4a-5ea8-b6ed-6487aad83749,14,3,5000,15000,,False,2026-02-15T17:10:07.409571,2026-02-15T17:10:07.409571
efba3e59-d43f-5325-9bf2-131efe517445,4eb1e39c-4a4a-5ea8-b6ed-6487aad83749,2,43,3000,129000,,False,2026-02-15T17:10:07.409571,2026-02-15T17:10:07.409571
dea748cc-b1c3-54cc-b187-b89970afdca0,4eb1e39c-4a4a-5ea8-b6ed-6487aad83749,39,2,2500,5000,,False,2026-02-15T17:10:07.409571,2026-02-15T17:10:07.409571
87be8e22-6eab-5c85-ad7b-d24dff5a8058,4eb1e39c-4a4a-5ea8-b6ed-6487aad83749,7,13,3000,39000,,False,2026-02-15T17:10:07.409571,2026-02-15T17:10:07.409571
3f17835f-485f-56f1-ade6-bcd21d36e56a,4eb1e39c-4a4a-5ea8-b6ed-6487aad83749,6,5,5000,25000,,False,2026-02-15T17:10:07.409571,2026-02-15T17:10:07.409571
3791b49c-6431-5183-a5fd-d81cffea40d0,44040587-cc8e-59b9-b6cc-4a6950ad9a34,3,12,3000,36000,,False,2026-02-15T17:10:07.409571,2026-02-15T17:10:07.409571
a7c4d8ab-431f-5754-b9ba-7b869db5c177,44040587-cc8e-59b9-b6cc-4a6950ad9a34,14,2,5000,10000,,False,2026-02-15T17:10:07.409571,2026-02-15T17:10:07.409571
b8394cad-2775-585d-9003-cf7460e96af1,44040587-cc8e-59b9-b6cc-4a6950ad9a34,17,1,3000,3000,,False,2026-02-15T17:10:07.409571,2026-02-15T17:10:07.409571
6374f5f5-0e07-5d6f-8fcc-bd18c3099457,44040587-cc8e-59b9-b6cc-4a6950ad9a34,4,6,3000,18000,,False,2026-02-15T17:10:07.410577,2026-02-15T17:10:07.410577
e49fa5fb-4c14-5c80-96cd-453c088d62af,44040587-cc8e-59b9-b6cc-4a6950ad9a34,5,1,3500,3500,,False,2026-02-15T17:10:07.410577,2026-02-15T17:10:07.410577
0dbe97dd-9427-5f31-81b2-1111959c44c8,44040587-cc8e-59b9-b6cc-4a6950ad9a34,8,35,3000,105000,,False,2026-02-15T17:10:07.410577,2026-02-15T17:10:07.410577
955d0c08-66aa-50bd-9051-0978c545db8f,44040587-cc8e-59b9-b6cc-4a6950ad9a34,2,6,3000,18000,,False,2026-02-15T17:10:07.410577,2026-02-15T17:10:07.410577
4878f658-a0e2-5251-86a9-7506b0d484af,44040587-cc8e-59b9-b6cc-4a6950ad9a34,7,6,3000,18000,,False,2026-02-15T17:10:07.410577,2026-02-15T17:10:07.410577
25c714ff-e9f4-52b5-9c24-63a7cdd64340,44040587-cc8e-59b9-b6cc-4a6950ad9a34,1,12,1200,14400,,False,2026-02-15T17:10:07.410577,2026-02-15T17:10:07.410577
e6053a76-5e6e-5012-8a24-c16c061974d1,44040587-cc8e-59b9-b6cc-4a6950ad9a34,11,1,3000,3000,,False,2026-02-15T17:10:07.410577,2026-02-15T17:10:07.410577
17d44914-12b5-55be-a6a2-c88aa36746ec,44040587-cc8e-59b9-b6cc-4a6950ad9a34,38,2,2500,5000,,False,2026-02-15T17:10:07.410577,2026-02-15T17:10:07.410577
9ee9a802-2438-5675-9d54-2682e6dcf581,44040587-cc8e-59b9-b6cc-4a6950ad9a34,39,3,2500,7500,,False,2026-02-15T17:10:07.410577,2026-02-15T17:10:07.410577
f10d8e1a-1bd4-5b60-a2f7-aee5fb20e140,3b2e4303-e50c-5734-b789-d1bc5839fe45,1,12,1200,14400,,False,2026-02-15T17:10:07.410577,2026-02-15T17:10:07.410577
e334f8bc-2d47-5cfc-86c1-533cd8da8db4,3b2e4303-e50c-5734-b789-d1bc5839fe45,2,3,3000,9000,,False,2026-02-15T17:10:07.410577,2026-02-15T17:10:07.410577
a87bf920-1cab-515a-bdb3-4486422d7208,3b2e4303-e50c-5734-b789-d1bc5839fe45,8,12,3000,36000,,False,2026-02-15T17:10:07.410577,2026-02-15T17:10:07.410577
cbfea160-6581-5662-9949-1d9f2771605f,3b2e4303-e50c-5734-b789-d1bc5839fe45,38,2,2500,5000,,False,2026-02-15T17:10:07.410577,2026-02-15T17:10:07.410577
bb4bab39-9518-5020-9130-eea8006adf77,3b2e4303-e50c-5734-b789-d1bc5839fe45,39,1,2500,2500,,False,2026-02-15T17:10:07.410577,2026-02-15T17:10:07.410577
e6adb278-19a5-57e6-94e4-d83c56c6d392,f3d1c6f7-f4fc-5db5-a369-00b5bf45b7c0,1,17,1200,20400,,False,2026-02-15T17:10:07.410577,2026-02-15T17:10:07.410577
064609d7-44e2-5747-979e-c2a1af1524b4,f3d1c6f7-f4fc-5db5-a369-00b5bf45b7c0,39,6,2500,15000,,False,2026-02-15T17:10:07.410577,2026-02-15T17:10:07.410577
7655d788-61d3-58b5-9c94-95aa803f468b,f3d1c6f7-f4fc-5db5-a369-00b5bf45b7c0,4,7,3000,21000,,False,2026-02-15T17:10:07.410577,2026-02-15T17:10:07.410577
bf99de5e-9d7a-54e3-97a7-41938184e811,f3d1c6f7-f4fc-5db5-a369-00b5bf45b7c0,3,12,3000,36000,,False,2026-02-15T17:10:07.410577,2026-02-15T17:10:07.410577
0ad1e916-a945-53d5-be37-9418df9acd05,f3d1c6f7-f4fc-5db5-a369-00b5bf45b7c0,6,2,5000,10000,,False,2026-02-15T17:10:07.410577,2026-02-15T17:10:07.410577
2b60520a-1715-5bfe-a4fb-37fb3f56f080,f3d1c6f7-f4fc-5db5-a369-00b5bf45b7c0,15,3,3000,9000,,False,2026-02-15T17:10:07.410577,2026-02-15T17:10:07.410577
b3d4f64e-428c-5eb8-a6f4-c28bd29e8be1,f3d1c6f7-f4fc-5db5-a369-00b5bf45b7c0,19,1,4500,4500,,False,2026-02-15T17:10:07.410577,2026-02-15T17:10:07.410577
4480d4fb-5a22-5e8d-a736-5f53a54e0132,f3d1c6f7-f4fc-5db5-a369-00b5bf45b7c0,5,2,3500,7000,,False,2026-02-15T17:10:07.410577,2026-02-15T17:10:07.410577
d7ce0b18-4b99-582a-8b84-046abb2bf32e,f3d1c6f7-f4fc-5db5-a369-00b5bf45b7c0,9,3,3000,9000,,False,2026-02-15T17:10:07.410577,2026-02-15T17:10:07.410577
ea9ae4f7-ff6d-5b95-b4e2-a0b5642be17f,f3d1c6f7-f4fc-5db5-a369-00b5bf45b7c0,14,8,5000,40000,,False,2026-02-15T17:10:07.410577,2026-02-15T17:10:07.410577
1c58fc84-feda-5611-a52b-a89058cfd9ff,f3d1c6f7-f4fc-5db5-a369-00b5bf45b7c0,8,27,3000,81000,,False,2026-02-15T17:10:07.410577,2026-02-15T17:10:07.410577
e2d69846-1842-5c36-85a7-5bfebbfad5c3,f3d1c6f7-f4fc-5db5-a369-00b5bf45b7c0,38,4,2500,10000,,False,2026-02-15T17:10:07.410577,2026-02-15T17:10:07.410577
08148280-d04b-5743-bc29-9b59b2b5fd7a,f3d1c6f7-f4fc-5db5-a369-00b5bf45b7c0,27,1,3000,3000,,False,2026-02-15T17:10:07.410577,2026-02-15T17:10:07.410577
de843d3c-18ee-5245-aabe-02d298ff48e1,f3d1c6f7-f4fc-5db5-a369-00b5bf45b7c0,7,8,3000,24000,,False,2026-02-15T17:10:07.410577,2026-02-15T17:10:07.410577
517342f2-14f9-57ae-9221-93938f8dd0ee,f3d1c6f7-f4fc-5db5-a369-00b5bf45b7c0,2,15,3000,45000,,False,2026-02-15T17:10:07.410577,2026-02-15T17:10:07.410577
eb4a45af-f820-5d8a-961f-bfccefc20b9e,f3d1c6f7-f4fc-5db5-a369-00b5bf45b7c0,24,2,3000,6000,,False,2026-02-15T17:10:07.410577,2026-02-15T17:10:07.410577
be820598-2d6d-5aa3-bda9-3ecbf752f279,f3d1c6f7-f4fc-5db5-a369-00b5bf45b7c0,10,1,3000,3000,,False,2026-02-15T17:10:07.410577,2026-02-15T17:10:07.410577
0a92792a-f4a5-56a9-8754-1a8795538036,f3d1c6f7-f4fc-5db5-a369-00b5bf45b7c0,11,2,3000,6000,,False,2026-02-15T17:10:07.410577,2026-02-15T17:10:07.410577
ad304bf3-1fd7-5cf0-bd71-2e111eb72745,b1ae4643-a25f-550d-88a0-7cc1da55f360,11,1,3000,3000,,False,2026-02-15T17:10:07.410577,2026-02-15T17:10:07.410577
6417b94e-2712-5bf9-a7ac-0d55106edfb5,b1ae4643-a25f-550d-88a0-7cc1da55f360,7,3,3000,9000,,False,2026-02-15T17:10:07.410577,2026-02-15T17:10:07.410577
10e5af42-de38-5e44-95b1-c3a8cc0ab84c,b1ae4643-a25f-550d-88a0-7cc1da55f360,39,2,2500,5000,,False,2026-02-15T17:10:07.410577,2026-02-15T17:10:07.410577
6e25b01e-f929-5c46-8556-c45bfa2783e0,b1ae4643-a25f-550d-88a0-7cc1da55f360,14,1,5000,5000,,False,2026-02-15T17:10:07.410577,2026-02-15T17:10:07.410577
f1c4431d-7688-59ab-bd89-5d5c26a05423,b1ae4643-a25f-550d-88a0-7cc1da55f360,5,1,3500,3500,,False,2026-02-15T17:10:07.410577,2026-02-15T17:10:07.410577
1870bc90-a11f-5470-b16a-ceefa1773fd9,b1ae4643-a25f-550d-88a0-7cc1da55f360,6,1,5000,5000,,False,2026-02-15T17:10:07.410577,2026-02-15T17:10:07.410577
91cfcefe-fcc5-57c5-b556-7aee6f0056bc,b1ae4643-a25f-550d-88a0-7cc1da55f360,2,2,3000,6000,,False,2026-02-15T17:10:07.410577,2026-02-15T17:10:07.410577
ea9ff2fe-1457-5875-a8ea-e800193a00ec,b1ae4643-a25f-550d-88a0-7cc1da55f360,38,1,2500,2500,,False,2026-02-15T17:10:07.410577,2026-02-15T17:10:07.410577
a1460dc2-4a3a-5acd-b249-d7a1387fd174,b1ae4643-a25f-550d-88a0-7cc1da55f360,4,6,3000,18000,,False,2026-02-15T17:10:07.410577,2026-02-15T17:10:07.410577
fe6341de-cd1c-5d45-8075-0902d08ee1ab,b1ae4643-a25f-550d-88a0-7cc1da55f360,1,11,1200,13200,,False,2026-02-15T17:10:07.410577,2026-02-15T17:10:07.410577
21bf498f-a833-571b-99f0-1c25480bb52d,b1ae4643-a25f-550d-88a0-7cc1da55f360,8,11,3000,33000,,False,2026-02-15T17:10:07.410577,2026-02-15T17:10:07.410577
59585c75-fb5b-5a48-8db4-ac9342e92cf1,b1ae4643-a25f-550d-88a0-7cc1da55f360,3,4,3000,12000,,False,2026-02-15T17:10:07.410577,2026-02-15T17:10:07.410577
0026ee77-e8ea-53bf-a068-1c1b94585826,4bd9bf95-4ba5-54df-8400-89f709aebad1,38,1,2500,2500,,False,2026-02-15T17:10:07.411596,2026-02-15T17:10:07.411596
8e89d3de-164c-548a-ac7f-67668cc9a4ed,4bd9bf95-4ba5-54df-8400-89f709aebad1,4,3,3000,9000,,False,2026-02-15T17:10:07.411596,2026-02-15T17:10:07.411596
7469486b-ea58-5466-ba56-341541e4adcc,4bd9bf95-4ba5-54df-8400-89f709aebad1,1,1,1200,1200,,False,2026-02-15T17:10:07.411596,2026-02-15T17:10:07.411596
4edf37a7-996d-5703-b4e8-d798d29d5f2c,4bd9bf95-4ba5-54df-8400-89f709aebad1,8,13,3000,39000,,False,2026-02-15T17:10:07.411596,2026-02-15T17:10:07.411596
57505282-1a21-5c74-bcd8-bf3dda4ea53e,97f5df1a-c370-5a92-bdc8-ca17f7063edd,10,1,3000,3000,,False,2026-02-15T17:10:07.411596,2026-02-15T17:10:07.411596
f055d665-9f24-5af1-b1a3-6f66f90194a4,97f5df1a-c370-5a92-bdc8-ca17f7063edd,1,25,1200,30000,,False,2026-02-15T17:10:07.411596,2026-02-15T17:10:07.411596
f3243231-33fd-5f67-9af3-bc76ba80d6a0,97f5df1a-c370-5a92-bdc8-ca17f7063edd,7,2,3000,6000,,False,2026-02-15T17:10:07.411596,2026-02-15T17:10:07.411596
aaace143-ea6f-5349-b973-fa72f1eb27f6,97f5df1a-c370-5a92-bdc8-ca17f7063edd,39,2,2500,5000,,False,2026-02-15T17:10:07.411596,2026-02-15T17:10:07.411596
27447fb5-edb2-5836-aa6b-0a1e6283568d,97f5df1a-c370-5a92-bdc8-ca17f7063edd,2,3,3000,9000,,False,2026-02-15T17:10:07.411596,2026-02-15T17:10:07.411596
e2b7a207-3cd3-5ab7-8daa-e7e27f049297,97f5df1a-c370-5a92-bdc8-ca17f7063edd,11,5,3000,15000,,False,2026-02-15T17:10:07.411596,2026-02-15T17:10:07.411596
4ac7dcbb-cc2e-5260-9479-bae2814c745d,97f5df1a-c370-5a92-bdc8-ca17f7063edd,3,6,3000,18000,,False,2026-02-15T17:10:07.411596,2026-02-15T17:10:07.411596
77260074-3925-5e8b-a988-e1abc0a4e95d,97f5df1a-c370-5a92-bdc8-ca17f7063edd,4,2,3000,6000,,False,2026-02-15T17:10:07.411596,2026-02-15T17:10:07.411596
92c92a75-6d7f-561e-8330-890888aa6484,97f5df1a-c370-5a92-bdc8-ca17f7063edd,14,1,5000,5000,,False,2026-02-15T17:10:07.411596,2026-02-15T17:10:07.411596
7f839356-d469-58a2-9f16-c1f61ae85717,97f5df1a-c370-5a92-bdc8-ca17f7063edd,8,18,3000,54000,,False,2026-02-15T17:10:07.411596,2026-02-15T17:10:07.411596
364e0ba5-b1c9-5d98-b971-9e7fa606888f,97f5df1a-c370-5a92-bdc8-ca17f7063edd,38,2,2500,5000,,False,2026-02-15T17:10:07.411596,2026-02-15T17:10:07.411596
9f938536-b42d-5c10-b1e1-faf5b67a2803,3f9e9551-d2f1-53fd-9f24-e3fe98ec5ffb,3,2,3000,6000,,False,2026-02-15T17:10:07.411596,2026-02-15T17:10:07.411596
440327c8-2924-52de-bb87-0b50c89a48fe,3f9e9551-d2f1-53fd-9f24-e3fe98ec5ffb,4,3,3000,9000,,False,2026-02-15T17:10:07.411596,2026-02-15T17:10:07.411596
cbe96633-fda9-5915-98cd-de36688cef77,3f9e9551-d2f1-53fd-9f24-e3fe98ec5ffb,14,2,5000,10000,,False,2026-02-15T17:10:07.411596,2026-02-15T17:10:07.411596
62f33f57-6469-5724-9d3c-c98088a87be0,3f9e9551-d2f1-53fd-9f24-e3fe98ec5ffb,7,5,3000,15000,,False,2026-02-15T17:10:07.411596,2026-02-15T17:10:07.411596
c04acb36-eda9-5b6a-8c7b-9fe11be06253,3f9e9551-d2f1-53fd-9f24-e3fe98ec5ffb,11,1,3000,3000,,False,2026-02-15T17:10:07.411596,2026-02-15T17:10:07.411596
009878ad-baee-5a53-a1ba-5f3242b67a50,3f9e9551-d2f1-53fd-9f24-e3fe98ec5ffb,8,16,3000,48000,,False,2026-02-15T17:10:07.411596,2026-02-15T17:10:07.411596
fa1bfb3c-ba07-5550-bfd8-7cce07d72948,3f9e9551-d2f1-53fd-9f24-e3fe98ec5ffb,2,3,3000,9000,,False,2026-02-15T17:10:07.411596,2026-02-15T17:10:07.411596
7c030eb5-05b1-570f-abb7-21bc5a6c851a,3f9e9551-d2f1-53fd-9f24-e3fe98ec5ffb,15,1,3000,3000,,False,2026-02-15T17:10:07.411596,2026-02-15T17:10:07.411596
90ff6864-1cca-54ef-a1e7-41dc2f6fc5d2,3f9e9551-d2f1-53fd-9f24-e3fe98ec5ffb,38,1,2500,2500,,False,2026-02-15T17:10:07.411596,2026-02-15T17:10:07.411596
7e672306-119c-5dd4-b884-80a27f2b4647,3f9e9551-d2f1-53fd-9f24-e3fe98ec5ffb,1,11,1200,13200,,False,2026-02-15T17:10:07.411596,2026-02-15T17:10:07.411596
c4be6e1b-e293-5a34-81e6-7b229a76376d,3f9e9551-d2f1-53fd-9f24-e3fe98ec5ffb,39,1,2500,2500,,False,2026-02-15T17:10:07.411596,2026-02-15T17:10:07.411596
2889296d-36e3-5d3e-a312-df15de6e9a7c,3f9e9551-d2f1-53fd-9f24-e3fe98ec5ffb,10,2,3000,6000,,False,2026-02-15T17:10:07.411596,2026-02-15T17:10:07.411596
f62c2c46-23bf-5a21-b5bc-c0d9ea44a514,e0c9ff8d-b3ef-5759-bc40-9b06f618c5fe,39,1,2500,2500,,False,2026-02-15T17:10:07.411596,2026-02-15T17:10:07.411596
cd4bcd8d-0916-5815-827b-205e0f024076,e0c9ff8d-b3ef-5759-bc40-9b06f618c5fe,4,2,3000,6000,,False,2026-02-15T17:10:07.411596,2026-02-15T17:10:07.411596
6c2b9797-c497-5597-8991-341691dfb9f0,e0c9ff8d-b3ef-5759-bc40-9b06f618c5fe,8,6,3000,18000,,False,2026-02-15T17:10:07.411596,2026-02-15T17:10:07.411596
25a3d9c3-d347-574f-89d2-752d83bfc904,e0c9ff8d-b3ef-5759-bc40-9b06f618c5fe,7,1,3000,3000,,False,2026-02-15T17:10:07.411596,2026-02-15T17:10:07.411596
c4853b99-f438-5157-a8ee-ccb7bacc119d,e0c9ff8d-b3ef-5759-bc40-9b06f618c5fe,2,2,3000,6000,,False,2026-02-15T17:10:07.411596,2026-02-15T17:10:07.411596
fc4faa2f-e5e9-5093-b318-2498fb32e5c6,e0c9ff8d-b3ef-5759-bc40-9b06f618c5fe,1,6,1200,7200,,False,2026-02-15T17:10:07.411596,2026-02-15T17:10:07.411596
e246962d-d45d-5bbe-8d05-b129e226c907,a4225fc8-b910-518a-aa49-8c5fb81cd942,38,6,2500,15000,,False,2026-02-15T17:10:07.411596,2026-02-15T17:10:07.411596
ac583ea3-b24d-5147-bf08-d3ebf95be883,a4225fc8-b910-518a-aa49-8c5fb81cd942,3,5,3000,15000,,False,2026-02-15T17:10:07.411596,2026-02-15T17:10:07.411596
7e978f37-7446-5908-86ed-4256ecadf218,a4225fc8-b910-518a-aa49-8c5fb81cd942,1,19,1200,22800,,False,2026-02-15T17:10:07.411596,2026-02-15T17:10:07.411596
1cf716b5-b7fc-5597-b7a0-e8e9d2096db2,a4225fc8-b910-518a-aa49-8c5fb81cd942,39,7,2500,17500,,False,2026-02-15T17:10:07.411596,2026-02-15T17:10:07.411596
50b004c3-0bce-5c11-8733-8d4f92fda93f,a4225fc8-b910-518a-aa49-8c5fb81cd942,4,5,3000,15000,,False,2026-02-15T17:10:07.411596,2026-02-15T17:10:07.411596
8448de09-53a7-55c9-bd4b-c477775f1315,a4225fc8-b910-518a-aa49-8c5fb81cd942,10,1,3000,3000,,False,2026-02-15T17:10:07.411596,2026-02-15T17:10:07.411596
a8fa1510-6c3d-54ee-9395-e3688c32d09e,a4225fc8-b910-518a-aa49-8c5fb81cd942,8,20,3000,60000,,False,2026-02-15T17:10:07.411596,2026-02-15T17:10:07.411596
1a42d191-a8cd-5f45-a419-7722f77c7532,a4225fc8-b910-518a-aa49-8c5fb81cd942,11,2,3000,6000,,False,2026-02-15T17:10:07.411596,2026-02-15T17:10:07.411596
473d9773-c9f4-51b0-95e8-7afd34281e23,a4225fc8-b910-518a-aa49-8c5fb81cd942,9,2,3000,6000,,False,2026-02-15T17:10:07.411596,2026-02-15T17:10:07.411596
08246703-ee37-5f09-a86c-db8e944fe803,a4225fc8-b910-518a-aa49-8c5fb81cd942,7,3,3000,9000,,False,2026-02-15T17:10:07.411596,2026-02-15T17:10:07.411596
a8670ec2-76f9-5a6a-b4d8-8ae0bbfa3f8d,a4225fc8-b910-518a-aa49-8c5fb81cd942,5,3,3500,10500,,False,2026-02-15T17:10:07.411596,2026-02-15T17:10:07.411596
92a92f87-aee8-5729-8abb-c07b4278460b,a4225fc8-b910-518a-aa49-8c5fb81cd942,14,1,5000,5000,,False,2026-02-15T17:10:07.411596,2026-02-15T17:10:07.411596
7f889c24-0219-5b43-bf50-00e9a051e579,a4225fc8-b910-518a-aa49-8c5fb81cd942,2,3,3000,9000,,False,2026-02-15T17:10:07.411596,2026-02-15T17:10:07.411596
c1482a96-27e0-5afc-80e3-a8fbf9b6015a,b914765f-7c38-5a9e-b132-e33f20632008,39,1,2500,2500,,False,2026-02-15T17:10:07.411596,2026-02-15T17:10:07.411596
17f7668c-d059-5db2-a0d4-9a41a0fd17db,b914765f-7c38-5a9e-b132-e33f20632008,7,2,3000,6000,,False,2026-02-15T17:10:07.411596,2026-02-15T17:10:07.411596
768663a1-07aa-56d7-bd14-79b2270c3df2,b914765f-7c38-5a9e-b132-e33f20632008,1,2,1200,2400,,False,2026-02-15T17:10:07.411596,2026-02-15T17:10:07.411596
6d04f9fb-94f2-5ffd-8e69-bfb2b0f63015,b914765f-7c38-5a9e-b132-e33f20632008,2,1,3000,3000,,False,2026-02-15T17:10:07.411596,2026-02-15T17:10:07.411596
c72083d8-ce68-5266-97b5-9828e04b3305,b914765f-7c38-5a9e-b132-e33f20632008,38,1,2500,2500,,False,2026-02-15T17:10:07.411596,2026-02-15T17:10:07.411596
dc6fde61-310d-5ee8-b0af-3bfe7dcfa5ab,b914765f-7c38-5a9e-b132-e33f20632008,8,2,3000,6000,,False,2026-02-15T17:10:07.411596,2026-02-15T17:10:07.411596
c1e4bf96-887f-52d6-afde-f695df9718ab,b914765f-7c38-5a9e-b132-e33f20632008,3,1,3000,3000,,False,2026-02-15T17:10:07.411596,2026-02-15T17:10:07.411596
fd093d7f-5d17-5335-899b-24e2dbf6d1aa,c1d1e95f-bfb4-5b6d-8037-36b5d8862a48,8,1,3000,3000,,False,2026-02-15T17:10:07.411596,2026-02-15T17:10:07.411596
e7a15f2f-423e-54aa-8549-bb3743eccd6a,c1d1e95f-bfb4-5b6d-8037-36b5d8862a48,39,1,2500,2500,,False,2026-02-15T17:10:07.411596,2026-02-15T17:10:07.411596
e331953d-2f96-54e5-bca6-218bbccdd12f,c1d1e95f-bfb4-5b6d-8037-36b5d8862a48,7,1,3000,3000,,False,2026-02-15T17:10:07.411596,2026-02-15T17:10:07.411596
a9fda152-5ae1-5ad6-a6e4-b1d13b40d3a2,828ef0ed-6bb7-5e54-9296-bfab8b1b4d43,38,1,2500,2500,,False,2026-02-15T17:10:07.411596,2026-02-15T17:10:07.411596
65114c6d-bdcf-5df5-858a-544194eaf702,828ef0ed-6bb7-5e54-9296-bfab8b1b4d43,2,2,3000,6000,,False,2026-02-15T17:10:07.411596,2026-02-15T17:10:07.411596
f5e963d5-bc78-5dbe-8587-9a362dbd02a0,828ef0ed-6bb7-5e54-9296-bfab8b1b4d43,4,6,3000,18000,,False,2026-02-15T17:10:07.411596,2026-02-15T17:10:07.411596
f62ddd7c-0d00-5359-908a-b243c2ad4cea,828ef0ed-6bb7-5e54-9296-bfab8b1b4d43,3,4,3000,12000,,False,2026-02-15T17:10:07.411596,2026-02-15T17:10:07.411596
393bb9a8-c52c-5d57-a1b8-776f836a9b73,828ef0ed-6bb7-5e54-9296-bfab8b1b4d43,39,2,2500,5000,,False,2026-02-15T17:10:07.411596,2026-02-15T17:10:07.411596
7e30804e-7b31-5c56-b89f-c9bb7ff73932,828ef0ed-6bb7-5e54-9296-bfab8b1b4d43,8,11,3000,33000,,False,2026-02-15T17:10:07.411596,2026-02-15T17:10:07.411596
ac00d1fd-7be5-526e-b157-3087b5d56a2e,828ef0ed-6bb7-5e54-9296-bfab8b1b4d43,1,11,1200,13200,,False,2026-02-15T17:10:07.411596,2026-02-15T17:10:07.411596
e6b6528f-0463-52bf-9ba6-8618362bb2ef,828ef0ed-6bb7-5e54-9296-bfab8b1b4d43,6,1,5000,5000,,False,2026-02-15T17:10:07.411596,2026-02-15T17:10:07.411596
f902d2a1-363b-5c1d-9779-d47c3ec7a223,828ef0ed-6bb7-5e54-9296-bfab8b1b4d43,11,1,3000,3000,,False,2026-02-15T17:10:07.411596,2026-02-15T17:10:07.411596
472d2db6-07f0-5c53-a171-fe3d16c73bd5,828ef0ed-6bb7-5e54-9296-bfab8b1b4d43,7,3,3000,9000,,False,2026-02-15T17:10:07.411596,2026-02-15T17:10:07.411596
4258f55f-6fea-5412-84c9-de55c9cc456e,828ef0ed-6bb7-5e54-9296-bfab8b1b4d43,14,1,5000,5000,,False,2026-02-15T17:10:07.411596,2026-02-15T17:10:07.411596
93bb5817-f9cf-51e2-bd1d-0c3754191269,828ef0ed-6bb7-5e54-9296-bfab8b1b4d43,5,1,3500,3500,,False,2026-02-15T17:10:07.411596,2026-02-15T17:10:07.411596
20ce7430-49b3-5670-97cf-e82da440894d,75ec1a73-5bb1-5a64-856d-9b088f941c70,1,1,1200,1200,,False,2026-02-15T17:10:07.411596,2026-02-15T17:10:07.411596
01bd79ea-b2dc-51a2-934c-e3572c6d2d64,75ec1a73-5bb1-5a64-856d-9b088f941c70,8,10,3000,30000,,False,2026-02-15T17:10:07.411596,2026-02-15T17:10:07.411596
372ed147-c9a3-5613-a32e-1ee79646d9e4,75ec1a73-5bb1-5a64-856d-9b088f941c70,14,2,5000,10000,,False,2026-02-15T17:10:07.411596,2026-02-15T17:10:07.411596
a4d1a867-fcd8-5811-bf8e-c1a331376887,75ec1a73-5bb1-5a64-856d-9b088f941c70,5,1,3500,3500,,False,2026-02-15T17:10:07.411596,2026-02-15T17:10:07.411596
78a29d85-3e94-58ec-be87-abaf045fc995,75ec1a73-5bb1-5a64-856d-9b088f941c70,2,2,3000,6000,,False,2026-02-15T17:10:07.411596,2026-02-15T17:10:07.411596
e25fae28-2a9b-536c-8800-6b2c57764f00,75ec1a73-5bb1-5a64-856d-9b088f941c70,7,1,3000,3000,,False,2026-02-15T17:10:07.411596,2026-02-15T17:10:07.411596
c5569c58-2a45-51a5-8f8d-976c8df24baf,75ec1a73-5bb1-5a64-856d-9b088f941c70,4,1,3000,3000,,False,2026-02-15T17:10:07.411596,2026-02-15T17:10:07.411596
22fc34aa-4ce6-51e3-9a08-55c88239902f,75ec1a73-5bb1-5a64-856d-9b088f941c70,6,1,5000,5000,,False,2026-02-15T17:10:07.411596,2026-02-15T17:10:07.411596
089efbbc-6a97-5026-b96d-55b345d770a6,75ec1a73-5bb1-5a64-856d-9b088f941c70,3,7,3000,21000,,False,2026-02-15T17:10:07.411596,2026-02-15T17:10:07.411596
91eaf224-19d8-5a51-a29b-a7d56cb049af,75ec1a73-5bb1-5a64-856d-9b088f941c70,39,1,2500,2500,,False,2026-02-15T17:10:07.411596,2026-02-15T17:10:07.411596
8dce0209-a69d-5bbe-b880-be5e53bad17b,3312b70f-12e2-5a99-9b81-356d568820aa,14,6,5000,30000,,False,2026-02-15T17:10:07.411596,2026-02-15T17:10:07.411596
700f2afe-68d4-5352-b556-9041952f5981,3312b70f-12e2-5a99-9b81-356d568820aa,3,6,3000,18000,,False,2026-02-15T17:10:07.411596,2026-02-15T17:10:07.411596
910fa8ec-0602-5b3f-a9ff-d8c5934a77e4,3312b70f-12e2-5a99-9b81-356d568820aa,11,4,3000,12000,,False,2026-02-15T17:10:07.411596,2026-02-15T17:10:07.411596
2543e560-8642-55ad-9561-545a6ebd4edb,1873233a-1a9b-5662-8adc-abcc48db7e89,38,0,2500,0,,False,2026-02-15T17:10:07.411596,2026-02-15T17:10:07.411596
cc6e035f-9e69-58cb-bde3-6cb678d6bfe5,1873233a-1a9b-5662-8adc-abcc48db7e89,39,0,2500,0,,False,2026-02-15T17:10:07.411596,2026-02-15T17:10:07.411596
f5e13cb2-f37b-5162-b27b-40b241f7a292,4c6490da-16ed-5188-96ad-74464bde0dff,3,18,3000,54000,,False,2026-02-15T17:10:07.411596,2026-02-15T17:10:07.411596
abca2d37-8e0d-5c51-a318-7611ef40b6ce,4c6490da-16ed-5188-96ad-74464bde0dff,1,60,1200,72000,,False,2026-02-15T17:10:07.411596,2026-02-15T17:10:07.411596
332931ec-00af-583a-a901-c4bf55e6010f,4c6490da-16ed-5188-96ad-74464bde0dff,4,12,3000,36000,,False,2026-02-15T17:10:07.411596,2026-02-15T17:10:07.411596
3124f03f-8508-5604-81fb-19fa9c1282ea,4c6490da-16ed-5188-96ad-74464bde0dff,2,18,3000,54000,,False,2026-02-15T17:10:07.411596,2026-02-15T17:10:07.411596
0799cd01-850c-5d26-b6e5-e92d5eb67d62,4c6490da-16ed-5188-96ad-74464bde0dff,5,18,3500,63000,,False,2026-02-15T17:10:07.411596,2026-02-15T17:10:07.411596
8eb711e4-4699-5494-af2a-e14d5ebf38fe,4c6490da-16ed-5188-96ad-74464bde0dff,6,2,5000,10000,,False,2026-02-15T17:10:07.411596,2026-02-15T17:10:07.411596
7c8aca45-e000-5bf9-90df-664029397edb,4c6490da-16ed-5188-96ad-74464bde0dff,7,30,3000,90000,,False,2026-02-15T17:10:07.411596,2026-02-15T17:10:07.411596
1aa1e8e9-7f86-5706-b46e-a1e99ea14c88,4c6490da-16ed-5188-96ad-74464bde0dff,8,60,3000,180000,,False,2026-02-15T17:10:07.411596,2026-02-15T17:10:07.411596
123e3974-3045-5a3c-ac76-c4954f309eba,4c6490da-16ed-5188-96ad-74464bde0dff,9,6,3000,18000,,False,2026-02-15T17:10:07.411596,2026-02-15T17:10:07.411596
59e6d3dd-bb3f-5bb3-a8c9-8cd3d0ae1a2b,4c6490da-16ed-5188-96ad-74464bde0dff,10,12,3000,36000,,False,2026-02-15T17:10:07.411596,2026-02-15T17:10:07.411596
bd711e4b-e0f2-5d41-b8f0-c4484ab8e488,4c6490da-16ed-5188-96ad-74464bde0dff,11,24,3000,72000,,False,2026-02-15T17:10:07.411596,2026-02-15T17:10:07.411596
1fb7f6df-5e8d-56a3-9d35-f7d3a421d143,4c6490da-16ed-5188-96ad-74464bde0dff,38,12,2500,30000,,False,2026-02-15T17:10:07.411596,2026-02-15T17:10:07.411596
960cde15-8d18-553b-9793-c9623f147b10,4c6490da-16ed-5188-96ad-74464bde0dff,39,12,2500,30000,,False,2026-02-15T17:10:07.411596,2026-02-15T17:10:07.411596
a24efb68-8ca8-5170-bea9-bfdd907772ce,4c6490da-16ed-5188-96ad-74464bde0dff,14,6,5000,30000,,False,2026-02-15T17:10:07.411596,2026-02-15T17:10:07.411596
fe10c2a4-c82a-5d7b-a07d-3c9b17db39d3,4c6490da-16ed-5188-96ad-74464bde0dff,16,3,3000,9000,,False,2026-02-15T17:10:07.411596,2026-02-15T17:10:07.411596
cb8d1552-16ac-57a4-a719-2dae4f8529a8,4c6490da-16ed-5188-96ad-74464bde0dff,17,3,3000,9000,,False,2026-02-15T17:10:07.411596,2026-02-15T17:10:07.411596
b2394839-6a56-5bda-8663-04ae959d0350,98d51e63-49eb-58ed-a6d7-928368d6749d,11,2,3000,6000,,False,2026-02-15T17:10:07.411596,2026-02-15T17:10:07.411596
391264fe-c1b5-5365-b374-f965b4dc74d0,98d51e63-49eb-58ed-a6d7-928368d6749d,1,3,1200,3600,,False,2026-02-15T17:10:07.411596,2026-02-15T17:10:07.411596
f2dcd9db-7838-5c9b-bc95-1c4db93a4c60,98d51e63-49eb-58ed-a6d7-928368d6749d,3,2,3000,6000,,False,2026-02-15T17:10:07.411596,2026-02-15T17:10:07.411596
04d789e2-8575-521e-9932-344284850b1f,98d51e63-49eb-58ed-a6d7-928368d6749d,8,2,3000,6000,,False,2026-02-15T17:10:07.411596,2026-02-15T17:10:07.411596
1fed681b-763e-5a64-b1e8-ca30871384c0,be135f79-c84e-5a7b-934c-ae9580608696,4,9,3000,27000,,False,2026-02-15T17:10:07.411596,2026-02-15T17:10:07.411596
a39d98f2-c942-5105-8503-8c5af623d36b,be135f79-c84e-5a7b-934c-ae9580608696,11,3,3000,9000,,False,2026-02-15T17:10:07.411596,2026-02-15T17:10:07.411596
96f9d58f-9616-5ba6-9b95-6f99cca80f63,be135f79-c84e-5a7b-934c-ae9580608696,3,6,3000,18000,,False,2026-02-15T17:10:07.411596,2026-02-15T17:10:07.411596
4fb593a0-f9df-5cd6-a3d1-4916434ac8f5,be135f79-c84e-5a7b-934c-ae9580608696,2,13,3000,39000,,False,2026-02-15T17:10:07.411596,2026-02-15T17:10:07.411596
921eaeba-fea9-58a7-ad8f-259753591f88,be135f79-c84e-5a7b-934c-ae9580608696,7,2,3000,6000,,False,2026-02-15T17:10:07.411596,2026-02-15T17:10:07.411596
7c73e1a7-ab41-5457-be3f-c68a3cddef45,be135f79-c84e-5a7b-934c-ae9580608696,9,1,3000,3000,,False,2026-02-15T17:10:07.411596,2026-02-15T17:10:07.411596
7c8c3638-cb6d-5d50-bca6-7ef2094757bb,be135f79-c84e-5a7b-934c-ae9580608696,1,21,1200,25200,,False,2026-02-15T17:10:07.411596,2026-02-15T17:10:07.411596
9f5fc94b-ed54-5821-a815-d2df49746ab0,be135f79-c84e-5a7b-934c-ae9580608696,10,1,3000,3000,,False,2026-02-15T17:10:07.411596,2026-02-15T17:10:07.411596
db210fde-8fda-5af3-a0ca-5d19c67d5c77,be135f79-c84e-5a7b-934c-ae9580608696,8,24,3000,72000,,False,2026-02-15T17:10:07.411596,2026-02-15T17:10:07.411596
599a6af9-3ce8-5d8b-ae64-68abe21844f1,be135f79-c84e-5a7b-934c-ae9580608696,6,1,5000,5000,,False,2026-02-15T17:10:07.411596,2026-02-15T17:10:07.411596
7399d69f-97e1-5777-ae2a-5f9d7204990e,be135f79-c84e-5a7b-934c-ae9580608696,14,3,5000,15000,,False,2026-02-15T17:10:07.411596,2026-02-15T17:10:07.411596
74b83701-d58a-5b03-93a5-9f8ccb76c5e8,038ab567-a40b-52de-84e7-43abd9e34c48,8,58,3000,174000,,False,2026-02-15T17:10:07.411596,2026-02-15T17:10:07.411596
a5328dcf-d893-5cdc-8a30-d80493e62b17,038ab567-a40b-52de-84e7-43abd9e34c48,7,4,3000,12000,,False,2026-02-15T17:10:07.411596,2026-02-15T17:10:07.411596
a5b565ea-3827-5e2d-8c37-b15fe3e2f37b,038ab567-a40b-52de-84e7-43abd9e34c48,25,1,3000,3000,,False,2026-02-15T17:10:07.411596,2026-02-15T17:10:07.411596
ce3fea07-d3df-5d0d-9c56-3fda1d49deb7,038ab567-a40b-52de-84e7-43abd9e34c48,14,5,5000,25000,,False,2026-02-15T17:10:07.411596,2026-02-15T17:10:07.411596
38f2ae59-c62b-5f41-968d-c46d65157fd0,038ab567-a40b-52de-84e7-43abd9e34c48,9,6,3000,18000,,False,2026-02-15T17:10:07.411596,2026-02-15T17:10:07.411596
8f00d547-028b-5785-a80d-1b8daf4e3645,038ab567-a40b-52de-84e7-43abd9e34c48,1,43,1200,51600,,False,2026-02-15T17:10:07.411596,2026-02-15T17:10:07.411596
298742e7-0a2b-59cf-8afa-89de99e77c49,038ab567-a40b-52de-84e7-43abd9e34c48,38,4,2500,10000,,False,2026-02-15T17:10:07.411596,2026-02-15T17:10:07.411596
49f362f3-1bda-588e-8c84-94e4c7ee508c,038ab567-a40b-52de-84e7-43abd9e34c48,16,2,3000,6000,,False,2026-02-15T17:10:07.411596,2026-02-15T17:10:07.411596
4356c7e2-a2d2-5a05-bdb1-03b135811cf5,038ab567-a40b-52de-84e7-43abd9e34c48,5,7,3500,24500,,False,2026-02-15T17:10:07.411596,2026-02-15T17:10:07.411596
57c44134-d1aa-524e-acc3-34094334955c,038ab567-a40b-52de-84e7-43abd9e34c48,4,25,3000,75000,,False,2026-02-15T17:10:07.411596,2026-02-15T17:10:07.411596
0c9b1dca-2fc3-57d1-a17b-5ca8df1e8e13,038ab567-a40b-52de-84e7-43abd9e34c48,39,3,2500,7500,,False,2026-02-15T17:10:07.411596,2026-02-15T17:10:07.411596
5bf9e814-c9da-5e10-b65e-84ab0070cccb,038ab567-a40b-52de-84e7-43abd9e34c48,15,5,3000,15000,,False,2026-02-15T17:10:07.411596,2026-02-15T17:10:07.411596
11ebda32-32b6-5d93-b707-9028a12d08e7,038ab567-a40b-52de-84e7-43abd9e34c48,11,3,3000,9000,,False,2026-02-15T17:10:07.411596,2026-02-15T17:10:07.411596
3bb37304-23af-5d0e-b134-efab2c8ea52e,038ab567-a40b-52de-84e7-43abd9e34c48,10,5,3000,15000,,False,2026-02-15T17:10:07.411596,2026-02-15T17:10:07.411596
9fa5cc16-ced4-5234-b84d-9643fb82f310,038ab567-a40b-52de-84e7-43abd9e34c48,17,3,3000,9000,,False,2026-02-15T17:10:07.411596,2026-02-15T17:10:07.411596
8117ec45-1bc9-5b40-a3a7-e209f7fbd7bb,038ab567-a40b-52de-84e7-43abd9e34c48,3,12,3000,36000,,False,2026-02-15T17:10:07.411596,2026-02-15T17:10:07.411596
b1411f05-2658-5da5-b4e3-3344c3fec8a7,fdd31ef7-aeee-534e-94ad-440fb0f5c3be,5,7,3500,24500,,False,2026-02-15T17:10:07.411596,2026-02-15T17:10:07.411596
b507ce54-f3da-53dc-b631-100c2539d2f3,fdd31ef7-aeee-534e-94ad-440fb0f5c3be,8,36,3000,108000,,False,2026-02-15T17:10:07.411596,2026-02-15T17:10:07.411596
c6b942ee-3c5d-549c-93e6-c59421e13408,fdd31ef7-aeee-534e-94ad-440fb0f5c3be,2,6,3000,18000,,False,2026-02-15T17:10:07.411596,2026-02-15T17:10:07.411596
0df78a32-6d90-58cb-83e7-7f3f5dfd4949,fdd31ef7-aeee-534e-94ad-440fb0f5c3be,3,6,3000,18000,,False,2026-02-15T17:10:07.411596,2026-02-15T17:10:07.411596
7a033714-1d22-5e86-b63e-60b4e08f612b,fdd31ef7-aeee-534e-94ad-440fb0f5c3be,11,5,3000,15000,,False,2026-02-15T17:10:07.411596,2026-02-15T17:10:07.411596
b123a170-cdd3-558c-96f0-84d63b808cb1,fdd31ef7-aeee-534e-94ad-440fb0f5c3be,6,2,5000,10000,,False,2026-02-15T17:10:07.411596,2026-02-15T17:10:07.411596
b13e88fc-dcf1-5136-bc71-18a491d241f0,fdd31ef7-aeee-534e-94ad-440fb0f5c3be,7,6,3000,18000,,False,2026-02-15T17:10:07.411596,2026-02-15T17:10:07.411596
f7ee1833-e506-59c6-9d80-a6c3bf7bdfb8,fdd31ef7-aeee-534e-94ad-440fb0f5c3be,4,6,3000,18000,,False,2026-02-15T17:10:07.411596,2026-02-15T17:10:07.411596
4cb42367-a276-5795-b947-34fac7fb6d61,fdd31ef7-aeee-534e-94ad-440fb0f5c3be,1,18,1200,21600,,False,2026-02-15T17:10:07.411596,2026-02-15T17:10:07.411596
cfb1dae9-f0e2-5db1-8f18-c37603360ef2,fdd31ef7-aeee-534e-94ad-440fb0f5c3be,14,1,5000,5000,,False,2026-02-15T17:10:07.411596,2026-02-15T17:10:07.411596
d83f0379-a6c4-551e-8bd4-c0b91dfe64d1,fdd31ef7-aeee-534e-94ad-440fb0f5c3be,15,2,3000,6000,,False,2026-02-15T17:10:07.411596,2026-02-15T17:10:07.411596
90dcf452-1c94-5838-af1e-b54d40656ee2,0144abce-a489-5319-9f14-c7edd7a884f4,10,2,3000,6000,,False,2026-02-15T17:10:07.411596,2026-02-15T17:10:07.411596
82647eca-3748-5c2e-baab-384622817d30,0144abce-a489-5319-9f14-c7edd7a884f4,6,1,5000,5000,,False,2026-02-15T17:10:07.411596,2026-02-15T17:10:07.411596
2c2c241c-0f50-51f8-bd5a-0d435bc7bec4,0144abce-a489-5319-9f14-c7edd7a884f4,1,30,1200,36000,,False,2026-02-15T17:10:07.411596,2026-02-15T17:10:07.411596
f06389e7-889a-5f9c-a824-085f970dcddb,0144abce-a489-5319-9f14-c7edd7a884f4,39,4,2500,10000,,False,2026-02-15T17:10:07.411596,2026-02-15T17:10:07.411596
14222594-6da1-501f-a614-f1e2eed1097c,0144abce-a489-5319-9f14-c7edd7a884f4,4,9,3000,27000,,False,2026-02-15T17:10:07.411596,2026-02-15T17:10:07.411596
c55faac8-375f-5405-b270-82b5709a478b,0144abce-a489-5319-9f14-c7edd7a884f4,9,1,3000,3000,,False,2026-02-15T17:10:07.411596,2026-02-15T17:10:07.411596
45d79081-58ec-58c9-891a-99a496f1137c,0144abce-a489-5319-9f14-c7edd7a884f4,8,30,3000,90000,,False,2026-02-15T17:10:07.411596,2026-02-15T17:10:07.411596
937cefaf-0650-5405-ba05-94138b4f1fdb,0144abce-a489-5319-9f14-c7edd7a884f4,15,1,3000,3000,,False,2026-02-15T17:10:07.411596,2026-02-15T17:10:07.411596
c8bd7339-0405-55d1-8471-b9d6c6e4b1f8,0144abce-a489-5319-9f14-c7edd7a884f4,38,3,2500,7500,,False,2026-02-15T17:10:07.411596,2026-02-15T17:10:07.411596
b43a6031-2071-51ba-a9ad-9f4d10702d22,0144abce-a489-5319-9f14-c7edd7a884f4,3,9,3000,27000,,False,2026-02-15T17:10:07.411596,2026-02-15T17:10:07.411596
32755627-df4d-51b1-a7b6-2425a3424f3e,0144abce-a489-5319-9f14-c7edd7a884f4,7,9,3000,27000,,False,2026-02-15T17:10:07.411596,2026-02-15T17:10:07.411596
3f246b21-679f-5a51-b510-ae54fbc9b7b0,0580b905-70c2-52ae-adbe-9d023f71ef4a,39,10,2500,25000,,False,2026-02-15T17:10:07.411596,2026-02-15T17:10:07.411596
8ca04a0f-d7b0-5f90-bc6c-e8fd67874f2b,0580b905-70c2-52ae-adbe-9d023f71ef4a,38,10,2500,25000,,False,2026-02-15T17:10:07.411596,2026-02-15T17:10:07.411596
1a365ee2-81d1-5d70-ade1-c0e04f365992,5a4ef6c6-fbd6-5070-9437-1d7cb6c61801,11,1,3000,3000,,False,2026-02-15T17:10:07.411596,2026-02-15T17:10:07.411596
3e9a6567-f9e9-5f07-9eb7-875a798a3981,5a4ef6c6-fbd6-5070-9437-1d7cb6c61801,1,11,1200,13200,,False,2026-02-15T17:10:07.411596,2026-02-15T17:10:07.411596
4049d5f1-9b04-5688-bf2c-b709c4a662c5,5a4ef6c6-fbd6-5070-9437-1d7cb6c61801,8,8,3000,24000,,False,2026-02-15T17:10:07.411596,2026-02-15T17:10:07.411596
3d511925-1768-5e4e-b462-ca7cccd36cca,5a4ef6c6-fbd6-5070-9437-1d7cb6c61801,3,2,3000,6000,,False,2026-02-15T17:10:07.411596,2026-02-15T17:10:07.411596
89a5b38b-75e9-5413-9576-a60201cfaf16,5a4ef6c6-fbd6-5070-9437-1d7cb6c61801,5,1,3500,3500,,False,2026-02-15T17:10:07.411596,2026-02-15T17:10:07.411596
ae914cf1-28a7-5034-bc4a-cbbdc6d144a2,5a4ef6c6-fbd6-5070-9437-1d7cb6c61801,2,2,3000,6000,,False,2026-02-15T17:10:07.411596,2026-02-15T17:10:07.411596
c622b273-6beb-54c1-9381-57ec5b6443ee,5a4ef6c6-fbd6-5070-9437-1d7cb6c61801,7,1,3000,3000,,False,2026-02-15T17:10:07.411596,2026-02-15T17:10:07.411596
27e0bc07-4b15-59cb-9ba6-64880fec5ad2,5a4ef6c6-fbd6-5070-9437-1d7cb6c61801,4,3,3000,9000,,False,2026-02-15T17:10:07.411596,2026-02-15T17:10:07.411596
6d6ead54-e4e3-5851-a49f-39b42a4290a8,8cd505a5-771f-5ca5-a026-3f92541f805a,8,6,3000,18000,,False,2026-02-15T17:10:07.411596,2026-02-15T17:10:07.411596
c62f5f6b-f3ae-5321-9c53-b2462ee55710,8cd505a5-771f-5ca5-a026-3f92541f805a,39,5,2500,12500,,False,2026-02-15T17:10:07.411596,2026-02-15T17:10:07.411596
ae3b520f-356b-59a5-a5f5-6c0254fa0197,8cd505a5-771f-5ca5-a026-3f92541f805a,1,18,1200,21600,,False,2026-02-15T17:10:07.411596,2026-02-15T17:10:07.411596
c836ccf1-4557-5912-b648-2d60fdcbb861,8cd505a5-771f-5ca5-a026-3f92541f805a,3,3,3000,9000,,False,2026-02-15T17:10:07.411596,2026-02-15T17:10:07.411596
0c00932a-0b18-512a-9f80-6bc1d58e166a,8cd505a5-771f-5ca5-a026-3f92541f805a,4,3,3000,9000,,False,2026-02-15T17:10:07.411596,2026-02-15T17:10:07.411596
8703132c-1e5d-50b2-881c-06939c4dc085,8cd505a5-771f-5ca5-a026-3f92541f805a,38,4,2500,10000,,False,2026-02-15T17:10:07.411596,2026-02-15T17:10:07.411596
4c4c0ab8-3e10-5cb0-b4f2-d42abb879ec2,8cd505a5-771f-5ca5-a026-3f92541f805a,5,2,3500,7000,,False,2026-02-15T17:10:07.411596,2026-02-15T17:10:07.411596
ad7d124a-07b5-5ec0-878e-03e184996d4a,8cd505a5-771f-5ca5-a026-3f92541f805a,2,6,3000,18000,,False,2026-02-15T17:10:07.411596,2026-02-15T17:10:07.411596
6d2fd061-340e-5c25-9c0b-e844def08fd3,8cd505a5-771f-5ca5-a026-3f92541f805a,7,3,3000,9000,,False,2026-02-15T17:10:07.411596,2026-02-15T17:10:07.411596
19f2601b-7d0d-5d06-ad6a-90e2923eed61,98cdefa9-893c-51ac-adc8-1ef5871c2f8b,11,1,3000,3000,,False,2026-02-15T17:10:07.411596,2026-02-15T17:10:07.411596
64151407-55c9-518c-b207-5464f3b8600a,98cdefa9-893c-51ac-adc8-1ef5871c2f8b,1,3,1200,3600,,False,2026-02-15T17:10:07.411596,2026-02-15T17:10:07.411596
bdd09168-ac65-56d5-90ba-a892073ce6ee,98cdefa9-893c-51ac-adc8-1ef5871c2f8b,15,1,3000,3000,,False,2026-02-15T17:10:07.411596,2026-02-15T17:10:07.411596
1cc58be5-3239-5360-80b4-81ad02c5729a,98cdefa9-893c-51ac-adc8-1ef5871c2f8b,38,2,2500,5000,,False,2026-02-15T17:10:07.411596,2026-02-15T17:10:07.411596
43b994bc-52be-521f-83f2-90fa4929348b,98cdefa9-893c-51ac-adc8-1ef5871c2f8b,3,2,3000,6000,,False,2026-02-15T17:10:07.411596,2026-02-15T17:10:07.411596
b9195027-20e3-5208-aed2-01122b3717c0,98cdefa9-893c-51ac-adc8-1ef5871c2f8b,39,2,2500,5000,,False,2026-02-15T17:10:07.411596,2026-02-15T17:10:07.411596
024599af-7832-56cc-a889-f571bed42ea7,98cdefa9-893c-51ac-adc8-1ef5871c2f8b,8,5,3000,15000,,False,2026-02-15T17:10:07.411596,2026-02-15T17:10:07.411596
72ddf3fd-c173-5ffd-8413-e11b27ea22b4,98cdefa9-893c-51ac-adc8-1ef5871c2f8b,7,2,3000,6000,,False,2026-02-15T17:10:07.411596,2026-02-15T17:10:07.411596
0d460e38-db95-59a5-a5f4-ad625067c213,98cdefa9-893c-51ac-adc8-1ef5871c2f8b,4,1,3000,3000,,False,2026-02-15T17:10:07.411596,2026-02-15T17:10:07.411596
5d0bac4d-3d39-54cd-8366-4d0e71d2c3e2,c7c74fc1-3530-589b-a958-1c63c24dd70d,7,1,3000,3000,,False,2026-02-15T17:10:07.411596,2026-02-15T17:10:07.411596
0d52795e-8253-5665-aa99-4f4c97a7bf82,c7c74fc1-3530-589b-a958-1c63c24dd70d,3,3,3000,9000,,False,2026-02-15T17:10:07.411596,2026-02-15T17:10:07.411596
61558377-e0b4-5657-a8fe-19b91c930115,c7c74fc1-3530-589b-a958-1c63c24dd70d,4,2,3000,6000,,False,2026-02-15T17:10:07.411596,2026-02-15T17:10:07.411596
626c3c86-167c-51da-8a36-fb4357822155,c7c74fc1-3530-589b-a958-1c63c24dd70d,8,8,3000,24000,,False,2026-02-15T17:10:07.411596,2026-02-15T17:10:07.411596
d2263ac3-d7f8-5058-994e-a14eeca4d501,34bc3972-1f70-5ae5-90bd-f0b6baba7999,39,4,2500,10000,,False,2026-02-15T17:10:07.411596,2026-02-15T17:10:07.411596
65130183-03d0-5a6e-b6ce-1e413b1f3b2e,34bc3972-1f70-5ae5-90bd-f0b6baba7999,10,1,3000,3000,,False,2026-02-15T17:10:07.411596,2026-02-15T17:10:07.411596
bf5cd912-a2a7-534f-9145-ffb46ebc3c7b,34bc3972-1f70-5ae5-90bd-f0b6baba7999,1,18,1200,21600,,False,2026-02-15T17:10:07.411596,2026-02-15T17:10:07.411596
4fe51363-6b77-5e35-ad87-fbb5a67f9193,34bc3972-1f70-5ae5-90bd-f0b6baba7999,7,7,3000,21000,,False,2026-02-15T17:10:07.411596,2026-02-15T17:10:07.411596
44e1a6bb-292e-511c-9dee-56f9626540d7,34bc3972-1f70-5ae5-90bd-f0b6baba7999,14,5,5000,25000,,False,2026-02-15T17:10:07.411596,2026-02-15T17:10:07.411596
da935bfb-a581-5b61-9860-279d14f14b85,34bc3972-1f70-5ae5-90bd-f0b6baba7999,3,11,3000,33000,,False,2026-02-15T17:10:07.411596,2026-02-15T17:10:07.411596
df44440c-70c7-5b21-8d19-ea5be7f562f4,34bc3972-1f70-5ae5-90bd-f0b6baba7999,5,1,3500,3500,,False,2026-02-15T17:10:07.411596,2026-02-15T17:10:07.411596
baabb4f0-2d41-5ecb-ab28-6cf3d8e373af,34bc3972-1f70-5ae5-90bd-f0b6baba7999,38,4,2500,10000,,False,2026-02-15T17:10:07.411596,2026-02-15T17:10:07.411596
049b8c1c-b77d-50a4-bab6-45226bdcacaf,34bc3972-1f70-5ae5-90bd-f0b6baba7999,8,14,3000,42000,,False,2026-02-15T17:10:07.411596,2026-02-15T17:10:07.411596
027d95a4-a1e1-569b-9199-ccbe9ee42058,34bc3972-1f70-5ae5-90bd-f0b6baba7999,11,2,3000,6000,,False,2026-02-15T17:10:07.411596,2026-02-15T17:10:07.411596
028f48f0-be88-5f56-be92-99a80719149e,34bc3972-1f70-5ae5-90bd-f0b6baba7999,2,9,3000,27000,,False,2026-02-15T17:10:07.411596,2026-02-15T17:10:07.411596
f7f086f7-2ccb-5747-991c-ea7f750a4929,34bc3972-1f70-5ae5-90bd-f0b6baba7999,4,12,3000,36000,,False,2026-02-15T17:10:07.411596,2026-02-15T17:10:07.411596
a06d0e77-a47a-52b5-a621-10885010828b,34bc3972-1f70-5ae5-90bd-f0b6baba7999,6,3,5000,15000,,False,2026-02-15T17:10:07.411596,2026-02-15T17:10:07.411596
dec47651-f489-571c-8860-cfa4813acf52,18dcaef2-79af-5def-831f-1e46bfe6ee04,2,2,3000,6000,,False,2026-02-15T17:10:07.411596,2026-02-15T17:10:07.411596
93cf3f61-4c9d-5f45-bbff-a39371cbdae6,18dcaef2-79af-5def-831f-1e46bfe6ee04,11,2,3000,6000,,False,2026-02-15T17:10:07.411596,2026-02-15T17:10:07.411596
5691c195-86a8-5466-adf4-6806f7c53812,18dcaef2-79af-5def-831f-1e46bfe6ee04,4,1,3000,3000,,False,2026-02-15T17:10:07.411596,2026-02-15T17:10:07.411596
4ab2102c-7641-501e-86ab-8aaa880bbd6a,18dcaef2-79af-5def-831f-1e46bfe6ee04,5,1,3500,3500,,False,2026-02-15T17:10:07.411596,2026-02-15T17:10:07.411596
7b8a6638-5499-5f88-b67b-f11076cd3a1d,18dcaef2-79af-5def-831f-1e46bfe6ee04,1,7,1200,8400,,False,2026-02-15T17:10:07.411596,2026-02-15T17:10:07.411596
1a255ff1-edcb-587c-b0bd-4c48658a64bd,18dcaef2-79af-5def-831f-1e46bfe6ee04,38,1,2500,2500,,False,2026-02-15T17:10:07.411596,2026-02-15T17:10:07.411596
8d6fcd15-aa48-5605-aa6f-58bca007bc57,18dcaef2-79af-5def-831f-1e46bfe6ee04,3,4,3000,12000,,False,2026-02-15T17:10:07.411596,2026-02-15T17:10:07.411596
16006818-c046-5897-8c8c-efaef8b9d8a2,18dcaef2-79af-5def-831f-1e46bfe6ee04,8,19,3000,57000,,False,2026-02-15T17:10:07.411596,2026-02-15T17:10:07.411596
165f5036-8c67-5405-a3f6-c79454142320,e71c358a-527c-5c94-96be-aff394e72bfd,4,2,3000,6000,,False,2026-02-15T17:10:07.411596,2026-02-15T17:10:07.411596
d396937c-80bf-5d99-8bd3-d76d8febd735,e71c358a-527c-5c94-96be-aff394e72bfd,10,1,3000,3000,,False,2026-02-15T17:10:07.411596,2026-02-15T17:10:07.411596
298260ef-4ef4-5602-91f7-d0d814d6d575,e71c358a-527c-5c94-96be-aff394e72bfd,8,30,3000,90000,,False,2026-02-15T17:10:07.411596,2026-02-15T17:10:07.411596
b22b836f-979f-5af4-86c6-64e12399ff6a,e71c358a-527c-5c94-96be-aff394e72bfd,38,3,2500,7500,,False,2026-02-15T17:10:07.411596,2026-02-15T17:10:07.411596
a9ba9dc3-3b4b-5fb3-a941-a22336a1e4b9,e71c358a-527c-5c94-96be-aff394e72bfd,1,38,1200,45600,,False,2026-02-15T17:10:07.411596,2026-02-15T17:10:07.411596
51b92d9a-149c-53c3-b5bc-97aac94a6a8a,e71c358a-527c-5c94-96be-aff394e72bfd,3,5,3000,15000,,False,2026-02-15T17:10:07.411596,2026-02-15T17:10:07.411596
2056672f-9044-5326-ba37-d98184387332,e71c358a-527c-5c94-96be-aff394e72bfd,7,2,3000,6000,,False,2026-02-15T17:10:07.411596,2026-02-15T17:10:07.411596
76e9c135-a227-57b1-95ae-e9c5ea1ad9ba,e71c358a-527c-5c94-96be-aff394e72bfd,5,1,3500,3500,,False,2026-02-15T17:10:07.411596,2026-02-15T17:10:07.411596
2d2020b3-947e-50a4-a061-f870ed7439b6,e71c358a-527c-5c94-96be-aff394e72bfd,2,6,3000,18000,,False,2026-02-15T17:10:07.411596,2026-02-15T17:10:07.411596
8a29d0b5-f9bd-5d13-a252-6db015c12893,e71c358a-527c-5c94-96be-aff394e72bfd,14,1,5000,5000,,False,2026-02-15T17:10:07.411596,2026-02-15T17:10:07.411596
6f6bcff4-4835-5cd0-b236-339fa1680edd,e71c358a-527c-5c94-96be-aff394e72bfd,39,3,2500,7500,,False,2026-02-15T17:10:07.411596,2026-02-15T17:10:07.411596
38b04f85-fb2e-5b9d-83fa-ee2e9ae761e9,ca1caf86-2e18-5a64-b290-b3d863f1e36b,7,2,3000,6000,,False,2026-02-15T17:10:07.411596,2026-02-15T17:10:07.411596
cbf06a0d-c55f-51c2-a7ee-ed73bcd7ee37,ca1caf86-2e18-5a64-b290-b3d863f1e36b,8,10,3000,30000,,False,2026-02-15T17:10:07.411596,2026-02-15T17:10:07.411596
7d50bd6f-da06-5611-90e5-c14325c7936e,ca1caf86-2e18-5a64-b290-b3d863f1e36b,14,1,5000,5000,,False,2026-02-15T17:10:07.411596,2026-02-15T17:10:07.411596
14629b7b-b3a6-5f05-87ed-b6e23fd172ee,ca1caf86-2e18-5a64-b290-b3d863f1e36b,1,5,1200,6000,,False,2026-02-15T17:10:07.411596,2026-02-15T17:10:07.411596
0704e74d-44d9-50b5-bd64-8817012fb924,0552ffa1-9db5-5ce4-affc-51bbd7af994e,39,1,2500,2500,,False,2026-02-15T17:10:07.411596,2026-02-15T17:10:07.411596
fe9a5a3f-3698-5736-8d69-96bc819bac66,0552ffa1-9db5-5ce4-affc-51bbd7af994e,22,1,4500,4500,,False,2026-02-15T17:10:07.411596,2026-02-15T17:10:07.411596
659c1fa2-71dc-5058-8e58-87f5c02fa088,0552ffa1-9db5-5ce4-affc-51bbd7af994e,24,1,3000,3000,,False,2026-02-15T17:10:07.411596,2026-02-15T17:10:07.411596
f1c94175-608a-5573-b781-3e0cc3625b7f,0552ffa1-9db5-5ce4-affc-51bbd7af994e,2,2,3000,6000,,False,2026-02-15T17:10:07.411596,2026-02-15T17:10:07.411596
699919e0-dc9e-5e48-90c0-012aa773ae4e,0552ffa1-9db5-5ce4-affc-51bbd7af994e,7,4,3000,12000,,False,2026-02-15T17:10:07.411596,2026-02-15T17:10:07.411596
704f0ed6-3e12-545a-aa79-0346ae56e257,0552ffa1-9db5-5ce4-affc-51bbd7af994e,3,4,3000,12000,,False,2026-02-15T17:10:07.411596,2026-02-15T17:10:07.411596
6c53cd96-6da1-59fb-a78d-266708b138ee,0552ffa1-9db5-5ce4-affc-51bbd7af994e,8,1,3000,3000,,False,2026-02-15T17:10:07.411596,2026-02-15T17:10:07.411596
65110a8c-fc8a-5f0e-b406-5bf6e9b3b75c,0552ffa1-9db5-5ce4-affc-51bbd7af994e,27,1,3000,3000,,False,2026-02-15T17:10:07.411596,2026-02-15T17:10:07.411596
922d9f53-0a72-585f-bf9e-aac3ecfaf160,0552ffa1-9db5-5ce4-affc-51bbd7af994e,38,1,2500,2500,,False,2026-02-15T17:10:07.411596,2026-02-15T17:10:07.411596
455a2b8a-8ad8-51d9-96f8-e5b8f734c706,0552ffa1-9db5-5ce4-affc-51bbd7af994e,4,2,3000,6000,,False,2026-02-15T17:10:07.411596,2026-02-15T17:10:07.411596
5f665f3a-cea8-55b7-ac32-a841597587f7,0552ffa1-9db5-5ce4-affc-51bbd7af994e,19,1,4500,4500,,False,2026-02-15T17:10:07.411596,2026-02-15T17:10:07.411596
b58672c8-39d8-51fd-9f66-d03646a16c31,0552ffa1-9db5-5ce4-affc-51bbd7af994e,1,2,1200,2400,,False,2026-02-15T17:10:07.411596,2026-02-15T17:10:07.411596
2d93703d-1d98-549f-b74a-e24a57fbfb3a,0552ffa1-9db5-5ce4-affc-51bbd7af994e,5,1,3500,3500,,False,2026-02-15T17:10:07.411596,2026-02-15T17:10:07.411596
cac33a58-8092-5395-a20e-00f0cd306534,6ac8890e-fad7-53d3-b6bf-a9c442ceb18a,14,2,5000,10000,,False,2026-02-15T17:10:07.411596,2026-02-15T17:10:07.411596
0f82b351-b1df-50b2-a2cb-aa639cb74ddd,6ac8890e-fad7-53d3-b6bf-a9c442ceb18a,2,1,3000,3000,,False,2026-02-15T17:10:07.411596,2026-02-15T17:10:07.411596
a851cbbd-f03f-54cf-aaaf-14fb1d49032c,6ac8890e-fad7-53d3-b6bf-a9c442ceb18a,8,7,3000,21000,,False,2026-02-15T17:10:07.411596,2026-02-15T17:10:07.411596
3337f476-9dc6-5764-82a4-5a1015683ac3,6ac8890e-fad7-53d3-b6bf-a9c442ceb18a,4,2,3000,6000,,False,2026-02-15T17:10:07.411596,2026-02-15T17:10:07.411596
c3a3a887-a476-5141-9dd2-1d681ae5fd01,6ac8890e-fad7-53d3-b6bf-a9c442ceb18a,1,4,1200,4800,,False,2026-02-15T17:10:07.411596,2026-02-15T17:10:07.411596
bd938c3b-c209-51c0-b542-ba64316f529e,a9ef8bf8-aaeb-51b8-b332-15ecfdd9afe9,4,2,3000,6000,,False,2026-02-15T17:10:07.411596,2026-02-15T17:10:07.411596
7eb51885-9385-5601-a0ae-1662902026ba,a9ef8bf8-aaeb-51b8-b332-15ecfdd9afe9,8,2,3000,6000,,False,2026-02-15T17:10:07.411596,2026-02-15T17:10:07.411596
ed704342-38ca-5935-9914-8f5a496244e3,a9ef8bf8-aaeb-51b8-b332-15ecfdd9afe9,1,1,1200,1200,,False,2026-02-15T17:10:07.411596,2026-02-15T17:10:07.411596
891f3943-afc8-5935-b34f-71aac0e2eed5,a9ef8bf8-aaeb-51b8-b332-15ecfdd9afe9,7,2,3000,6000,,False,2026-02-15T17:10:07.411596,2026-02-15T17:10:07.411596
e04db602-d8aa-5481-9fd2-50e02c0bf543,a9ef8bf8-aaeb-51b8-b332-15ecfdd9afe9,2,7,3000,21000,,False,2026-02-15T17:10:07.411596,2026-02-15T17:10:07.411596
434e750a-1ace-591c-b9c5-1db792b1ebeb,a9ef8bf8-aaeb-51b8-b332-15ecfdd9afe9,39,1,2500,2500,,False,2026-02-15T17:10:07.411596,2026-02-15T17:10:07.411596
a11cb0d0-a1c6-5807-8407-0339ad0c71c8,a9ef8bf8-aaeb-51b8-b332-15ecfdd9afe9,38,1,2500,2500,,False,2026-02-15T17:10:07.411596,2026-02-15T17:10:07.411596
313883ac-6efd-5fd6-819d-0ea51efe9c4a,4c6490da-16ed-5188-96ad-74464bde0dff,28,40,100,4000,,False,2026-02-15T17:10:07.411596,2026-02-15T17:10:07.411596
4e1617f0-4743-52da-baa6-e3651eda1d49,4c6490da-16ed-5188-96ad-74464bde0dff,34,10,100,1000,,False,2026-02-15T17:10:07.411596,2026-02-15T17:10:07.411596
9f8abe9c-a966-51d3-b747-f6ff4aabf736,6ac8890e-fad7-53d3-b6bf-a9c442ceb18a,16,1,3000,3000,,False,2026-02-15T17:10:07.411596,2026-02-15T17:10:07.411596
b94012fe-b709-58f4-a041-5af30a3cc670,72279133-f95f-545a-b675-014859f0d6cf,10,1,3000,3000,,False,2026-02-15T17:10:07.411596,2026-02-15T17:10:07.411596
cd79f0ad-1293-54b7-be0e-dba03125800e,72279133-f95f-545a-b675-014859f0d6cf,15,2,3000,6000,,False,2026-02-15T17:10:07.411596,2026-02-15T17:10:07.411596
fad29f2d-779c-5ebd-9753-c1cb2c1f81ec,72279133-f95f-545a-b675-014859f0d6cf,38,18,2500,45000,,False,2026-02-15T17:10:07.411596,2026-02-15T17:10:07.411596
a903e01a-084a-5611-ad34-d5a29478303e,72279133-f95f-545a-b675-014859f0d6cf,39,18,2500,45000,,False,2026-02-15T17:10:07.411596,2026-02-15T17:10:07.411596
4fb1ab0e-ad36-574f-a689-11a3f0e13751,f514896d-59e9-5442-824a-74c6b4ce7a92,39,1,2500,2500,,False,2026-02-15T17:10:07.411596,2026-02-15T17:10:07.411596
2ed5edb1-1e12-5e02-a418-5f6665baf421,f514896d-59e9-5442-824a-74c6b4ce7a92,8,3,3000,9000,,False,2026-02-15T17:10:07.411596,2026-02-15T17:10:07.411596
3c7aed3e-432b-58ea-b6b6-c1f863ef3ee8,f514896d-59e9-5442-824a-74c6b4ce7a92,4,2,3000,6000,,False,2026-02-15T17:10:07.411596,2026-02-15T17:10:07.411596
6ad4349a-1f77-5157-9567-d70df0b218e6,f514896d-59e9-5442-824a-74c6b4ce7a92,11,1,3000,3000,,False,2026-02-15T17:10:07.411596,2026-02-15T17:10:07.411596
a32c2a89-2123-5f1c-8b87-ea4c2782037f,f514896d-59e9-5442-824a-74c6b4ce7a92,3,2,3000,6000,,False,2026-02-15T17:10:07.411596,2026-02-15T17:10:07.411596
129c12cf-788b-5e6d-a924-e110cb15f0da,f514896d-59e9-5442-824a-74c6b4ce7a92,7,5,3000,15000,,False,2026-02-15T17:10:07.411596,2026-02-15T17:10:07.411596
83890e63-8163-522f-a182-2fed1a05bf72,f514896d-59e9-5442-824a-74c6b4ce7a92,38,1,2500,2500,,False,2026-02-15T17:10:07.411596,2026-02-15T17:10:07.411596
7f2d191a-bc09-5b5a-8d3c-88a9cb58c5f1,f514896d-59e9-5442-824a-74c6b4ce7a92,1,6,1200,7200,,False,2026-02-15T17:10:07.411596,2026-02-15T17:10:07.411596
fd4237c6-55e7-5aea-a536-bd485a8ec768,f514896d-59e9-5442-824a-74c6b4ce7a92,2,2,3000,6000,,False,2026-02-15T17:10:07.411596,2026-02-15T17:10:07.411596
5a94f4b4-7dad-5e6c-ba0c-75fd56aadc1a,44121f05-1fe7-5c6c-b312-e8e1f90e63f0,1,1,1200,1200,,True,2026-02-15T17:10:07.411596,2026-02-15T17:10:07.411596
57b78856-c6da-591e-b630-d0b5d5df1cc3,dee4dfe7-443e-50c0-9b64-b0c6786bc36b,8,30,3000,90000,,True,2026-02-15T17:10:07.411596,2026-02-15T17:10:07.411596
58739273-b921-50aa-ae80-6bd8c200267d,43f796a9-98a3-583e-a1fd-51b13cc60b3f,4,4,3000,12000,,False,2026-02-15T17:10:07.411596,2026-02-15T17:10:07.411596
b1c40664-2c35-5dec-9fd1-7c9f61f3087f,43f796a9-98a3-583e-a1fd-51b13cc60b3f,9,1,3000,3000,,False,2026-02-15T17:10:07.411596,2026-02-15T17:10:07.411596
733a5ce9-c395-5ff9-9ea5-75b8e34bc61e,43f796a9-98a3-583e-a1fd-51b13cc60b3f,2,6,3000,18000,,False,2026-02-15T17:10:07.411596,2026-02-15T17:10:07.411596
ee821731-c65e-5cb9-befa-3c6764e0b1ce,43f796a9-98a3-583e-a1fd-51b13cc60b3f,39,1,2500,2500,,False,2026-02-15T17:10:07.411596,2026-02-15T17:10:07.411596
006ecb6f-5b91-5a3a-b8eb-865a165a4c61,43f796a9-98a3-583e-a1fd-51b13cc60b3f,5,2,3500,7000,,False,2026-02-15T17:10:07.411596,2026-02-15T17:10:07.411596
fde0ef4a-7e01-5ff6-8535-2f50001ea11c,43f796a9-98a3-583e-a1fd-51b13cc60b3f,14,1,5000,5000,,False,2026-02-15T17:10:07.411596,2026-02-15T17:10:07.411596
4b315cb6-0e8d-5f65-bd77-1cef75305176,43f796a9-98a3-583e-a1fd-51b13cc60b3f,7,1,3000,3000,,False,2026-02-15T17:10:07.411596,2026-02-15T17:10:07.411596
a7ff9983-3582-5ba6-b026-d15f0a3b2444,43f796a9-98a3-583e-a1fd-51b13cc60b3f,15,1,3000,3000,,False,2026-02-15T17:10:07.411596,2026-02-15T17:10:07.411596
b8e7f59f-d6f3-58a1-97e3-d8990b9fa511,43f796a9-98a3-583e-a1fd-51b13cc60b3f,10,2,3000,6000,,False,2026-02-15T17:10:07.411596,2026-02-15T17:10:07.411596
a9c00945-f114-5ba8-bcf0-078c7b889695,43f796a9-98a3-583e-a1fd-51b13cc60b3f,8,25,3000,75000,,False,2026-02-15T17:10:07.411596,2026-02-15T17:10:07.411596
54f689c4-9493-5e6c-80b4-c0cf0387ae12,43f796a9-98a3-583e-a1fd-51b13cc60b3f,38,1,2500,2500,,False,2026-02-15T17:10:07.411596,2026-02-15T17:10:07.411596
9823baf4-7cdb-5456-bf30-f043b64ae2ea,43f796a9-98a3-583e-a1fd-51b13cc60b3f,1,12,1200,14400,,False,2026-02-15T17:10:07.411596,2026-02-15T17:10:07.411596
e167d3c9-60f1-5681-9bc8-cfaff1adf9a6,43f796a9-98a3-583e-a1fd-51b13cc60b3f,3,8,3000,24000,,False,2026-02-15T17:10:07.411596,2026-02-15T17:10:07.411596
a73f99bf-14ab-5828-915b-3abbd9b857b2,43f796a9-98a3-583e-a1fd-51b13cc60b3f,11,4,3000,12000,,False,2026-02-15T17:10:07.411596,2026-02-15T17:10:07.411596
e1b5921f-2bc8-54c3-a6a9-79e374b80f5c,a4d8864a-37cc-5d7e-81c7-8e0deef1a203,28,60,100,6000,,False,2026-02-15T17:10:07.411596,2026-02-15T17:10:07.411596
2560d63b-5f91-51e2-9b97-9614f82650ea,a4d8864a-37cc-5d7e-81c7-8e0deef1a203,7,18,3000,54000,,False,2026-02-15T17:10:07.411596,2026-02-15T17:10:07.411596
0e10bcf9-c586-58ff-910c-58db2fa9a865,a4d8864a-37cc-5d7e-81c7-8e0deef1a203,9,6,3000,18000,,False,2026-02-15T17:10:07.411596,2026-02-15T17:10:07.411596
65a78a1a-4952-5c31-bf7e-bc82f19f5e43,a4d8864a-37cc-5d7e-81c7-8e0deef1a203,10,6,3000,18000,,False,2026-02-15T17:10:07.411596,2026-02-15T17:10:07.411596
6a4f080a-cc2a-5034-b1f8-82fd3ab6aa1a,a4d8864a-37cc-5d7e-81c7-8e0deef1a203,33,10,100,1000,,False,2026-02-15T17:10:07.411596,2026-02-15T17:10:07.411596
3d6ab03b-c478-5e42-910b-1988e2fb4353,a4d8864a-37cc-5d7e-81c7-8e0deef1a203,39,12,2500,30000,,False,2026-02-15T17:10:07.411596,2026-02-15T17:10:07.411596
5f21624a-78ef-55d2-8cd8-be277d075ea4,a4d8864a-37cc-5d7e-81c7-8e0deef1a203,2,12,3000,36000,,False,2026-02-15T17:10:07.411596,2026-02-15T17:10:07.411596
14110958-53f2-54aa-9c10-862b026fdcd3,a4d8864a-37cc-5d7e-81c7-8e0deef1a203,24,3,3000,9000,,False,2026-02-15T17:10:07.411596,2026-02-15T17:10:07.411596
a2d051ea-cc0f-5680-8f02-a7085659a6fa,a4d8864a-37cc-5d7e-81c7-8e0deef1a203,15,3,3000,9000,,False,2026-02-15T17:10:07.411596,2026-02-15T17:10:07.411596
1ebbf344-abc4-5971-8af4-3278eb30c84d,a4d8864a-37cc-5d7e-81c7-8e0deef1a203,26,3,3000,9000,,False,2026-02-15T17:10:07.411596,2026-02-15T17:10:07.411596
c2553b28-3d57-510c-85b2-bcfe688aee00,a4d8864a-37cc-5d7e-81c7-8e0deef1a203,1,120,1200,144000,,False,2026-02-15T17:10:07.411596,2026-02-15T17:10:07.411596
120fc85b-a16e-5b77-80cc-ba117524a585,a4d8864a-37cc-5d7e-81c7-8e0deef1a203,6,4,5000,20000,,False,2026-02-15T17:10:07.411596,2026-02-15T17:10:07.411596
a162275e-e40a-511a-88f2-0293bdc6a70f,a4d8864a-37cc-5d7e-81c7-8e0deef1a203,38,12,2500,30000,,False,2026-02-15T17:10:07.411596,2026-02-15T17:10:07.411596
292ccf95-7c02-5593-a5f6-550e2a2990f4,a4d8864a-37cc-5d7e-81c7-8e0deef1a203,3,18,3000,54000,,False,2026-02-15T17:10:07.411596,2026-02-15T17:10:07.411596
d9490f10-183f-554e-974c-8ae07db31510,a4d8864a-37cc-5d7e-81c7-8e0deef1a203,23,3,3000,9000,,False,2026-02-15T17:10:07.411596,2026-02-15T17:10:07.411596
c95a91d8-2940-5a2c-b151-be1c19a2e2fb,a4d8864a-37cc-5d7e-81c7-8e0deef1a203,14,6,5000,30000,,False,2026-02-15T17:10:07.411596,2026-02-15T17:10:07.411596
9b297ad6-a32a-520f-8717-2ce201da88c5,a4d8864a-37cc-5d7e-81c7-8e0deef1a203,27,3,3000,9000,,False,2026-02-15T17:10:07.411596,2026-02-15T17:10:07.411596
d3bc63ae-93fb-54e8-81be-43c1ea41f5e3,a4d8864a-37cc-5d7e-81c7-8e0deef1a203,4,30,3000,90000,,False,2026-02-15T17:10:07.411596,2026-02-15T17:10:07.411596
b47a51ba-74aa-58da-a3b0-a51a245c8188,a4d8864a-37cc-5d7e-81c7-8e0deef1a203,8,60,3000,180000,,False,2026-02-15T17:10:07.411596,2026-02-15T17:10:07.411596
8c3a04b4-503e-5d63-bf19-d0bfa0a6f297,a4d8864a-37cc-5d7e-81c7-8e0deef1a203,11,6,3000,18000,,False,2026-02-15T17:10:07.411596,2026-02-15T17:10:07.411596
4ada1d2b-baec-50e3-a91b-a9106ee50366,a4d8864a-37cc-5d7e-81c7-8e0deef1a203,5,6,3500,21000,,False,2026-02-15T17:10:07.411596,2026-02-15T17:10:07.411596
587aa2ad-8d72-5203-ba7b-8314f53932b3,fcd74530-430e-567b-8fe3-705a51280ef6,1,5,1200,6000,,False,2026-02-15T17:10:07.411596,2026-02-15T17:10:07.411596
fb004559-eddf-54cc-bd0f-bbcd6682ede1,fcd74530-430e-567b-8fe3-705a51280ef6,8,6,3000,18000,,False,2026-02-15T17:10:07.411596,2026-02-15T17:10:07.411596
9895d8a4-b61d-5002-a29a-e2c762ea5c7c,fcd74530-430e-567b-8fe3-705a51280ef6,2,6,3000,18000,,False,2026-02-15T17:10:07.411596,2026-02-15T17:10:07.411596
7770b754-264b-58cf-84ab-965c596cf179,8022a262-e7cf-5960-9f02-a06ae8172fbf,6,1,5000,5000,,False,2026-02-15T17:10:07.411596,2026-02-15T17:10:07.411596
8649b243-354e-514d-906d-daf568d22b56,8022a262-e7cf-5960-9f02-a06ae8172fbf,38,3,2500,7500,,False,2026-02-15T17:10:07.411596,2026-02-15T17:10:07.411596
01d30f2c-0ec3-5d6c-b51e-8b0696def17c,8022a262-e7cf-5960-9f02-a06ae8172fbf,39,5,2500,12500,,False,2026-02-15T17:10:07.411596,2026-02-15T17:10:07.411596
8733c6ca-ddd0-574b-8efb-fbe287599cd3,8022a262-e7cf-5960-9f02-a06ae8172fbf,4,31,3000,93000,,False,2026-02-15T17:10:07.411596,2026-02-15T17:10:07.411596
8933cbb1-83a0-546e-90fe-fc9f472619c7,8022a262-e7cf-5960-9f02-a06ae8172fbf,7,7,3000,21000,,False,2026-02-15T17:10:07.411596,2026-02-15T17:10:07.411596
47a5e866-d911-5d90-a3a1-5c9fea055ab9,8022a262-e7cf-5960-9f02-a06ae8172fbf,1,30,1200,36000,,False,2026-02-15T17:10:07.411596,2026-02-15T17:10:07.411596
f207e93c-a862-5723-9f1c-cff514a0b9a1,8022a262-e7cf-5960-9f02-a06ae8172fbf,35,12,100,1200,,False,2026-02-15T17:10:07.411596,2026-02-15T17:10:07.411596
0eb38727-45b7-59a3-aca0-e73cf91bd963,8022a262-e7cf-5960-9f02-a06ae8172fbf,10,3,3000,9000,,False,2026-02-15T17:10:07.411596,2026-02-15T17:10:07.411596
e16962d4-7699-5dd7-a9c7-acf89109d5f0,8022a262-e7cf-5960-9f02-a06ae8172fbf,8,68,3000,204000,,False,2026-02-15T17:10:07.411596,2026-02-15T17:10:07.411596
bb322410-074c-54fd-a59b-8a62a0b7fe32,8022a262-e7cf-5960-9f02-a06ae8172fbf,3,18,3000,54000,,False,2026-02-15T17:10:07.411596,2026-02-15T17:10:07.411596
092a023b-bf05-575a-85fa-40f2c82ca693,8022a262-e7cf-5960-9f02-a06ae8172fbf,11,1,3000,3000,,False,2026-02-15T17:10:07.411596,2026-02-15T17:10:07.411596
1bdda215-eff4-546e-9c99-f6b2b67adf94,8022a262-e7cf-5960-9f02-a06ae8172fbf,14,4,5000,20000,,False,2026-02-15T17:10:07.411596,2026-02-15T17:10:07.411596
b63f948d-3701-58c1-bdd2-d677a889259f,8022a262-e7cf-5960-9f02-a06ae8172fbf,16,1,3000,3000,,False,2026-02-15T17:10:07.411596,2026-02-15T17:10:07.411596
33e543a7-e25a-517a-a524-2fd081da97ac,aefaae9f-28ad-56e4-9908-05c25dd7a710,14,1,5000,5000,,False,2026-02-15T17:10:07.411596,2026-02-15T17:10:07.411596
a1be057f-1e7c-567e-93c5-a04e5b6495a7,aefaae9f-28ad-56e4-9908-05c25dd7a710,3,13,3000,39000,,False,2026-02-15T17:10:07.411596,2026-02-15T17:10:07.411596
3097ff3d-61a9-54e7-b95d-811c11d6e1d2,aefaae9f-28ad-56e4-9908-05c25dd7a710,10,2,3000,6000,,False,2026-02-15T17:10:07.411596,2026-02-15T17:10:07.411596
5401023f-8186-5cb8-8a58-316fb1e007de,aefaae9f-28ad-56e4-9908-05c25dd7a710,4,12,3000,36000,,False,2026-02-15T17:10:07.411596,2026-02-15T17:10:07.411596
aff35414-a402-5938-9704-d0238d5da7d3,aefaae9f-28ad-56e4-9908-05c25dd7a710,1,12,1200,14400,,False,2026-02-15T17:10:07.411596,2026-02-15T17:10:07.411596
b8d1c2d3-c932-569d-8cd8-eff58b0e617c,aefaae9f-28ad-56e4-9908-05c25dd7a710,8,30,3000,90000,,False,2026-02-15T17:10:07.411596,2026-02-15T17:10:07.411596
e2c5974f-e132-50c5-b445-b3485c2405d8,aefaae9f-28ad-56e4-9908-05c25dd7a710,39,2,2500,5000,,False,2026-02-15T17:10:07.411596,2026-02-15T17:10:07.411596
bbb0e1f6-a0a0-5e4e-953a-3f0198f375bd,aefaae9f-28ad-56e4-9908-05c25dd7a710,7,12,3000,36000,,False,2026-02-15T17:10:07.411596,2026-02-15T17:10:07.411596
45173840-909e-54c5-8828-fa171d775b97,aefaae9f-28ad-56e4-9908-05c25dd7a710,2,6,3000,18000,,False,2026-02-15T17:10:07.411596,2026-02-15T17:10:07.411596
8c258ec9-031f-5e52-8b7f-ce9feaee0ccd,aefaae9f-28ad-56e4-9908-05c25dd7a710,11,2,3000,6000,,False,2026-02-15T17:10:07.411596,2026-02-15T17:10:07.411596
5f098f3c-5e08-55eb-8e87-1149396e5f05,aefaae9f-28ad-56e4-9908-05c25dd7a710,5,2,3500,7000,,False,2026-02-15T17:10:07.411596,2026-02-15T17:10:07.411596
f3f10089-263b-5448-92cf-8d7952725927,aefaae9f-28ad-56e4-9908-05c25dd7a710,38,1,2500,2500,,False,2026-02-15T17:10:07.411596,2026-02-15T17:10:07.411596
db3dedc9-97f5-54b8-adcd-172b21596f7a,4b1cecf4-485a-54dc-b9ff-661ce58969ed,10,2,3000,6000,,False,2026-02-15T17:10:07.411596,2026-02-15T17:10:07.411596
8d01820b-2504-5a94-be14-5b7ddc5c983b,4b1cecf4-485a-54dc-b9ff-661ce58969ed,1,28,1200,33600,,False,2026-02-15T17:10:07.411596,2026-02-15T17:10:07.411596
6d67af24-0076-5801-bfff-3dbf7884f81f,4b1cecf4-485a-54dc-b9ff-661ce58969ed,14,2,5000,10000,,False,2026-02-15T17:10:07.411596,2026-02-15T17:10:07.411596
df6826c3-24b2-5d20-b7e0-8a6481a082c0,4b1cecf4-485a-54dc-b9ff-661ce58969ed,39,7,2500,17500,,False,2026-02-15T17:10:07.411596,2026-02-15T17:10:07.411596
8b8990cb-ea88-5224-a9d2-b95e5bc8bf33,4b1cecf4-485a-54dc-b9ff-661ce58969ed,9,1,3000,3000,,False,2026-02-15T17:10:07.411596,2026-02-15T17:10:07.411596
d55fc78d-2e1a-5a9c-9330-9b3b2bdcdf5e,4b1cecf4-485a-54dc-b9ff-661ce58969ed,38,8,2500,20000,,False,2026-02-15T17:10:07.411596,2026-02-15T17:10:07.411596
2fd8bee3-a994-51e0-9717-2a015c3d75c3,4b1cecf4-485a-54dc-b9ff-661ce58969ed,2,3,3000,9000,,False,2026-02-15T17:10:07.411596,2026-02-15T17:10:07.411596
d41836e7-dde8-5140-8eb6-a3c4bef9c9c5,4b1cecf4-485a-54dc-b9ff-661ce58969ed,16,1,3000,3000,,False,2026-02-15T17:10:07.411596,2026-02-15T17:10:07.411596
d9b0193e-6a8a-53c0-96b0-c3443ef5ddf4,4b1cecf4-485a-54dc-b9ff-661ce58969ed,4,12,3000,36000,,False,2026-02-15T17:10:07.411596,2026-02-15T17:10:07.411596
c792a8b8-c9d6-5afa-a73d-06512d3015e5,4b1cecf4-485a-54dc-b9ff-661ce58969ed,11,4,3000,12000,,False,2026-02-15T17:10:07.411596,2026-02-15T17:10:07.411596
f0fe9555-1ca0-5caf-a75d-24b56bf354fa,4b1cecf4-485a-54dc-b9ff-661ce58969ed,3,2,3000,6000,,False,2026-02-15T17:10:07.411596,2026-02-15T17:10:07.411596
fd8997b1-2cb5-5ada-a5ce-19048c851dd7,4b1cecf4-485a-54dc-b9ff-661ce58969ed,8,18,3000,54000,,False,2026-02-15T17:10:07.411596,2026-02-15T17:10:07.411596
f31dda4a-c087-5e5d-9f3c-3928d22565f1,4b1cecf4-485a-54dc-b9ff-661ce58969ed,5,1,3500,3500,,False,2026-02-15T17:10:07.411596,2026-02-15T17:10:07.411596
26ef50c4-9444-5f09-b7a9-b0da889352e1,4b1cecf4-485a-54dc-b9ff-661ce58969ed,7,6,3000,18000,,False,2026-02-15T17:10:07.411596,2026-02-15T17:10:07.411596
4caccaf9-5781-5f0d-a790-eb86d2da2f08,4b1cecf4-485a-54dc-b9ff-661ce58969ed,6,1,5000,5000,,False,2026-02-15T17:10:07.411596,2026-02-15T17:10:07.411596
283f24b2-5321-53ad-b20a-c157fe27cfea,16457e80-cc8b-526f-aecc-cf4eaedcad0e,5,2,3500,7000,,False,2026-02-15T17:10:07.411596,2026-02-15T17:10:07.411596
62bc4ec4-8e96-5a52-b01b-faaba79790d8,16457e80-cc8b-526f-aecc-cf4eaedcad0e,14,2,5000,10000,,False,2026-02-15T17:10:07.411596,2026-02-15T17:10:07.411596
bc0cd536-3a5e-5a03-ae08-e540d0f07053,16457e80-cc8b-526f-aecc-cf4eaedcad0e,11,2,3000,6000,,False,2026-02-15T17:10:07.411596,2026-02-15T17:10:07.411596
b0de7c08-d337-503b-98be-ebebda48c404,16457e80-cc8b-526f-aecc-cf4eaedcad0e,1,12,1200,14400,,False,2026-02-15T17:10:07.411596,2026-02-15T17:10:07.411596
a1933fc0-e9d1-5ebd-ac29-f9130887272c,16457e80-cc8b-526f-aecc-cf4eaedcad0e,2,6,3000,18000,,False,2026-02-15T17:10:07.411596,2026-02-15T17:10:07.411596
c610e86c-8da2-5e1a-b225-dbef683dcb46,16457e80-cc8b-526f-aecc-cf4eaedcad0e,4,6,3000,18000,,False,2026-02-15T17:10:07.411596,2026-02-15T17:10:07.411596
15830b9f-d73b-5ec3-bbb6-ebeb1a0ac1b9,16457e80-cc8b-526f-aecc-cf4eaedcad0e,10,1,3000,3000,,False,2026-02-15T17:10:07.411596,2026-02-15T17:10:07.411596
676cf42a-26ef-51ea-824a-07b59232b1ca,16457e80-cc8b-526f-aecc-cf4eaedcad0e,3,6,3000,18000,,False,2026-02-15T17:10:07.411596,2026-02-15T17:10:07.411596
f28c7efa-0fc3-5f37-b510-2dfc9ef8ba18,16457e80-cc8b-526f-aecc-cf4eaedcad0e,8,12,3000,36000,,False,2026-02-15T17:10:07.411596,2026-02-15T17:10:07.411596
b9761363-d1fc-53ad-90c2-883a6afc14ae,16457e80-cc8b-526f-aecc-cf4eaedcad0e,7,6,3000,18000,,False,2026-02-15T17:10:07.411596,2026-02-15T17:10:07.411596
b6159106-f1d1-5c4a-9a1e-14e12321a8fd,887ba50b-4d45-52de-83fc-5db4d59cc531,4,2,3000,6000,,False,2026-02-15T17:10:07.411596,2026-02-15T17:10:07.411596
e9b942ac-6308-5509-b0fb-bc75f2e8ea0c,887ba50b-4d45-52de-83fc-5db4d59cc531,1,2,1200,2400,,False,2026-02-15T17:10:07.411596,2026-02-15T17:10:07.411596
ba77024f-41c0-56fe-849b-b4756e8abc2a,887ba50b-4d45-52de-83fc-5db4d59cc531,39,1,2500,2500,,False,2026-02-15T17:10:07.411596,2026-02-15T17:10:07.411596
e395a481-1cba-51aa-9817-7fe1994bc568,887ba50b-4d45-52de-83fc-5db4d59cc531,11,2,3000,6000,,False,2026-02-15T17:10:07.411596,2026-02-15T17:10:07.411596
819929d8-fa7a-5ae1-aeae-ca12238fd387,887ba50b-4d45-52de-83fc-5db4d59cc531,38,1,2500,2500,,False,2026-02-15T17:10:07.411596,2026-02-15T17:10:07.411596
30dcb4dd-2976-5cf7-9c1f-46b6d737f46d,887ba50b-4d45-52de-83fc-5db4d59cc531,3,1,3000,3000,,False,2026-02-15T17:10:07.411596,2026-02-15T17:10:07.411596
c3199c40-edaa-56ad-b674-ce7a91cdbbbd,887ba50b-4d45-52de-83fc-5db4d59cc531,8,5,3000,15000,,False,2026-02-15T17:10:07.411596,2026-02-15T17:10:07.411596
e6faefd7-cd49-5b8b-9c15-b8da1cb8aa65,887ba50b-4d45-52de-83fc-5db4d59cc531,2,2,3000,6000,,False,2026-02-15T17:10:07.411596,2026-02-15T17:10:07.411596
07a413a2-38ce-55b9-a9a6-43b43efe856c,887ba50b-4d45-52de-83fc-5db4d59cc531,24,1,3000,3000,,False,2026-02-15T17:10:07.411596,2026-02-15T17:10:07.411596
48d7a62a-8dfd-5218-83eb-712a7e03a0fd,887ba50b-4d45-52de-83fc-5db4d59cc531,23,1,3000,3000,,False,2026-02-15T17:10:07.411596,2026-02-15T17:10:07.411596
87e2838a-4dad-5dc4-850d-2f4ada63be42,fb18e516-5b7f-5a16-86bc-308d580b6a85,14,1,5000,5000,,False,2026-02-15T17:10:07.411596,2026-02-15T17:10:07.411596
bb09a852-44d6-50d0-8505-c2abcfda120c,fb18e516-5b7f-5a16-86bc-308d580b6a85,15,1,3000,3000,,False,2026-02-15T17:10:07.411596,2026-02-15T17:10:07.411596
b5fd4351-4b0e-5830-833f-c300571bca57,fb18e516-5b7f-5a16-86bc-308d580b6a85,2,4,3000,12000,,False,2026-02-15T17:10:07.411596,2026-02-15T17:10:07.411596
a2415e3e-3c96-54ed-93b0-1f7e8e5890a4,fb18e516-5b7f-5a16-86bc-308d580b6a85,1,4,1200,4800,,False,2026-02-15T17:10:07.411596,2026-02-15T17:10:07.411596
26a2e86a-16d9-5c13-b3ec-367c8df093e2,fb18e516-5b7f-5a16-86bc-308d580b6a85,3,2,3000,6000,,False,2026-02-15T17:10:07.411596,2026-02-15T17:10:07.411596
b105eb42-1eb6-57d7-97a1-a71be615edf8,fb18e516-5b7f-5a16-86bc-308d580b6a85,8,4,3000,12000,,False,2026-02-15T17:10:07.411596,2026-02-15T17:10:07.411596
80daf0ec-a78c-542a-9929-80e90769e58e,176d3d08-09e9-5d17-b495-5d6159bbe0c8,2,5,3000,15000,,False,2026-02-15T17:10:07.411596,2026-02-15T17:10:07.411596
39f473bd-df72-51e3-9f46-23893bb7a6fc,176d3d08-09e9-5d17-b495-5d6159bbe0c8,14,1,5000,5000,,False,2026-02-15T17:10:07.411596,2026-02-15T17:10:07.411596
1bb1b664-2591-56de-8ff8-ecd6e1e5b295,176d3d08-09e9-5d17-b495-5d6159bbe0c8,1,10,1200,12000,,False,2026-02-15T17:10:07.411596,2026-02-15T17:10:07.411596
b75e5d54-a02b-5fa6-9508-2b153639af42,5e8217ef-fa58-522f-96ec-9b2e7a0177be,38,1,2500,2500,,False,2026-02-15T17:10:07.411596,2026-02-15T17:10:07.411596
25ec904c-d9c8-5ed3-aabc-1a8d8457cc2d,5e8217ef-fa58-522f-96ec-9b2e7a0177be,8,5,3000,15000,,False,2026-02-15T17:10:07.411596,2026-02-15T17:10:07.411596
f51785ec-17ee-50ef-ba06-db8d884f71c7,5e8217ef-fa58-522f-96ec-9b2e7a0177be,4,4,3000,12000,,False,2026-02-15T17:10:07.411596,2026-02-15T17:10:07.411596
9a00c3fb-13d1-5060-8e41-d1d3964aa7f4,5e8217ef-fa58-522f-96ec-9b2e7a0177be,1,2,1200,2400,,False,2026-02-15T17:10:07.411596,2026-02-15T17:10:07.411596
b940b2a6-e996-5515-b8e9-24ef37d3f946,5e8217ef-fa58-522f-96ec-9b2e7a0177be,7,6,3000,18000,,False,2026-02-15T17:10:07.411596,2026-02-15T17:10:07.411596
90cfac22-f17e-5b75-a24b-64da765e856d,097be892-fec6-55ba-8ff5-e25370c20be7,9,1,3000,3000,,False,2026-02-15T17:10:07.411596,2026-02-15T17:10:07.411596
f737fcdd-9e90-5ce2-a578-177b6cea0e0d,097be892-fec6-55ba-8ff5-e25370c20be7,6,2,5000,10000,,False,2026-02-15T17:10:07.411596,2026-02-15T17:10:07.411596
032cde01-ed91-51a0-8b5f-34a2a185aa7f,097be892-fec6-55ba-8ff5-e25370c20be7,8,12,3000,36000,,False,2026-02-15T17:10:07.411596,2026-02-15T17:10:07.411596
2ff0361c-dc18-5d8e-b864-adc657d557eb,097be892-fec6-55ba-8ff5-e25370c20be7,10,1,3000,3000,,False,2026-02-15T17:10:07.411596,2026-02-15T17:10:07.411596
c31c7d08-d992-5d2e-95de-8a3f6a3542f0,097be892-fec6-55ba-8ff5-e25370c20be7,1,12,1200,14400,,False,2026-02-15T17:10:07.411596,2026-02-15T17:10:07.411596
9acbc5d9-adf6-55e9-a162-2a34f32eb3a9,097be892-fec6-55ba-8ff5-e25370c20be7,11,3,3000,9000,,False,2026-02-15T17:10:07.411596,2026-02-15T17:10:07.411596
98d4c6ff-113d-5984-9524-ff91477f3b97,097be892-fec6-55ba-8ff5-e25370c20be7,7,3,3000,9000,,False,2026-02-15T17:10:07.411596,2026-02-15T17:10:07.411596
aa5051c6-2a0a-5243-83ba-fc0c9eda8ca3,ffe1c0b2-fe54-5617-8414-f6bc7400d37b,11,4,3000,12000,,False,2026-02-15T17:10:07.411596,2026-02-15T17:10:07.411596
732a1814-ed85-5928-9e78-f22fe151ac7b,ffe1c0b2-fe54-5617-8414-f6bc7400d37b,14,2,5000,10000,,False,2026-02-15T17:10:07.411596,2026-02-15T17:10:07.411596
14650226-75c7-5a1d-a18c-a00060f8b7b5,ffe1c0b2-fe54-5617-8414-f6bc7400d37b,15,1,3000,3000,,False,2026-02-15T17:10:07.411596,2026-02-15T17:10:07.411596
9aabbd4a-1cc2-5aea-909e-4f0d348eab54,ffe1c0b2-fe54-5617-8414-f6bc7400d37b,2,1,3000,3000,,False,2026-02-15T17:10:07.411596,2026-02-15T17:10:07.411596
70d32df6-a00c-5116-ada8-f2abd739f2d6,ffe1c0b2-fe54-5617-8414-f6bc7400d37b,4,2,3000,6000,,False,2026-02-15T17:10:07.411596,2026-02-15T17:10:07.411596
4a764043-93bc-59a6-90a4-9f730ae7dd29,ffe1c0b2-fe54-5617-8414-f6bc7400d37b,8,12,3000,36000,,False,2026-02-15T17:10:07.411596,2026-02-15T17:10:07.411596
89498d76-5bb7-5c6c-824a-c7b0c4ea79e6,ffe1c0b2-fe54-5617-8414-f6bc7400d37b,3,7,3000,21000,,False,2026-02-15T17:10:07.411596,2026-02-15T17:10:07.411596
c8311340-f291-53f1-9cd4-f6ace61e75b1,ffe1c0b2-fe54-5617-8414-f6bc7400d37b,7,1,3000,3000,,False,2026-02-15T17:10:07.411596,2026-02-15T17:10:07.411596
7b5d0dbf-ac52-58ae-b41d-918b6bb2a71d,ca301d27-0bc1-5bf2-be46-9ceea15e9e77,39,2,2500,5000,,False,2026-02-15T17:10:07.411596,2026-02-15T17:10:07.411596
9e7dc1a4-1fa8-51a4-80c7-d6767e7a521d,ca301d27-0bc1-5bf2-be46-9ceea15e9e77,11,3,3000,9000,,False,2026-02-15T17:10:07.411596,2026-02-15T17:10:07.411596
d77e96b3-93b2-5432-a17c-4e4e337cf3df,ca301d27-0bc1-5bf2-be46-9ceea15e9e77,5,5,3500,17500,,False,2026-02-15T17:10:07.411596,2026-02-15T17:10:07.411596
c79b410f-9f86-53fc-bc87-8c2a36e94331,ca301d27-0bc1-5bf2-be46-9ceea15e9e77,10,2,3000,6000,,False,2026-02-15T17:10:07.411596,2026-02-15T17:10:07.411596
9fb6352d-12ba-5d47-a1c8-468556e20e0f,64ce137e-2b30-5023-bf6b-b9df5a16bd60,2,2,3000,6000,,True,2026-02-15T17:10:07.411596,2026-02-15T17:10:07.411596
b09b24e5-3cf1-5073-8fe3-19cff5f623e1,64ce137e-2b30-5023-bf6b-b9df5a16bd60,1,5,1200,6000,,True,2026-02-15T17:10:07.411596,2026-02-15T17:10:07.411596
fd6216e5-74d5-5c4f-8610-8090d828711b,8275b19d-6d21-5ae9-9ab0-6d91961fc3d1,2,1,3000,3000,,True,2026-02-15T17:10:07.411596,2026-02-15T17:10:07.411596
1f71134a-a523-5450-a6d1-e8349859a895,8275b19d-6d21-5ae9-9ab0-6d91961fc3d1,1,1,1200,1200,,True,2026-02-15T17:10:07.411596,2026-02-15T17:10:07.411596
8ca1b999-c5c2-5b1b-b917-df466f900a15,5cb67829-9bfb-5bbd-ae11-801e002f1a44,2,1,3000,3000,,True,2026-02-15T17:10:07.411596,2026-02-15T17:10:07.411596
8a17b3d9-7d4d-5330-b2e2-9ddb38e08b28,5cb67829-9bfb-5bbd-ae11-801e002f1a44,1,1,1200,1200,,True,2026-02-15T17:10:07.411596,2026-02-15T17:10:07.411596
229de960-be6e-59f1-bb25-b40c2061467e,49cc8a9b-22db-5640-bb1f-6a89074dfb17,2,1,3000,3000,,True,2026-02-15T17:10:07.411596,2026-02-15T17:10:07.411596
737be283-ac07-5aa1-a7e2-7aef72359a21,49cc8a9b-22db-5640-bb1f-6a89074dfb17,1,1,1200,1200,,True,2026-02-15T17:10:07.411596,2026-02-15T17:10:07.411596
a9d5eecc-aaad-577f-a968-1dd71abe3ed1,ca301d27-0bc1-5bf2-be46-9ceea15e9e77,1,12,1200,14400,,False,2026-02-15T17:10:07.411596,2026-02-15T17:10:07.411596
f4220317-b785-5e21-bae8-3874782e4cb9,ca301d27-0bc1-5bf2-be46-9ceea15e9e77,4,5,3000,15000,,False,2026-02-15T17:10:07.411596,2026-02-15T17:10:07.411596
148ff4c4-ca74-59d1-bf75-4dc9fc6194fc,ca301d27-0bc1-5bf2-be46-9ceea15e9e77,3,1,3000,3000,,False,2026-02-15T17:10:07.411596,2026-02-15T17:10:07.411596
232d1d3c-ea4b-5edb-a817-991b7d88bb67,ca301d27-0bc1-5bf2-be46-9ceea15e9e77,2,5,3000,15000,,False,2026-02-15T17:10:07.411596,2026-02-15T17:10:07.411596
55636a60-4a91-5981-a611-bfa34c444710,ca301d27-0bc1-5bf2-be46-9ceea15e9e77,38,2,2500,5000,,False,2026-02-15T17:10:07.411596,2026-02-15T17:10:07.411596
b1f4f501-9c99-5ef9-9b23-ade3e71965f5,ca301d27-0bc1-5bf2-be46-9ceea15e9e77,8,6,3000,18000,,False,2026-02-15T17:10:07.411596,2026-02-15T17:10:07.411596
7d2f62b0-b18a-5946-92c2-5319baf10cbb,ca301d27-0bc1-5bf2-be46-9ceea15e9e77,7,3,3000,9000,,False,2026-02-15T17:10:07.411596,2026-02-15T17:10:07.411596
0334fb6b-d880-5493-a8d8-80b3f1029bfb,7e423604-19f1-56ec-bacb-1e02ea682aa8,2,3,3000,9000,,False,2026-02-15T17:10:07.411596,2026-02-15T17:10:07.411596
5ba7f865-5926-5758-88a9-9bfd575b4903,7e423604-19f1-56ec-bacb-1e02ea682aa8,1,6,1200,7200,,False,2026-02-15T17:10:07.411596,2026-02-15T17:10:07.411596
c66a2255-f023-5267-818c-368d864228ce,7e423604-19f1-56ec-bacb-1e02ea682aa8,39,3,2500,7500,,False,2026-02-15T17:10:07.411596,2026-02-15T17:10:07.411596
eff8799c-513a-5263-b9cc-a95b35c08e13,7e423604-19f1-56ec-bacb-1e02ea682aa8,38,3,2500,7500,,False,2026-02-15T17:10:07.411596,2026-02-15T17:10:07.411596
757bab7c-0869-5629-9d59-8bc03c991f83,7e423604-19f1-56ec-bacb-1e02ea682aa8,10,1,3000,3000,,False,2026-02-15T17:10:07.411596,2026-02-15T17:10:07.411596
2e8f5c3f-0215-53bb-98e7-30fc42d47834,7e423604-19f1-56ec-bacb-1e02ea682aa8,11,3,3000,9000,,False,2026-02-15T17:10:07.411596,2026-02-15T17:10:07.411596
4ea79d5e-c1a1-5a15-ae56-11f7eb32beff,7e423604-19f1-56ec-bacb-1e02ea682aa8,3,1,3000,3000,,False,2026-02-15T17:10:07.411596,2026-02-15T17:10:07.411596
ffa73087-8420-5fb6-be2f-ba77bcdded54,7e423604-19f1-56ec-bacb-1e02ea682aa8,8,6,3000,18000,,False,2026-02-15T17:10:07.411596,2026-02-15T17:10:07.411596
c029037e-a3ca-5af4-b0b2-56b4d4a33a17,7e423604-19f1-56ec-bacb-1e02ea682aa8,7,1,3000,3000,,False,2026-02-15T17:10:07.411596,2026-02-15T17:10:07.411596
e374a306-10cf-53b4-b2bf-20f90c106525,7e423604-19f1-56ec-bacb-1e02ea682aa8,4,3,3000,9000,,False,2026-02-15T17:10:07.411596,2026-02-15T17:10:07.411596
f00eb5b6-50e3-5f74-ac5d-15cdf8631c6b,de72f4e3-9954-5f9a-b4ee-3ef1b48a49e3,8,4,3000,12000,,False,2026-02-15T17:10:07.411596,2026-02-15T17:10:07.411596
9e8795c4-bff2-5bcf-bc42-493b25842ecf,de72f4e3-9954-5f9a-b4ee-3ef1b48a49e3,2,1,3000,3000,,False,2026-02-15T17:10:07.411596,2026-02-15T17:10:07.411596
40fa25f2-9a1c-5d1e-a933-86b77c4424b6,de72f4e3-9954-5f9a-b4ee-3ef1b48a49e3,1,3,1200,3600,,False,2026-02-15T17:10:07.411596,2026-02-15T17:10:07.411596
320ffaa4-cbf9-512f-a781-1c57e43c3e5d,de72f4e3-9954-5f9a-b4ee-3ef1b48a49e3,39,1,2500,2500,,False,2026-02-15T17:10:07.411596,2026-02-15T17:10:07.411596
8034c9d8-b8f0-5b7b-b725-61dbc8998b9a,de72f4e3-9954-5f9a-b4ee-3ef1b48a49e3,7,1,3000,3000,,False,2026-02-15T17:10:07.411596,2026-02-15T17:10:07.411596
4a901a6b-b27f-58f1-ab70-14b4bcbb7c24,de72f4e3-9954-5f9a-b4ee-3ef1b48a49e3,3,4,3000,12000,,False,2026-02-15T17:10:07.411596,2026-02-15T17:10:07.411596
a38758a3-3687-58b7-b386-361ed65d6797,de72f4e3-9954-5f9a-b4ee-3ef1b48a49e3,38,1,2500,2500,,False,2026-02-15T17:10:07.411596,2026-02-15T17:10:07.411596
e00b2586-6772-51af-a64a-f24d9884e543,de72f4e3-9954-5f9a-b4ee-3ef1b48a49e3,4,2,3000,6000,,False,2026-02-15T17:10:07.411596,2026-02-15T17:10:07.411596
ecd447fa-7158-533a-90e0-44b796776c5f,822527a6-2f76-56b2-8986-6aa85d4c45dd,3,2,3000,6000,,False,2026-02-15T17:10:07.411596,2026-02-15T17:10:07.411596
ad6d8365-db63-5200-9e4b-f79f28d43e63,822527a6-2f76-56b2-8986-6aa85d4c45dd,10,1,3000,3000,,False,2026-02-15T17:10:07.411596,2026-02-15T17:10:07.411596
64b52773-daf5-5ef2-a343-5dcca60bbcc0,822527a6-2f76-56b2-8986-6aa85d4c45dd,4,4,3000,12000,,False,2026-02-15T17:10:07.411596,2026-02-15T17:10:07.411596
98cbf5e6-20b8-5f14-8215-a9f1f292b0ff,822527a6-2f76-56b2-8986-6aa85d4c45dd,17,1,3000,3000,,False,2026-02-15T17:10:07.411596,2026-02-15T17:10:07.411596
1f166d51-94fd-569b-9ef9-099866220636,822527a6-2f76-56b2-8986-6aa85d4c45dd,8,10,3000,30000,,False,2026-02-15T17:10:07.411596,2026-02-15T17:10:07.411596
f6ddb32a-4a68-5a2e-9396-23afc42ccbe3,822527a6-2f76-56b2-8986-6aa85d4c45dd,1,5,1200,6000,,False,2026-02-15T17:10:07.411596,2026-02-15T17:10:07.411596
9bea674c-dbda-5b15-aa8b-6acff5081852,822527a6-2f76-56b2-8986-6aa85d4c45dd,7,1,3000,3000,,False,2026-02-15T17:10:07.411596,2026-02-15T17:10:07.411596
52404c7a-f345-5a02-aba8-5309a7cdb21c,822527a6-2f76-56b2-8986-6aa85d4c45dd,11,2,3000,6000,,False,2026-02-15T17:10:07.411596,2026-02-15T17:10:07.411596
8f7474dc-f7bf-5a01-a0cd-a5ca34863f04,edce6593-2a59-5e8f-b5e6-5e884b32ed17,11,1,3000,3000,,False,2026-02-15T17:10:07.411596,2026-02-15T17:10:07.411596
f6f1fbdb-ba35-585c-9b71-9ae50065842d,edce6593-2a59-5e8f-b5e6-5e884b32ed17,8,6,3000,18000,,False,2026-02-15T17:10:07.411596,2026-02-15T17:10:07.411596
61cf4ec1-ddd5-56be-9eba-807884caa685,046d3bbd-e262-5702-856a-d47e22559c3e,7,1,3000,3000,,False,2026-02-15T17:10:07.411596,2026-02-15T17:10:07.411596
59879594-d3aa-518c-8861-b94b1bb719a2,046d3bbd-e262-5702-856a-d47e22559c3e,1,3,1200,3600,,False,2026-02-15T17:10:07.411596,2026-02-15T17:10:07.411596
f6a5adf8-e71e-531e-97f9-96870138ff20,e1f09adc-8768-5ee3-9fa8-df4670202b00,1,90,1200,108000,,False,2026-02-15T17:10:07.411596,2026-02-15T17:10:07.411596
ec7446c4-3cb4-5ef9-a2a8-8da121d40c95,e1f09adc-8768-5ee3-9fa8-df4670202b00,29,50,50,2500,,False,2026-02-15T17:10:07.411596,2026-02-15T17:10:07.411596
7b9a2d96-0e72-58cb-b302-1aea3a4289c4,e1f09adc-8768-5ee3-9fa8-df4670202b00,38,6,2500,15000,,False,2026-02-15T17:10:07.411596,2026-02-15T17:10:07.411596
35c4053a-c5bc-5bcf-9490-437f8f60bc1b,e1f09adc-8768-5ee3-9fa8-df4670202b00,5,6,3500,21000,,False,2026-02-15T17:10:07.411596,2026-02-15T17:10:07.411596
5ef3bada-adf0-54b9-9c10-55291ff7b392,e1f09adc-8768-5ee3-9fa8-df4670202b00,33,10,100,1000,,False,2026-02-15T17:10:07.411596,2026-02-15T17:10:07.411596
330b50c9-7c87-55a9-802d-01289158d1b5,e1f09adc-8768-5ee3-9fa8-df4670202b00,7,18,3000,54000,,False,2026-02-15T17:10:07.411596,2026-02-15T17:10:07.411596
f9931e7d-7fcc-5bf9-b067-0e6e0b612ede,e1f09adc-8768-5ee3-9fa8-df4670202b00,8,84,3000,252000,,False,2026-02-15T17:10:07.411596,2026-02-15T17:10:07.411596
0504d8fa-f3ab-5fcc-a912-0f9eb3eff934,e1f09adc-8768-5ee3-9fa8-df4670202b00,6,4,5000,20000,,False,2026-02-15T17:10:07.411596,2026-02-15T17:10:07.411596
a534c8ef-6258-53d5-83ac-74ffd72c28fc,e1f09adc-8768-5ee3-9fa8-df4670202b00,34,10,100,1000,,False,2026-02-15T17:10:07.411596,2026-02-15T17:10:07.411596
552872a0-73c2-5033-816e-70ef705630d5,e1f09adc-8768-5ee3-9fa8-df4670202b00,9,6,3000,18000,,False,2026-02-15T17:10:07.411596,2026-02-15T17:10:07.411596
015fdaa5-3322-5dd2-b04a-13e9a39dff01,e1f09adc-8768-5ee3-9fa8-df4670202b00,32,10,100,1000,,False,2026-02-15T17:10:07.411596,2026-02-15T17:10:07.411596
df7b7f7f-a785-559e-aa79-0b74a4fe1bf3,e1f09adc-8768-5ee3-9fa8-df4670202b00,28,140,100,14000,,False,2026-02-15T17:10:07.411596,2026-02-15T17:10:07.411596
5bfa5742-b700-53e4-ac2f-1e7a28f0e000,e1f09adc-8768-5ee3-9fa8-df4670202b00,2,18,3000,54000,,False,2026-02-15T17:10:07.411596,2026-02-15T17:10:07.411596
26f954d8-060f-5bf4-8779-5b22436fb4e3,e1f09adc-8768-5ee3-9fa8-df4670202b00,4,30,3000,90000,,False,2026-02-15T17:10:07.411596,2026-02-15T17:10:07.411596
ebbbb4f1-83f5-5a72-9135-0ef5c407ccfe,e1f09adc-8768-5ee3-9fa8-df4670202b00,15,6,3000,18000,,False,2026-02-15T17:10:07.411596,2026-02-15T17:10:07.411596
3b3fe1c9-533c-562d-898d-f8936186607b,e1f09adc-8768-5ee3-9fa8-df4670202b00,10,6,3000,18000,,False,2026-02-15T17:10:07.411596,2026-02-15T17:10:07.411596
d83940bf-c3b2-5cee-8f96-63a6784b1b28,e1f09adc-8768-5ee3-9fa8-df4670202b00,39,6,2500,15000,,False,2026-02-15T17:10:07.411596,2026-02-15T17:10:07.411596
9a49d121-47b5-502e-85ea-88b25b471585,e1f09adc-8768-5ee3-9fa8-df4670202b00,3,18,3000,54000,,False,2026-02-15T17:10:07.411596,2026-02-15T17:10:07.411596
bf64f5a1-c3af-5e6e-a9e2-00639bccc5a7,e1f09adc-8768-5ee3-9fa8-df4670202b00,11,6,3000,18000,,False,2026-02-15T17:10:07.411596,2026-02-15T17:10:07.411596
a652c6a4-61e0-5110-834b-f8357b842deb,28859766-b25c-56a1-82d8-1d103205916e,11,1,3000,3000,,False,2026-02-15T17:10:07.411596,2026-02-15T17:10:07.411596
88c05397-5285-59ce-b432-0c8a14c4d7cf,28859766-b25c-56a1-82d8-1d103205916e,15,1,3000,3000,,False,2026-02-15T17:10:07.411596,2026-02-15T17:10:07.411596
13187893-7184-5fc9-a468-3850624352aa,c70a63a0-6fde-5a0f-acec-4105faa648f1,2,2,3000,6000,,False,2026-02-15T17:10:07.411596,2026-02-15T17:10:07.411596
ec92b003-7cfb-5b00-8507-f84383071a48,c70a63a0-6fde-5a0f-acec-4105faa648f1,8,10,3000,30000,,False,2026-02-15T17:10:07.411596,2026-02-15T17:10:07.411596
729e5a34-60fa-5dcd-9d18-c5153526be14,c70a63a0-6fde-5a0f-acec-4105faa648f1,4,2,3000,6000,,False,2026-02-15T17:10:07.411596,2026-02-15T17:10:07.411596
3a21204e-dbdf-56fe-975b-e56dc472cbd5,e9931a2f-aff2-53fe-a316-8e470c479f13,1,3,1200,3600,,False,2026-02-15T17:10:07.411596,2026-02-15T17:10:07.411596
75bb01fd-6674-5900-9865-51a95c1c7ac7,e9931a2f-aff2-53fe-a316-8e470c479f13,10,1,3000,3000,,False,2026-02-15T17:10:07.411596,2026-02-15T17:10:07.411596
dcfbab67-472c-5d49-8136-17ca6ef1f1d0,e9931a2f-aff2-53fe-a316-8e470c479f13,7,4,3000,12000,,False,2026-02-15T17:10:07.411596,2026-02-15T17:10:07.411596
b4de8ce3-a1a8-5ae5-ab26-56113e0b95c7,e9931a2f-aff2-53fe-a316-8e470c479f13,3,1,3000,3000,,False,2026-02-15T17:10:07.411596,2026-02-15T17:10:07.411596
ece25ab4-299c-5462-bc0a-b7a61add01b7,e9931a2f-aff2-53fe-a316-8e470c479f13,11,1,3000,3000,,False,2026-02-15T17:10:07.411596,2026-02-15T17:10:07.411596
b8fe7e47-728b-5fa6-889e-e3ace044e925,e9931a2f-aff2-53fe-a316-8e470c479f13,2,3,3000,9000,,False,2026-02-15T17:10:07.411596,2026-02-15T17:10:07.411596
b0d33033-bcc7-5ef1-a0a4-8e4959b803d2,e9931a2f-aff2-53fe-a316-8e470c479f13,6,1,5000,5000,,False,2026-02-15T17:10:07.411596,2026-02-15T17:10:07.411596
aaf8ee86-cbd2-5ba5-8c41-ba2c8cd0516a,e9931a2f-aff2-53fe-a316-8e470c479f13,8,2,3000,6000,,False,2026-02-15T17:10:07.411596,2026-02-15T17:10:07.411596
e6cb3437-4d9a-5db3-8d37-8c010e9e8d6e,e9931a2f-aff2-53fe-a316-8e470c479f13,4,3,3000,9000,,False,2026-02-15T17:10:07.411596,2026-02-15T17:10:07.411596
14b1ccd6-3d72-5791-9ff3-83e1d116f761,03b5265d-a739-5de1-8114-754bf12c7945,38,2,2500,5000,,False,2026-02-15T17:10:07.411596,2026-02-15T17:10:07.411596
3fbb6a33-5394-536b-8517-9dd8e1566113,03b5265d-a739-5de1-8114-754bf12c7945,11,4,3000,12000,,False,2026-02-15T17:10:07.411596,2026-02-15T17:10:07.411596
0ce34ba2-745f-5bc6-8067-fd93b6c0516d,03b5265d-a739-5de1-8114-754bf12c7945,4,4,3000,12000,,False,2026-02-15T17:10:07.411596,2026-02-15T17:10:07.411596
54cbcf13-4be3-5116-a14f-731d665bd6d0,03b5265d-a739-5de1-8114-754bf12c7945,3,2,3000,6000,,False,2026-02-15T17:10:07.411596,2026-02-15T17:10:07.411596
9e109667-9d12-5688-a3f1-495f704840d8,03b5265d-a739-5de1-8114-754bf12c7945,14,1,5000,5000,,False,2026-02-15T17:10:07.411596,2026-02-15T17:10:07.411596
14a4c111-9a9e-50d2-8b69-52743fcd09dc,03b5265d-a739-5de1-8114-754bf12c7945,8,34,3000,102000,,False,2026-02-15T17:10:07.411596,2026-02-15T17:10:07.411596
34514230-97f9-589e-8e27-14b32c8d5532,03b5265d-a739-5de1-8114-754bf12c7945,1,18,1200,21600,,False,2026-02-15T17:10:07.411596,2026-02-15T17:10:07.411596
fe17ccf3-68fc-5c55-be90-0962001e8f44,03b5265d-a739-5de1-8114-754bf12c7945,7,12,3000,36000,,False,2026-02-15T17:10:07.411596,2026-02-15T17:10:07.411596
bfc51968-42f3-5fe1-834d-1afe59c3a863,03b5265d-a739-5de1-8114-754bf12c7945,39,2,2500,5000,,False,2026-02-15T17:10:07.411596,2026-02-15T17:10:07.411596
b90a5663-6335-5290-8eee-85bc3c537a75,03b5265d-a739-5de1-8114-754bf12c7945,10,3,3000,9000,,False,2026-02-15T17:10:07.411596,2026-02-15T17:10:07.411596
0e32d539-980f-5e74-b32d-4f4e670d1638,03b5265d-a739-5de1-8114-754bf12c7945,2,6,3000,18000,,False,2026-02-15T17:10:07.411596,2026-02-15T17:10:07.411596
7bd9b071-db52-571d-97a3-c9e8ffe40fa6,03b5265d-a739-5de1-8114-754bf12c7945,6,1,5000,5000,,False,2026-02-15T17:10:07.411596,2026-02-15T17:10:07.411596
917e7c26-63a1-5040-b008-995b73c4cda7,03b5265d-a739-5de1-8114-754bf12c7945,15,2,3000,6000,,False,2026-02-15T17:10:07.411596,2026-02-15T17:10:07.411596
4bb83460-2d26-5f60-8cfe-a38f8f887f26,5136487a-51de-5c2a-a88b-5bec8eb74f01,7,2,3000,6000,,False,2026-02-15T17:10:07.411596,2026-02-15T17:10:07.411596
2ab7a4d7-29cf-53a4-ab73-cd296f21adf0,5136487a-51de-5c2a-a88b-5bec8eb74f01,4,2,3000,6000,,False,2026-02-15T17:10:07.411596,2026-02-15T17:10:07.411596
466fc4ac-0f66-5017-b4d1-fb1708c7673e,5136487a-51de-5c2a-a88b-5bec8eb74f01,1,6,1200,7200,,False,2026-02-15T17:10:07.411596,2026-02-15T17:10:07.411596
f3ea4ab0-457f-5d5c-9839-b00a3a868f3a,5136487a-51de-5c2a-a88b-5bec8eb74f01,3,3,3000,9000,,False,2026-02-15T17:10:07.411596,2026-02-15T17:10:07.411596
771125f6-85f4-55a4-a77f-895e9e71a6d0,5136487a-51de-5c2a-a88b-5bec8eb74f01,8,6,3000,18000,,False,2026-02-15T17:10:07.411596,2026-02-15T17:10:07.411596
9941d75d-5699-59ca-9044-3df774cd3cbc,5136487a-51de-5c2a-a88b-5bec8eb74f01,10,1,3000,3000,,False,2026-02-15T17:10:07.411596,2026-02-15T17:10:07.411596
b6af9366-8f81-557e-8d6d-e4ecec56a8d8,5136487a-51de-5c2a-a88b-5bec8eb74f01,11,1,3000,3000,,False,2026-02-15T17:10:07.411596,2026-02-15T17:10:07.411596
0b878452-593a-5b59-b80a-6b33f4ed7a12,a846eff2-28fd-560b-be36-105b6fd18d41,14,1,5000,5000,,False,2026-02-15T17:10:07.411596,2026-02-15T17:10:07.411596
fe8a291a-b9e4-5336-93f8-8350e1277afc,a846eff2-28fd-560b-be36-105b6fd18d41,11,2,3000,6000,,False,2026-02-15T17:10:07.411596,2026-02-15T17:10:07.411596
c436b0d6-5bb4-5618-a17b-dc300c863b05,a846eff2-28fd-560b-be36-105b6fd18d41,2,3,3000,9000,,False,2026-02-15T17:10:07.411596,2026-02-15T17:10:07.411596
601e48bf-b149-58b5-92df-9f14a1f1ae32,a846eff2-28fd-560b-be36-105b6fd18d41,38,3,2500,7500,,False,2026-02-15T17:10:07.411596,2026-02-15T17:10:07.411596
50487120-5b07-5a48-9292-70ce727ac063,a846eff2-28fd-560b-be36-105b6fd18d41,3,3,3000,9000,,False,2026-02-15T17:10:07.411596,2026-02-15T17:10:07.411596
661612fc-24dd-559f-b79b-4cd82ad8da59,a846eff2-28fd-560b-be36-105b6fd18d41,4,5,3000,15000,,False,2026-02-15T17:10:07.411596,2026-02-15T17:10:07.411596
5a458240-ab21-5282-a11c-3a2065d679f4,a846eff2-28fd-560b-be36-105b6fd18d41,7,4,3000,12000,,False,2026-02-15T17:10:07.411596,2026-02-15T17:10:07.411596
33a4fabe-1f99-5c29-8858-c267c17c2996,a846eff2-28fd-560b-be36-105b6fd18d41,8,12,3000,36000,,False,2026-02-15T17:10:07.411596,2026-02-15T17:10:07.411596
ec2e42a8-ec3d-5dd4-a307-247e9adfa3cd,a846eff2-28fd-560b-be36-105b6fd18d41,1,18,1200,21600,,False,2026-02-15T17:10:07.411596,2026-02-15T17:10:07.411596
49c9559e-247e-523f-99db-b46f3bda9c54,a846eff2-28fd-560b-be36-105b6fd18d41,39,3,2500,7500,,False,2026-02-15T17:10:07.411596,2026-02-15T17:10:07.411596
e33aea08-3a66-5720-8c61-8daa85bdaa41,0213667a-08f6-52f8-b150-0d2b913c4cdb,10,8,3000,24000,,False,2026-02-15T17:10:07.411596,2026-02-15T17:10:07.411596
155142fc-ab9f-5f28-8273-97aa1bffc129,0213667a-08f6-52f8-b150-0d2b913c4cdb,8,60,3000,180000,,False,2026-02-15T17:10:07.411596,2026-02-15T17:10:07.411596
c4e17377-ec2a-59f6-8707-b7f4f363d35f,0213667a-08f6-52f8-b150-0d2b913c4cdb,14,2,5000,10000,,False,2026-02-15T17:10:07.411596,2026-02-15T17:10:07.411596
662a6f79-8769-5615-bfe0-3596543c2094,0213667a-08f6-52f8-b150-0d2b913c4cdb,24,1,3000,3000,,False,2026-02-15T17:10:07.411596,2026-02-15T17:10:07.411596
77c70a0c-4149-5b37-97c2-0ce9c3071946,0213667a-08f6-52f8-b150-0d2b913c4cdb,4,12,3000,36000,,False,2026-02-15T17:10:07.411596,2026-02-15T17:10:07.411596
39051a15-6d93-51a2-9da3-289c16c17a72,0213667a-08f6-52f8-b150-0d2b913c4cdb,5,12,3500,42000,,False,2026-02-15T17:10:07.411596,2026-02-15T17:10:07.411596
e9219944-846c-503c-9bde-f89d42c358e1,0213667a-08f6-52f8-b150-0d2b913c4cdb,15,3,3000,9000,,False,2026-02-15T17:10:07.411596,2026-02-15T17:10:07.411596
8804814f-6fcb-5d0e-b6ec-85384a9d6a97,0213667a-08f6-52f8-b150-0d2b913c4cdb,11,4,3000,12000,,False,2026-02-15T17:10:07.411596,2026-02-15T17:10:07.411596
c36ce19c-2cb6-56d0-b6ae-db9c6dc51da8,0213667a-08f6-52f8-b150-0d2b913c4cdb,9,9,3000,27000,,False,2026-02-15T17:10:07.411596,2026-02-15T17:10:07.411596
9fa68c09-3902-5208-984a-f854c4fc0dd3,0213667a-08f6-52f8-b150-0d2b913c4cdb,38,1,2500,2500,,False,2026-02-15T17:10:07.411596,2026-02-15T17:10:07.411596
c6d5e43b-1ceb-5ee6-af48-02739b772d42,0213667a-08f6-52f8-b150-0d2b913c4cdb,1,29,1200,34800,,False,2026-02-15T17:10:07.411596,2026-02-15T17:10:07.411596
e5463baf-34bf-51ff-96f1-c2e062d40006,0213667a-08f6-52f8-b150-0d2b913c4cdb,16,1,3000,3000,,False,2026-02-15T17:10:07.411596,2026-02-15T17:10:07.411596
3f83bc51-8df9-593c-97c8-017291087574,0213667a-08f6-52f8-b150-0d2b913c4cdb,2,10,3000,30000,,False,2026-02-15T17:10:07.411596,2026-02-15T17:10:07.411596
f711e5e8-99bc-50b0-853c-e71a4b607631,0213667a-08f6-52f8-b150-0d2b913c4cdb,6,1,5000,5000,,False,2026-02-15T17:10:07.411596,2026-02-15T17:10:07.411596
26fd926c-e97e-5638-8aa3-75508bf0e3bd,0213667a-08f6-52f8-b150-0d2b913c4cdb,39,3,2500,7500,,False,2026-02-15T17:10:07.411596,2026-02-15T17:10:07.411596
fec92236-ccf4-5ff0-9dc6-16e31e155ba8,0213667a-08f6-52f8-b150-0d2b913c4cdb,7,11,3000,33000,,False,2026-02-15T17:10:07.411596,2026-02-15T17:10:07.411596
ac71c6d5-dda2-5e68-a36a-7e615884684c,0213667a-08f6-52f8-b150-0d2b913c4cdb,17,4,3000,12000,,False,2026-02-15T17:10:07.411596,2026-02-15T17:10:07.411596
8495fa0f-56f8-57a0-8c00-e28c0fb6c9bf,0213667a-08f6-52f8-b150-0d2b913c4cdb,19,1,4500,4500,,False,2026-02-15T17:10:07.411596,2026-02-15T17:10:07.411596
cce6b208-60f6-5432-b27c-fa59c6fd22ea,0213667a-08f6-52f8-b150-0d2b913c4cdb,3,12,3000,36000,,False,2026-02-15T17:10:07.411596,2026-02-15T17:10:07.411596
fc7cb2fa-58c6-59ef-9c00-05e5099bf37b,8da48590-ea15-557e-b57c-64579dbfaa7f,14,1,5000,5000,,False,2026-02-15T17:10:07.411596,2026-02-15T17:10:07.411596
10487fc5-0f34-511c-a52c-1c7e20309b0f,8da48590-ea15-557e-b57c-64579dbfaa7f,4,6,3000,18000,,False,2026-02-15T17:10:07.411596,2026-02-15T17:10:07.411596
a9bb287c-6a5c-5eac-ad90-82f85408c5f8,8da48590-ea15-557e-b57c-64579dbfaa7f,27,1,3000,3000,,False,2026-02-15T17:10:07.411596,2026-02-15T17:10:07.411596
5e3f0b43-05cb-5caa-a82a-3e46c01557fc,8da48590-ea15-557e-b57c-64579dbfaa7f,7,12,3000,36000,,False,2026-02-15T17:10:07.411596,2026-02-15T17:10:07.411596
ed8ad6ef-b933-5c6c-8547-815fb2fa7018,8da48590-ea15-557e-b57c-64579dbfaa7f,39,3,2500,7500,,False,2026-02-15T17:10:07.411596,2026-02-15T17:10:07.411596
d797bf09-56b6-580e-b91c-ee5cea1ce811,8da48590-ea15-557e-b57c-64579dbfaa7f,11,6,3000,18000,,False,2026-02-15T17:10:07.411596,2026-02-15T17:10:07.411596
251638c7-58f8-5a1f-a1ab-f501c96df079,8da48590-ea15-557e-b57c-64579dbfaa7f,25,1,3000,3000,,False,2026-02-15T17:10:07.411596,2026-02-15T17:10:07.411596
f083526e-1e1c-57f3-abb6-f55fd11d3324,8da48590-ea15-557e-b57c-64579dbfaa7f,10,2,3000,6000,,False,2026-02-15T17:10:07.411596,2026-02-15T17:10:07.411596
c9639e2b-f70e-5681-a44d-117d45ce7b89,8da48590-ea15-557e-b57c-64579dbfaa7f,38,4,2500,10000,,False,2026-02-15T17:10:07.411596,2026-02-15T17:10:07.411596
91f9996c-a917-5ee1-832f-bc4465695c0e,8da48590-ea15-557e-b57c-64579dbfaa7f,3,12,3000,36000,,False,2026-02-15T17:10:07.411596,2026-02-15T17:10:07.411596
6a06b3f7-8b0b-50c7-af1e-4c993deef45c,8da48590-ea15-557e-b57c-64579dbfaa7f,5,2,3500,7000,,False,2026-02-15T17:10:07.411596,2026-02-15T17:10:07.411596
2086a2f9-8a9a-5040-ae2e-ada9d4155af5,8da48590-ea15-557e-b57c-64579dbfaa7f,8,30,3000,90000,,False,2026-02-15T17:10:07.411596,2026-02-15T17:10:07.411596
f82db51c-929f-5946-b1f6-3f79499873b9,8da48590-ea15-557e-b57c-64579dbfaa7f,1,24,1200,28800,,False,2026-02-15T17:10:07.411596,2026-02-15T17:10:07.411596
045c09c1-49f9-5a85-81db-aa08ae6a11de,8da48590-ea15-557e-b57c-64579dbfaa7f,2,12,3000,36000,,False,2026-02-15T17:10:07.411596,2026-02-15T17:10:07.411596
93afd1e2-22c8-51a2-9f95-02dd9edeaa6e,6456efc5-e072-589a-a6e3-5f126fdee512,39,5,2500,12500,,False,2026-02-15T17:10:07.411596,2026-02-15T17:10:07.411596
bd39af19-c3e4-544c-87fb-13268411eb3d,6456efc5-e072-589a-a6e3-5f126fdee512,5,2,3500,7000,,False,2026-02-15T17:10:07.411596,2026-02-15T17:10:07.411596
1f46b018-1388-58ea-924c-207b315b5bc4,6456efc5-e072-589a-a6e3-5f126fdee512,11,1,3000,3000,,False,2026-02-15T17:10:07.411596,2026-02-15T17:10:07.411596
dc45c541-bf6d-5b20-a9e2-a315379e5ab8,6456efc5-e072-589a-a6e3-5f126fdee512,9,1,3000,3000,,False,2026-02-15T17:10:07.411596,2026-02-15T17:10:07.411596
3d49e2d5-fbd8-571b-b5f8-fd383f784687,6456efc5-e072-589a-a6e3-5f126fdee512,14,3,5000,15000,,False,2026-02-15T17:10:07.411596,2026-02-15T17:10:07.411596
0479ac4c-57dc-5a18-ada8-4af9f5c2ffa1,6456efc5-e072-589a-a6e3-5f126fdee512,38,4,2500,10000,,False,2026-02-15T17:10:07.411596,2026-02-15T17:10:07.411596
f81dca2f-ce37-54dd-8602-411468650331,6456efc5-e072-589a-a6e3-5f126fdee512,8,22,3000,66000,,False,2026-02-15T17:10:07.411596,2026-02-15T17:10:07.411596
cd6cc00e-04b4-5086-a9c1-4482e82ccf42,6456efc5-e072-589a-a6e3-5f126fdee512,6,1,5000,5000,,False,2026-02-15T17:10:07.411596,2026-02-15T17:10:07.411596
0ed04f0c-a22a-5cdd-a567-f2c0b6a7d5ee,6456efc5-e072-589a-a6e3-5f126fdee512,3,6,3000,18000,,False,2026-02-15T17:10:07.411596,2026-02-15T17:10:07.411596
eb876179-3b0c-5477-a84c-6a254011ab94,6456efc5-e072-589a-a6e3-5f126fdee512,1,18,1200,21600,,False,2026-02-15T17:10:07.411596,2026-02-15T17:10:07.411596
a72fb223-d8ac-5c6a-ac7f-cb687fec618d,6456efc5-e072-589a-a6e3-5f126fdee512,7,11,3000,33000,,False,2026-02-15T17:10:07.411596,2026-02-15T17:10:07.411596
2a158d36-e23e-5eb8-b403-91f0f1591df4,6456efc5-e072-589a-a6e3-5f126fdee512,4,10,3000,30000,,False,2026-02-15T17:10:07.411596,2026-02-15T17:10:07.411596
8afedfd9-b042-5726-b5ff-226c2ff964b1,6456efc5-e072-589a-a6e3-5f126fdee512,10,1,3000,3000,,False,2026-02-15T17:10:07.411596,2026-02-15T17:10:07.411596
6b7a87f4-8b11-5c2b-a392-1cc63e3de097,6456efc5-e072-589a-a6e3-5f126fdee512,2,5,3000,15000,,False,2026-02-15T17:10:07.411596,2026-02-15T17:10:07.411596
f06d5c05-4cb2-55c1-8a21-c2ab5bb6ebc2,6456efc5-e072-589a-a6e3-5f126fdee512,15,1,3000,3000,,False,2026-02-15T17:10:07.411596,2026-02-15T17:10:07.411596
a87897cc-b398-5e88-933c-cd64ae9fc91c,6d1c70f6-9025-55db-bd8f-f31062db511e,8,6,3000,18000,,False,2026-02-15T17:10:07.411596,2026-02-15T17:10:07.411596
855570c6-07c5-5a0f-a20d-2a2592e69ae8,6d1c70f6-9025-55db-bd8f-f31062db511e,39,2,2500,5000,,False,2026-02-15T17:10:07.411596,2026-02-15T17:10:07.411596
4f62b44d-0af8-5f85-9aa7-1a5275ff330a,6d1c70f6-9025-55db-bd8f-f31062db511e,1,20,1200,24000,,False,2026-02-15T17:10:07.411596,2026-02-15T17:10:07.411596
b8a168d7-fdc2-5b0f-9103-593f4a63f299,6d1c70f6-9025-55db-bd8f-f31062db511e,2,12,3000,36000,,False,2026-02-15T17:10:07.411596,2026-02-15T17:10:07.411596
199e6674-ab12-5c00-b31c-574637a6f61a,6d1c70f6-9025-55db-bd8f-f31062db511e,38,2,2500,5000,,False,2026-02-15T17:10:07.411596,2026-02-15T17:10:07.411596
13cdb5d0-879a-504b-b94c-88820505353f,72dab559-01ae-5cc2-8b1b-672ea604832e,6,2,5000,10000,,False,2026-02-15T17:10:07.411596,2026-02-15T17:10:07.411596
b0fd29ab-c241-5933-9a37-cc8deb1028d7,72dab559-01ae-5cc2-8b1b-672ea604832e,7,6,3000,18000,,False,2026-02-15T17:10:07.411596,2026-02-15T17:10:07.411596
10a160d2-1f83-5716-b878-0e74896f79b2,72dab559-01ae-5cc2-8b1b-672ea604832e,11,2,3000,6000,,False,2026-02-15T17:10:07.411596,2026-02-15T17:10:07.411596
dd2337b0-6e25-578e-9ccd-d421cb98d9a5,72dab559-01ae-5cc2-8b1b-672ea604832e,39,2,2500,5000,,False,2026-02-15T17:10:07.411596,2026-02-15T17:10:07.411596
80b9be46-4ab6-5c5c-813e-44b5b8beef38,72dab559-01ae-5cc2-8b1b-672ea604832e,4,3,3000,9000,,False,2026-02-15T17:10:07.411596,2026-02-15T17:10:07.411596
e438d42c-5649-512e-b7cc-117fae1e1cbb,72dab559-01ae-5cc2-8b1b-672ea604832e,1,12,1200,14400,,False,2026-02-15T17:10:07.411596,2026-02-15T17:10:07.411596
9163d462-85a5-5753-8606-f69bfa4ce7f2,72dab559-01ae-5cc2-8b1b-672ea604832e,8,12,3000,36000,,False,2026-02-15T17:10:07.411596,2026-02-15T17:10:07.411596
cbe38d3b-6a04-5335-985e-99925b488a6a,72dab559-01ae-5cc2-8b1b-672ea604832e,2,3,3000,9000,,False,2026-02-15T17:10:07.411596,2026-02-15T17:10:07.411596
d29aecd6-517d-57cf-8269-ceb505089b4c,a9cb13a1-b094-5ece-a789-a89464386230,39,1,2500,2500,,False,2026-02-15T17:10:07.411596,2026-02-15T17:10:07.411596
7246849b-e8ab-5df1-a621-513feab3a1d6,a9cb13a1-b094-5ece-a789-a89464386230,1,5,1200,6000,,False,2026-02-15T17:10:07.411596,2026-02-15T17:10:07.411596
6e754db3-9895-503c-853f-36d9626b6100,a9cb13a1-b094-5ece-a789-a89464386230,14,1,5000,5000,,False,2026-02-15T17:10:07.411596,2026-02-15T17:10:07.411596
1ef7b368-e0d9-51a0-ac77-a060bb06b34b,a9cb13a1-b094-5ece-a789-a89464386230,2,2,3000,6000,,False,2026-02-15T17:10:07.411596,2026-02-15T17:10:07.411596
eb215536-d302-5ddb-965d-8a97eb6007b6,a9cb13a1-b094-5ece-a789-a89464386230,6,1,5000,5000,,False,2026-02-15T17:10:07.411596,2026-02-15T17:10:07.411596
3e355896-17b0-51d0-ba5b-e4ae79538918,a9cb13a1-b094-5ece-a789-a89464386230,8,10,3000,30000,,False,2026-02-15T17:10:07.411596,2026-02-15T17:10:07.411596
80abfb91-3b99-5838-954d-616bc86635bb,a9cb13a1-b094-5ece-a789-a89464386230,3,5,3000,15000,,False,2026-02-15T17:10:07.411596,2026-02-15T17:10:07.411596
d9cc73ad-0de4-5478-8af6-63114122b0e4,a9cb13a1-b094-5ece-a789-a89464386230,38,1,2500,2500,,False,2026-02-15T17:10:07.411596,2026-02-15T17:10:07.411596
038dd841-38c0-5292-b29c-b1bce76bff9c,f310ac53-f825-57fe-bc68-d3749c1fd904,15,1,3000,3000,,False,2026-02-15T17:10:07.411596,2026-02-15T17:10:07.411596
36e11d21-2c07-53b1-914e-e19e47d65acc,f310ac53-f825-57fe-bc68-d3749c1fd904,4,3,3000,9000,,False,2026-02-15T17:10:07.411596,2026-02-15T17:10:07.411596
65af45c8-e162-5220-90f8-0b5d8ab8f5d8,f310ac53-f825-57fe-bc68-d3749c1fd904,8,5,3000,15000,,False,2026-02-15T17:10:07.411596,2026-02-15T17:10:07.411596
c0e5184a-bc3e-5802-88f9-719ce880399c,f310ac53-f825-57fe-bc68-d3749c1fd904,11,1,3000,3000,,False,2026-02-15T17:10:07.411596,2026-02-15T17:10:07.411596
11656607-9131-5f37-9723-bf7c408e8505,f310ac53-f825-57fe-bc68-d3749c1fd904,38,2,2500,5000,,False,2026-02-15T17:10:07.411596,2026-02-15T17:10:07.411596
7e544360-a1cf-5e57-97c4-28d575ef7f36,f310ac53-f825-57fe-bc68-d3749c1fd904,3,2,3000,6000,,False,2026-02-15T17:10:07.411596,2026-02-15T17:10:07.411596
8be28c54-2e14-54fe-9e4d-920b6d33ed8b,f310ac53-f825-57fe-bc68-d3749c1fd904,7,5,3000,15000,,False,2026-02-15T17:10:07.411596,2026-02-15T17:10:07.411596
718124f0-6d97-5692-a466-abddad320892,f310ac53-f825-57fe-bc68-d3749c1fd904,1,11,1200,13200,,False,2026-02-15T17:10:07.411596,2026-02-15T17:10:07.411596
3fd5d690-1910-5fbc-bcc5-91c08089d2a4,f310ac53-f825-57fe-bc68-d3749c1fd904,14,3,5000,15000,,False,2026-02-15T17:10:07.411596,2026-02-15T17:10:07.411596
d99a4f41-1b53-539a-bce6-275b45a4a4ce,f310ac53-f825-57fe-bc68-d3749c1fd904,2,4,3000,12000,,False,2026-02-15T17:10:07.411596,2026-02-15T17:10:07.411596
50d5139d-e9bf-5aff-8b48-1510af11601f,f310ac53-f825-57fe-bc68-d3749c1fd904,39,2,2500,5000,,False,2026-02-15T17:10:07.411596,2026-02-15T17:10:07.411596
de7cc928-1884-502d-a3a2-71fae30c3cc5,8213bd5c-a206-5a04-a17b-31e2573d132a,1,18,1200,21600,,False,2026-02-15T17:10:07.411596,2026-02-15T17:10:07.411596
36cd7a12-a156-56f6-9f95-532425afffe8,8213bd5c-a206-5a04-a17b-31e2573d132a,8,6,3000,18000,,False,2026-02-15T17:10:07.411596,2026-02-15T17:10:07.411596
40bee4ab-7b1b-5977-8514-da5eb233a076,8213bd5c-a206-5a04-a17b-31e2573d132a,16,1,3000,3000,,False,2026-02-15T17:10:07.411596,2026-02-15T17:10:07.411596
3a727acd-6f63-5d75-9525-9c2c60b4fc6b,73e7cdcb-7d23-5ca0-a1b5-96126935b38c,29,110,50,5500,,False,2026-02-15T17:10:07.411596,2026-02-15T17:10:07.411596
b93d12b4-6d81-5815-bafb-a83a3290832b,73e7cdcb-7d23-5ca0-a1b5-96126935b38c,36,20,10,200,,False,2026-02-15T17:10:07.411596,2026-02-15T17:10:07.411596
dc4cc7a6-fa0f-5c2b-a1b3-145f37bafb07,73e7cdcb-7d23-5ca0-a1b5-96126935b38c,7,12,3000,36000,,False,2026-02-15T17:10:07.411596,2026-02-15T17:10:07.411596
5a3c0ac5-4726-5987-9143-4ae641a08148,73e7cdcb-7d23-5ca0-a1b5-96126935b38c,2,18,3000,54000,,False,2026-02-15T17:10:07.411596,2026-02-15T17:10:07.411596
83439d8d-0091-5018-b654-2de41d61a5b7,73e7cdcb-7d23-5ca0-a1b5-96126935b38c,10,6,3000,18000,,False,2026-02-15T17:10:07.411596,2026-02-15T17:10:07.411596
86868ac1-63b5-53be-a059-c692694ca91f,73e7cdcb-7d23-5ca0-a1b5-96126935b38c,9,6,3000,18000,,False,2026-02-15T17:10:07.411596,2026-02-15T17:10:07.411596
2d21694f-ea13-50f7-92b7-a537f22fbf42,73e7cdcb-7d23-5ca0-a1b5-96126935b38c,5,6,3500,21000,,False,2026-02-15T17:10:07.411596,2026-02-15T17:10:07.411596
b693f76c-430c-5944-946d-842bf51f0ba8,73e7cdcb-7d23-5ca0-a1b5-96126935b38c,39,18,2500,45000,,False,2026-02-15T17:10:07.411596,2026-02-15T17:10:07.411596
63437b61-507a-52f1-91bd-069a33e46b22,73e7cdcb-7d23-5ca0-a1b5-96126935b38c,28,160,100,16000,,False,2026-02-15T17:10:07.411596,2026-02-15T17:10:07.411596
83292ee3-9042-5948-9bfd-afbdea1ac21d,73e7cdcb-7d23-5ca0-a1b5-96126935b38c,11,6,3000,18000,,False,2026-02-15T17:10:07.411596,2026-02-15T17:10:07.411596
df82fe88-6f9e-5f5c-9620-c3acbaf78c32,73e7cdcb-7d23-5ca0-a1b5-96126935b38c,38,18,2500,45000,,False,2026-02-15T17:10:07.411596,2026-02-15T17:10:07.411596
297a8abb-67d8-5408-ba0a-84ca04e8855b,73e7cdcb-7d23-5ca0-a1b5-96126935b38c,32,10,100,1000,,False,2026-02-15T17:10:07.411596,2026-02-15T17:10:07.411596
441c1f45-ed92-5414-ad45-eb9803910e23,73e7cdcb-7d23-5ca0-a1b5-96126935b38c,14,6,5000,30000,,False,2026-02-15T17:10:07.411596,2026-02-15T17:10:07.411596
f3f51ed3-ecbb-560b-91c4-682244bd454f,73e7cdcb-7d23-5ca0-a1b5-96126935b38c,1,60,1200,72000,,False,2026-02-15T17:10:07.411596,2026-02-15T17:10:07.411596
1c2dcc97-1994-5eb3-afc6-ce6a88f2e1ef,73e7cdcb-7d23-5ca0-a1b5-96126935b38c,33,10,100,1000,,False,2026-02-15T17:10:07.411596,2026-02-15T17:10:07.411596
7cbc3d14-c0c9-5655-b1f9-d41be7206872,73e7cdcb-7d23-5ca0-a1b5-96126935b38c,8,90,3000,270000,,False,2026-02-15T17:10:07.411596,2026-02-15T17:10:07.411596
1d15a3bf-ca94-571a-9c9d-613ed0e21e0c,73e7cdcb-7d23-5ca0-a1b5-96126935b38c,31,20,50,1000,,False,2026-02-15T17:10:07.411596,2026-02-15T17:10:07.411596
a53c5b27-8bdc-58ad-a953-3a599cd015c9,73e7cdcb-7d23-5ca0-a1b5-96126935b38c,17,3,3000,9000,,False,2026-02-15T17:10:07.411596,2026-02-15T17:10:07.411596
c74f1d70-da95-571b-92fa-0689868ef12d,73e7cdcb-7d23-5ca0-a1b5-96126935b38c,34,10,100,1000,,False,2026-02-15T17:10:07.411596,2026-02-15T17:10:07.411596
a03c5d16-2b69-5553-a321-f6a5303203f8,73e7cdcb-7d23-5ca0-a1b5-96126935b38c,6,4,5000,20000,,False,2026-02-15T17:10:07.411596,2026-02-15T17:10:07.411596
5f6eb1e9-cb08-5580-8c51-33890d84a173,73e7cdcb-7d23-5ca0-a1b5-96126935b38c,4,30,3000,90000,,False,2026-02-15T17:10:07.411596,2026-02-15T17:10:07.411596
ca146f35-f9a1-5635-b9a0-9161fa21b5eb,73e7cdcb-7d23-5ca0-a1b5-96126935b38c,3,18,3000,54000,,False,2026-02-15T17:10:07.411596,2026-02-15T17:10:07.411596
b123bdaf-1905-58c7-b799-927c17fcd70f,b54bee2f-5ef5-54b2-acb2-b61158d2cbfc,2,13,3000,39000,,False,2026-02-15T17:10:07.411596,2026-02-15T17:10:07.411596
9aed77ef-f658-51cf-b241-9b0551ba4e4c,b54bee2f-5ef5-54b2-acb2-b61158d2cbfc,38,6,2500,15000,,False,2026-02-15T17:10:07.411596,2026-02-15T17:10:07.411596
63540d34-134b-524f-9260-4b15367945a7,b54bee2f-5ef5-54b2-acb2-b61158d2cbfc,1,67,1200,80400,,False,2026-02-15T17:10:07.411596,2026-02-15T17:10:07.411596
eda8dfb9-84af-5f24-833e-45a09b2e5c73,b54bee2f-5ef5-54b2-acb2-b61158d2cbfc,39,12,2500,30000,,False,2026-02-15T17:10:07.411596,2026-02-15T17:10:07.411596
3dd8afe8-e850-522a-bbce-4eca741350c2,b54bee2f-5ef5-54b2-acb2-b61158d2cbfc,14,6,5000,30000,,False,2026-02-15T17:10:07.411596,2026-02-15T17:10:07.411596
fa73e46d-2071-5411-b977-8ae9c050eb1d,b54bee2f-5ef5-54b2-acb2-b61158d2cbfc,7,8,3000,24000,,False,2026-02-15T17:10:07.411596,2026-02-15T17:10:07.411596
18afde0d-e8c7-5df8-a9f5-7a325806e6af,b54bee2f-5ef5-54b2-acb2-b61158d2cbfc,3,13,3000,39000,,False,2026-02-15T17:10:07.411596,2026-02-15T17:10:07.411596
9f99070d-d0f3-59bc-9b82-e98587c8d128,b54bee2f-5ef5-54b2-acb2-b61158d2cbfc,10,1,3000,3000,,False,2026-02-15T17:10:07.411596,2026-02-15T17:10:07.411596
233069d6-b959-5ae2-8305-4a3d8e830750,b54bee2f-5ef5-54b2-acb2-b61158d2cbfc,4,18,3000,54000,,False,2026-02-15T17:10:07.411596,2026-02-15T17:10:07.411596
d4566fef-dbe8-5a36-8244-c47b35517b2c,b54bee2f-5ef5-54b2-acb2-b61158d2cbfc,15,7,3000,21000,,False,2026-02-15T17:10:07.411596,2026-02-15T17:10:07.411596
87315e74-32a5-5909-8eaf-ecf5dd21e630,b54bee2f-5ef5-54b2-acb2-b61158d2cbfc,8,38,3000,114000,,False,2026-02-15T17:10:07.411596,2026-02-15T17:10:07.411596
b2061410-0046-54db-97ba-7f309fa1aa83,b54bee2f-5ef5-54b2-acb2-b61158d2cbfc,6,1,5000,5000,,False,2026-02-15T17:10:07.411596,2026-02-15T17:10:07.411596
b67c8006-b9be-53f0-b2b5-a8a41d33672a,9926b4f9-374c-5357-b93c-88dd9ca16b99,11,2,3000,6000,,False,2026-02-15T17:10:07.411596,2026-02-15T17:10:07.411596
fb941544-be2a-5ccb-8091-50370a3518dd,9926b4f9-374c-5357-b93c-88dd9ca16b99,38,1,2500,2500,,False,2026-02-15T17:10:07.423127,2026-02-15T17:10:07.423127
1c64182c-e55c-5dc8-80ca-1901feb96e81,9926b4f9-374c-5357-b93c-88dd9ca16b99,3,3,3000,9000,,False,2026-02-15T17:10:07.423127,2026-02-15T17:10:07.423127
88d9d4d6-45fa-59c9-8450-2af8a07ab1f6,9926b4f9-374c-5357-b93c-88dd9ca16b99,39,1,2500,2500,,False,2026-02-15T17:10:07.423127,2026-02-15T17:10:07.423127
2450287b-554d-57f6-82f7-2efd566a14cb,9926b4f9-374c-5357-b93c-88dd9ca16b99,1,3,1200,3600,,False,2026-02-15T17:10:07.423127,2026-02-15T17:10:07.423127
764bc308-da14-5512-ace1-24b914b01c97,9926b4f9-374c-5357-b93c-88dd9ca16b99,8,2,3000,6000,,False,2026-02-15T17:10:07.423127,2026-02-15T17:10:07.423127
7cdd0046-e39b-5ab6-9c49-5a79bb9e6fbc,2f962ce2-a0d9-5bd5-a180-c66edcc54793,38,1,2500,2500,,False,2026-02-15T17:10:07.423127,2026-02-15T17:10:07.423127
a1e8e8b8-0133-5d9b-8baf-ae6506a89046,2f962ce2-a0d9-5bd5-a180-c66edcc54793,1,12,1200,14400,,False,2026-02-15T17:10:07.423127,2026-02-15T17:10:07.423127
a75a2bd8-e771-5de2-97b9-4bc17803faa8,2f962ce2-a0d9-5bd5-a180-c66edcc54793,8,6,3000,18000,,False,2026-02-15T17:10:07.423127,2026-02-15T17:10:07.423127
cdf7ee09-9519-5707-8489-2685e8141a0c,2f962ce2-a0d9-5bd5-a180-c66edcc54793,39,3,2500,7500,,False,2026-02-15T17:10:07.423127,2026-02-15T17:10:07.423127
bd87a1d0-e2b1-5269-9106-0400c92730fd,4b783a13-aa66-5746-9bef-d9e99e0bb815,4,6,3000,18000,,False,2026-02-15T17:10:07.423127,2026-02-15T17:10:07.423127
098cb3a8-6b90-5e3d-a048-4a9541926eaa,4b783a13-aa66-5746-9bef-d9e99e0bb815,38,2,2500,5000,,False,2026-02-15T17:10:07.423127,2026-02-15T17:10:07.423127
7f4f68b8-86d6-5824-8a43-aee62b23fcd5,4b783a13-aa66-5746-9bef-d9e99e0bb815,1,18,1200,21600,,False,2026-02-15T17:10:07.423127,2026-02-15T17:10:07.423127
15f19129-9e7a-5fec-8ab8-f675b57d852c,4b783a13-aa66-5746-9bef-d9e99e0bb815,3,6,3000,18000,,False,2026-02-15T17:10:07.423127,2026-02-15T17:10:07.423127
d822e677-9f30-57f5-80ac-9e24b30e0cae,4b783a13-aa66-5746-9bef-d9e99e0bb815,8,8,3000,24000,,False,2026-02-15T17:10:07.423127,2026-02-15T17:10:07.423127
0818d4de-397a-5ed9-8af7-bd9fe2fda9e6,4b783a13-aa66-5746-9bef-d9e99e0bb815,14,3,5000,15000,,False,2026-02-15T17:10:07.423127,2026-02-15T17:10:07.423127
1bd41218-6ba3-55de-be34-16428c5411dd,4b783a13-aa66-5746-9bef-d9e99e0bb815,7,2,3000,6000,,False,2026-02-15T17:10:07.423127,2026-02-15T17:10:07.423127
d8869c76-c1d9-5985-8cef-439da868b6ce,4b783a13-aa66-5746-9bef-d9e99e0bb815,2,2,3000,6000,,False,2026-02-15T17:10:07.423127,2026-02-15T17:10:07.423127
0ab9ebf9-bc5d-5f11-85ca-5aa2edbd72e1,4b783a13-aa66-5746-9bef-d9e99e0bb815,39,2,2500,5000,,False,2026-02-15T17:10:07.423127,2026-02-15T17:10:07.423127
46d1f167-4fa3-5809-99a0-8a476f41b0a0,4b783a13-aa66-5746-9bef-d9e99e0bb815,11,2,3000,6000,,False,2026-02-15T17:10:07.423127,2026-02-15T17:10:07.423127
b637dac4-acca-5e00-a4f6-bff4722dad70,1cec19dc-acec-5f4d-8be4-ba55a5585f9b,10,1,3000,3000,,False,2026-02-15T17:10:07.423127,2026-02-15T17:10:07.423127
f314a7b8-ce4d-5ad7-ab91-a57a80c077bd,1cec19dc-acec-5f4d-8be4-ba55a5585f9b,14,1,5000,5000,,False,2026-02-15T17:10:07.423127,2026-02-15T17:10:07.423127
2001f1e7-68d0-57db-a09a-2c882039838d,1cec19dc-acec-5f4d-8be4-ba55a5585f9b,15,2,3000,6000,,False,2026-02-15T17:10:07.423127,2026-02-15T17:10:07.423127
8a3c53f9-839d-5245-889f-29a2c9a146d2,1cec19dc-acec-5f4d-8be4-ba55a5585f9b,3,2,3000,6000,,False,2026-02-15T17:10:07.423127,2026-02-15T17:10:07.423127
177232b5-2218-578e-af17-f09016da6d6b,1cec19dc-acec-5f4d-8be4-ba55a5585f9b,8,4,3000,12000,,False,2026-02-15T17:10:07.423127,2026-02-15T17:10:07.423127
ab3b9631-2fe2-5247-98da-13b802414c60,1cec19dc-acec-5f4d-8be4-ba55a5585f9b,1,6,1200,7200,,False,2026-02-15T17:10:07.423127,2026-02-15T17:10:07.423127
229ea18a-1371-5014-b2ac-d082255fa84f,1cec19dc-acec-5f4d-8be4-ba55a5585f9b,2,2,3000,6000,,False,2026-02-15T17:10:07.424148,2026-02-15T17:10:07.424148
fb71ed8b-650a-5aa9-b7be-881b3e111f94,2ee39a5f-ee84-5179-a1fb-9f91c9430719,4,1,3000,3000,,False,2026-02-15T17:10:07.424148,2026-02-15T17:10:07.424148
3a896e75-e118-583b-b426-c143e033c8c7,2ee39a5f-ee84-5179-a1fb-9f91c9430719,8,5,3000,15000,,False,2026-02-15T17:10:07.424148,2026-02-15T17:10:07.424148
6404c094-a61a-5047-9571-df1dd15802ca,2ee39a5f-ee84-5179-a1fb-9f91c9430719,38,3,2500,7500,,False,2026-02-15T17:10:07.424148,2026-02-15T17:10:07.424148
6f51ea0e-9b62-5db7-bd31-0313ebc578a0,2ee39a5f-ee84-5179-a1fb-9f91c9430719,3,2,3000,6000,,False,2026-02-15T17:10:07.424148,2026-02-15T17:10:07.424148
4882076c-4017-5a3a-ac86-d2b9bb1a87cf,2ee39a5f-ee84-5179-a1fb-9f91c9430719,39,3,2500,7500,,False,2026-02-15T17:10:07.424148,2026-02-15T17:10:07.424148
8e8ed844-4b9b-5189-88f8-42509e888461,2ee39a5f-ee84-5179-a1fb-9f91c9430719,14,1,5000,5000,,False,2026-02-15T17:10:07.424148,2026-02-15T17:10:07.424148
24f4a36d-2f81-5475-9271-912f11265b52,bb4e916d-bfa1-5f73-b0d4-14ddaf09974f,3,12,3000,36000,,False,2026-02-15T17:10:07.424148,2026-02-15T17:10:07.424148
eaa8d244-943e-5b07-86b2-c05737568765,bb4e916d-bfa1-5f73-b0d4-14ddaf09974f,15,2,3000,6000,,False,2026-02-15T17:10:07.424148,2026-02-15T17:10:07.424148
3f7b30d6-f8b8-5c25-bec4-f19a8951968a,bb4e916d-bfa1-5f73-b0d4-14ddaf09974f,7,6,3000,18000,,False,2026-02-15T17:10:07.424148,2026-02-15T17:10:07.424148
989e995b-f396-5ac5-8b27-cb95e4bedb77,bb4e916d-bfa1-5f73-b0d4-14ddaf09974f,38,1,2500,2500,,False,2026-02-15T17:10:07.424148,2026-02-15T17:10:07.424148
7091b566-f7dd-57ca-92c3-bad9a0f729f5,bb4e916d-bfa1-5f73-b0d4-14ddaf09974f,2,6,3000,18000,,False,2026-02-15T17:10:07.424148,2026-02-15T17:10:07.424148
ec8e632c-37e3-5416-b208-fc79d68ecce2,bb4e916d-bfa1-5f73-b0d4-14ddaf09974f,8,24,3000,72000,,False,2026-02-15T17:10:07.424148,2026-02-15T17:10:07.424148
7f192a1a-8ad2-5b67-a14e-3a002ab011b4,bb4e916d-bfa1-5f73-b0d4-14ddaf09974f,1,27,1200,32400,,False,2026-02-15T17:10:07.424148,2026-02-15T17:10:07.424148
33e2d0a8-706c-5fa2-bb8f-6f2bc3e12f35,bb4e916d-bfa1-5f73-b0d4-14ddaf09974f,14,3,5000,15000,,False,2026-02-15T17:10:07.424148,2026-02-15T17:10:07.424148
4275430e-7e7d-5c2c-92d5-f7e231a9b6f3,bb4e916d-bfa1-5f73-b0d4-14ddaf09974f,9,1,3000,3000,,False,2026-02-15T17:10:07.424148,2026-02-15T17:10:07.424148
ce01269a-20c7-513d-aeea-170637cd64f9,bb4e916d-bfa1-5f73-b0d4-14ddaf09974f,39,2,2500,5000,,False,2026-02-15T17:10:07.424148,2026-02-15T17:10:07.424148
ab04445a-0a7e-56b2-b037-3d4d2346ab65,bb4e916d-bfa1-5f73-b0d4-14ddaf09974f,4,6,3000,18000,,False,2026-02-15T17:10:07.424148,2026-02-15T17:10:07.424148
891c6351-734d-55a8-b4a0-55edea0f225a,6fdffc6b-e535-5eb4-87b4-9e86a4d7dd9c,4,8,3000,24000,,False,2026-02-15T17:10:07.424148,2026-02-15T17:10:07.424148
7633e13b-2692-533d-9f8d-990e5c8816b2,6fdffc6b-e535-5eb4-87b4-9e86a4d7dd9c,6,1,5000,5000,,False,2026-02-15T17:10:07.424148,2026-02-15T17:10:07.424148
a802b4af-1524-5809-9a55-22240ebd5a05,6fdffc6b-e535-5eb4-87b4-9e86a4d7dd9c,8,24,3000,72000,,False,2026-02-15T17:10:07.424148,2026-02-15T17:10:07.424148
85b2de6a-79d0-5273-9712-4261010938c5,6fdffc6b-e535-5eb4-87b4-9e86a4d7dd9c,7,10,3000,30000,,False,2026-02-15T17:10:07.424148,2026-02-15T17:10:07.424148
dc46f8e1-069c-56a8-bded-b4644a121bde,6fdffc6b-e535-5eb4-87b4-9e86a4d7dd9c,5,3,3500,10500,,False,2026-02-15T17:10:07.424148,2026-02-15T17:10:07.424148
8a51fb47-8003-538c-ae40-cd02df2ed788,6fdffc6b-e535-5eb4-87b4-9e86a4d7dd9c,2,9,3000,27000,,False,2026-02-15T17:10:07.424148,2026-02-15T17:10:07.424148
dd1c7b7d-6c9f-59ae-9741-78bdb97acdb5,6fdffc6b-e535-5eb4-87b4-9e86a4d7dd9c,15,2,3000,6000,,False,2026-02-15T17:10:07.424148,2026-02-15T17:10:07.424148
a98c7c43-080f-5208-af80-27c8e341d97f,6fdffc6b-e535-5eb4-87b4-9e86a4d7dd9c,17,1,3000,3000,,False,2026-02-15T17:10:07.424148,2026-02-15T17:10:07.424148
2153e637-3fa6-5e00-a672-aae4a53585f9,6fdffc6b-e535-5eb4-87b4-9e86a4d7dd9c,1,21,1200,25200,,False,2026-02-15T17:10:07.424148,2026-02-15T17:10:07.424148
171b8c49-317f-5df5-9f2b-0ad5910a95b9,6fdffc6b-e535-5eb4-87b4-9e86a4d7dd9c,10,2,3000,6000,,False,2026-02-15T17:10:07.424148,2026-02-15T17:10:07.424148
83746105-bed8-5cc1-8eb4-edb83d057a82,6fdffc6b-e535-5eb4-87b4-9e86a4d7dd9c,11,2,3000,6000,,False,2026-02-15T17:10:07.424148,2026-02-15T17:10:07.424148
555933ee-87f9-58ec-aa66-bb791ebf87d4,6fdffc6b-e535-5eb4-87b4-9e86a4d7dd9c,39,3,2500,7500,,False,2026-02-15T17:10:07.424148,2026-02-15T17:10:07.424148
ae68da5e-d015-561d-b106-47f0a8735c69,6fdffc6b-e535-5eb4-87b4-9e86a4d7dd9c,3,6,3000,18000,,False,2026-02-15T17:10:07.424148,2026-02-15T17:10:07.424148
23eb2c58-6623-5c6f-96c4-dd4975e53341,6fdffc6b-e535-5eb4-87b4-9e86a4d7dd9c,38,4,2500,10000,,False,2026-02-15T17:10:07.424148,2026-02-15T17:10:07.424148
16b2ee7e-6d03-5394-9faa-702c3981ab4c,9d6954d6-8edf-5ce9-bcc6-c509df0f1687,3,1,3000,3000,,False,2026-02-15T17:10:07.424148,2026-02-15T17:10:07.424148
c74ea542-499e-5f8f-9acb-ce578314842d,9d6954d6-8edf-5ce9-bcc6-c509df0f1687,4,3,3000,9000,,False,2026-02-15T17:10:07.424148,2026-02-15T17:10:07.424148
d2374b7f-502f-5d2d-8201-86ac38f90f0a,9d6954d6-8edf-5ce9-bcc6-c509df0f1687,8,5,3000,15000,,False,2026-02-15T17:10:07.424148,2026-02-15T17:10:07.424148
c072eb04-57c4-5448-ac6c-a9376487cb03,9d6954d6-8edf-5ce9-bcc6-c509df0f1687,10,2,3000,6000,,False,2026-02-15T17:10:07.424148,2026-02-15T17:10:07.424148
2c7665de-9ffd-5b55-90d6-90ed8cd5baea,9d6954d6-8edf-5ce9-bcc6-c509df0f1687,7,2,3000,6000,,False,2026-02-15T17:10:07.424148,2026-02-15T17:10:07.424148
ffcd5cc6-c795-5096-bb1b-4205ccf99d61,9d6954d6-8edf-5ce9-bcc6-c509df0f1687,1,5,1200,6000,,False,2026-02-15T17:10:07.424148,2026-02-15T17:10:07.424148
96571bfe-4a1e-5bca-9c9a-9c503b9efebb,9d6954d6-8edf-5ce9-bcc6-c509df0f1687,11,2,3000,6000,,False,2026-02-15T17:10:07.424148,2026-02-15T17:10:07.424148
f0102f72-0d4a-51b3-94ed-7fce4c7f6b48,9d6954d6-8edf-5ce9-bcc6-c509df0f1687,2,1,3000,3000,,False,2026-02-15T17:10:07.424148,2026-02-15T17:10:07.424148
fef125d8-170b-5c16-acc2-92239eeca1ad,9d467b91-42df-53cd-81d1-7db0adb7da84,1,1,1200,1200,,False,2026-02-15T17:10:07.424148,2026-02-15T17:10:07.424148
ce5a9189-d019-50ed-97e9-6511420ebcec,9d467b91-42df-53cd-81d1-7db0adb7da84,8,18,3000,54000,,False,2026-02-15T17:10:07.424148,2026-02-15T17:10:07.424148
9f66642c-8db0-552a-ae09-a594b2c8ae7c,9d467b91-42df-53cd-81d1-7db0adb7da84,38,2,2500,5000,,False,2026-02-15T17:10:07.424148,2026-02-15T17:10:07.424148
4fbb2bda-6f4f-5ccf-be5f-95dc0e4c88b3,9d467b91-42df-53cd-81d1-7db0adb7da84,7,2,3000,6000,,False,2026-02-15T17:10:07.424148,2026-02-15T17:10:07.424148
965b7096-c5af-512e-9990-84c6a7a27817,9d467b91-42df-53cd-81d1-7db0adb7da84,6,1,5000,5000,,False,2026-02-15T17:10:07.424148,2026-02-15T17:10:07.424148
fce6075f-3fd2-59dc-aadf-3515f391c261,7a13f6e2-c0f3-525a-8ce1-b67463fa8974,8,4,3000,12000,,False,2026-02-15T17:10:07.424148,2026-02-15T17:10:07.424148
52f4225c-12a5-50eb-a39c-7699fbe0fef1,7a13f6e2-c0f3-525a-8ce1-b67463fa8974,7,1,3000,3000,,False,2026-02-15T17:10:07.424148,2026-02-15T17:10:07.424148
912f646b-4150-52d1-852c-e55e7ba24f81,7a13f6e2-c0f3-525a-8ce1-b67463fa8974,15,1,3000,3000,,False,2026-02-15T17:10:07.424148,2026-02-15T17:10:07.424148
fd7c6fd2-c4f2-5e5a-8ead-675d8ad00131,7a13f6e2-c0f3-525a-8ce1-b67463fa8974,17,2,3000,6000,,False,2026-02-15T17:10:07.424148,2026-02-15T17:10:07.424148
fa17befe-c057-5af0-b233-5acfca8fd29f,7a13f6e2-c0f3-525a-8ce1-b67463fa8974,3,1,3000,3000,,False,2026-02-15T17:10:07.424148,2026-02-15T17:10:07.424148
b4a7b9de-0730-5059-a07f-cf25031e0523,7a13f6e2-c0f3-525a-8ce1-b67463fa8974,39,1,2500,2500,,False,2026-02-15T17:10:07.424148,2026-02-15T17:10:07.424148
761ead34-84a2-5798-8c03-6ef3bb9f788d,7a13f6e2-c0f3-525a-8ce1-b67463fa8974,4,3,3000,9000,,False,2026-02-15T17:10:07.424148,2026-02-15T17:10:07.424148
0fc88f85-910c-52d3-915b-b3e4f6cb57de,7a13f6e2-c0f3-525a-8ce1-b67463fa8974,38,1,2500,2500,,False,2026-02-15T17:10:07.424148,2026-02-15T17:10:07.424148
fa41b666-d4ba-5469-914d-b4764ce8fed0,7a13f6e2-c0f3-525a-8ce1-b67463fa8974,1,9,1200,10800,,False,2026-02-15T17:10:07.424148,2026-02-15T17:10:07.424148
462a6359-fc73-53bc-a895-ac55723e63f0,7a13f6e2-c0f3-525a-8ce1-b67463fa8974,5,1,3500,3500,,False,2026-02-15T17:10:07.424148,2026-02-15T17:10:07.424148
cf02f550-90e8-5a28-925a-4cfc9566fff7,7c3fc403-dcfd-540e-bec6-2603bed9b63f,3,9,3000,27000,,False,2026-02-15T17:10:07.424148,2026-02-15T17:10:07.424148
d248b7e0-8d77-53a0-9b63-96c7e59f120b,7c3fc403-dcfd-540e-bec6-2603bed9b63f,11,9,3000,27000,,False,2026-02-15T17:10:07.424148,2026-02-15T17:10:07.424148
35d70c9b-0ad4-52fb-82f1-9143df119a91,7c3fc403-dcfd-540e-bec6-2603bed9b63f,14,1,5000,5000,,False,2026-02-15T17:10:07.424148,2026-02-15T17:10:07.424148
968d803b-beaa-5d9b-b93f-20dd4d519724,7c3fc403-dcfd-540e-bec6-2603bed9b63f,8,24,3000,72000,,False,2026-02-15T17:10:07.424148,2026-02-15T17:10:07.424148
fccff579-e0a3-5a41-90d3-634c451df20c,7c3fc403-dcfd-540e-bec6-2603bed9b63f,5,4,3500,14000,,False,2026-02-15T17:10:07.424148,2026-02-15T17:10:07.424148
9f4721dd-38ab-5da6-9e97-7a78a892fd88,7c3fc403-dcfd-540e-bec6-2603bed9b63f,39,5,2500,12500,,False,2026-02-15T17:10:07.424148,2026-02-15T17:10:07.424148
cd2e63f9-c756-507d-8eb9-33c26c35a614,7c3fc403-dcfd-540e-bec6-2603bed9b63f,7,12,3000,36000,,False,2026-02-15T17:10:07.424148,2026-02-15T17:10:07.424148
35d36390-2ad7-546c-a6e0-015cb4ce2ecf,7c3fc403-dcfd-540e-bec6-2603bed9b63f,1,36,1200,43200,,False,2026-02-15T17:10:07.424148,2026-02-15T17:10:07.424148
04072b92-fe1e-578e-9ef2-6c5f3a93c403,7c3fc403-dcfd-540e-bec6-2603bed9b63f,4,8,3000,24000,,False,2026-02-15T17:10:07.424148,2026-02-15T17:10:07.424148
6d345a66-3cc9-5c4b-98e0-7e4d2cc55aec,7c3fc403-dcfd-540e-bec6-2603bed9b63f,38,5,2500,12500,,False,2026-02-15T17:10:07.425310,2026-02-15T17:10:07.425310
e29c73fc-2d23-5bf1-9baa-1f5f16bb8dc8,7c3fc403-dcfd-540e-bec6-2603bed9b63f,2,17,3000,51000,,False,2026-02-15T17:10:07.425310,2026-02-15T17:10:07.425310
4127fc02-b704-51d0-8a16-76bbd1e7c0d8,806c29d8-07a7-5ce1-a3e0-90f2632e74c2,9,1,3000,3000,,False,2026-02-15T17:10:07.425310,2026-02-15T17:10:07.425310
b18c1e24-5089-57a7-a188-84e2c1e32dba,806c29d8-07a7-5ce1-a3e0-90f2632e74c2,7,4,3000,12000,,False,2026-02-15T17:10:07.425310,2026-02-15T17:10:07.425310
589e7c3f-a1b3-5121-aef3-860ee44f6009,806c29d8-07a7-5ce1-a3e0-90f2632e74c2,10,4,3000,12000,,False,2026-02-15T17:10:07.425310,2026-02-15T17:10:07.425310
dc0c558d-e4bd-5dba-b9a3-2789dcb7e0d6,806c29d8-07a7-5ce1-a3e0-90f2632e74c2,1,38,1200,45600,,False,2026-02-15T17:10:07.425310,2026-02-15T17:10:07.425310
7fb075d1-61e3-5aef-b948-93bff1fa4f5a,806c29d8-07a7-5ce1-a3e0-90f2632e74c2,14,2,5000,10000,,False,2026-02-15T17:10:07.425310,2026-02-15T17:10:07.425310
d9ae74fc-c51f-5b2b-9c01-21931ee07fc5,806c29d8-07a7-5ce1-a3e0-90f2632e74c2,38,2,2500,5000,,False,2026-02-15T17:10:07.425310,2026-02-15T17:10:07.425310
6113eeb9-fa5e-583f-9312-99ab90bc1a2b,806c29d8-07a7-5ce1-a3e0-90f2632e74c2,3,4,3000,12000,,False,2026-02-15T17:10:07.425310,2026-02-15T17:10:07.425310
81261c73-4bef-5f50-bc0c-dc9af3e57d88,806c29d8-07a7-5ce1-a3e0-90f2632e74c2,8,28,3000,84000,,False,2026-02-15T17:10:07.425310,2026-02-15T17:10:07.425310
056d9eaf-6323-5883-ba54-2c2603365046,806c29d8-07a7-5ce1-a3e0-90f2632e74c2,4,10,3000,30000,,False,2026-02-15T17:10:07.425310,2026-02-15T17:10:07.425310
cfdd7620-2213-5390-be7e-2c9dda601c77,806c29d8-07a7-5ce1-a3e0-90f2632e74c2,2,6,3000,18000,,False,2026-02-15T17:10:07.425310,2026-02-15T17:10:07.425310
18f47da1-2d1d-598e-994a-9bd064eafd0b,806c29d8-07a7-5ce1-a3e0-90f2632e74c2,6,1,5000,5000,,False,2026-02-15T17:10:07.425310,2026-02-15T17:10:07.425310
69d705c6-e5c2-5a7f-a1fc-521de1dcf495,806c29d8-07a7-5ce1-a3e0-90f2632e74c2,15,2,3000,6000,,False,2026-02-15T17:10:07.425310,2026-02-15T17:10:07.425310
415fb7fb-e6da-5d6f-88bf-06406e502ed8,806c29d8-07a7-5ce1-a3e0-90f2632e74c2,22,1,4500,4500,,False,2026-02-15T17:10:07.425310,2026-02-15T17:10:07.425310
888217f1-6895-58d3-bb16-b32ed073919e,806c29d8-07a7-5ce1-a3e0-90f2632e74c2,39,3,2500,7500,,False,2026-02-15T17:10:07.425310,2026-02-15T17:10:07.425310
525f3d44-ed7a-51cd-9097-713a78e400e6,a6bda78e-ea64-53a4-b7b2-f18b6fc5d0a3,8,12,3000,36000,,False,2026-02-15T17:10:07.425310,2026-02-15T17:10:07.425310
d1f70a5b-f512-5c63-a359-c38475943da2,a6bda78e-ea64-53a4-b7b2-f18b6fc5d0a3,7,3,3000,9000,,False,2026-02-15T17:10:07.425310,2026-02-15T17:10:07.425310
fdde675d-db22-54d5-958e-650db7af791b,a6bda78e-ea64-53a4-b7b2-f18b6fc5d0a3,1,12,1200,14400,,False,2026-02-15T17:10:07.425310,2026-02-15T17:10:07.425310
08229ebc-fbab-5d5b-bb3a-58e721c0aeb9,144d53ee-399b-5080-b4c5-e0ad740e3c1e,7,4,3000,12000,,False,2026-02-15T17:10:07.425310,2026-02-15T17:10:07.425310
cfb41e82-eb21-5f7c-ab15-db333ea864d6,144d53ee-399b-5080-b4c5-e0ad740e3c1e,11,1,3000,3000,,False,2026-02-15T17:10:07.425310,2026-02-15T17:10:07.425310
6ffe2dd4-d450-586d-9ade-2aa8cd5dc371,144d53ee-399b-5080-b4c5-e0ad740e3c1e,8,10,3000,30000,,False,2026-02-15T17:10:07.425310,2026-02-15T17:10:07.425310
5df6496c-20c0-5bdc-9b83-f1c5e291de44,144d53ee-399b-5080-b4c5-e0ad740e3c1e,14,1,5000,5000,,False,2026-02-15T17:10:07.425310,2026-02-15T17:10:07.425310
1ed8a4d0-5fb1-5400-baa1-6731685ababc,144d53ee-399b-5080-b4c5-e0ad740e3c1e,3,2,3000,6000,,False,2026-02-15T17:10:07.425310,2026-02-15T17:10:07.425310
e10f53d4-3318-5784-9311-40e1770e97cc,144d53ee-399b-5080-b4c5-e0ad740e3c1e,39,3,2500,7500,,False,2026-02-15T17:10:07.425310,2026-02-15T17:10:07.425310
4272d2d8-a48d-5168-a00f-b95c149cffb0,144d53ee-399b-5080-b4c5-e0ad740e3c1e,38,3,2500,7500,,False,2026-02-15T17:10:07.425310,2026-02-15T17:10:07.425310
13d77575-e7c7-55a8-b45a-1e861af47628,144d53ee-399b-5080-b4c5-e0ad740e3c1e,2,3,3000,9000,,False,2026-02-15T17:10:07.425310,2026-02-15T17:10:07.425310
c6805305-9ca4-5e26-9792-f4a6a20a1c1f,144d53ee-399b-5080-b4c5-e0ad740e3c1e,4,3,3000,9000,,False,2026-02-15T17:10:07.425310,2026-02-15T17:10:07.425310
4fdc9ea9-1074-55da-a0d8-ae36dd340bc1,144d53ee-399b-5080-b4c5-e0ad740e3c1e,1,18,1200,21600,,False,2026-02-15T17:10:07.425310,2026-02-15T17:10:07.425310
556dfa0f-d026-5412-9442-7ae457cf82a4,36fa4b35-5bf4-5a61-969c-943bb107ab73,39,2,2500,5000,,False,2026-02-15T17:10:07.425310,2026-02-15T17:10:07.425310
9ed76a72-c4a6-5d03-b042-b87cfc581262,36fa4b35-5bf4-5a61-969c-943bb107ab73,7,5,3000,15000,,False,2026-02-15T17:10:07.425310,2026-02-15T17:10:07.425310
cd9e6fd6-7019-5046-8434-bbdbbd036b13,36fa4b35-5bf4-5a61-969c-943bb107ab73,8,18,3000,54000,,False,2026-02-15T17:10:07.425310,2026-02-15T17:10:07.425310
c00533ff-2a6a-5f4e-918b-fb8068b5213d,36fa4b35-5bf4-5a61-969c-943bb107ab73,10,1,3000,3000,,False,2026-02-15T17:10:07.425310,2026-02-15T17:10:07.425310
89169ddc-6939-55cb-a1a3-10d23a36b2f7,36fa4b35-5bf4-5a61-969c-943bb107ab73,4,5,3000,15000,,False,2026-02-15T17:10:07.425310,2026-02-15T17:10:07.425310
3f4a799d-b38d-56f9-84a0-1039f065e4ff,36fa4b35-5bf4-5a61-969c-943bb107ab73,3,3,3000,9000,,False,2026-02-15T17:10:07.425310,2026-02-15T17:10:07.425310
cc7d295f-caae-56b5-aee4-66965c414ac8,36fa4b35-5bf4-5a61-969c-943bb107ab73,1,18,1200,21600,,False,2026-02-15T17:10:07.425310,2026-02-15T17:10:07.425310
9ae57f1c-d29d-59f3-b5c0-defc67e52959,36fa4b35-5bf4-5a61-969c-943bb107ab73,2,6,3000,18000,,False,2026-02-15T17:10:07.425310,2026-02-15T17:10:07.425310
93b25275-6700-5c67-9417-71e21dd1bd04,36fa4b35-5bf4-5a61-969c-943bb107ab73,11,3,3000,9000,,False,2026-02-15T17:10:07.425310,2026-02-15T17:10:07.425310
133e4ea7-ed47-515e-b773-c7dfdad4fecd,c1320e0f-b8be-5d77-8675-7c4c5221aa7f,11,3,3000,9000,,False,2026-02-15T17:10:07.425310,2026-02-15T17:10:07.425310
e5775dd9-d0c7-5dc6-8110-16920122c1dd,c1320e0f-b8be-5d77-8675-7c4c5221aa7f,38,1,2500,2500,,False,2026-02-15T17:10:07.425310,2026-02-15T17:10:07.425310
ed3641fb-7368-519f-81aa-34a85c2a15fb,c1320e0f-b8be-5d77-8675-7c4c5221aa7f,5,1,3500,3500,,False,2026-02-15T17:10:07.425310,2026-02-15T17:10:07.425310
23888731-818c-57f1-a5ed-1dfa8540a02e,c1320e0f-b8be-5d77-8675-7c4c5221aa7f,3,2,3000,6000,,False,2026-02-15T17:10:07.425310,2026-02-15T17:10:07.425310
cd00bc46-3304-511e-bb7c-c67ca407931c,c1320e0f-b8be-5d77-8675-7c4c5221aa7f,1,6,1200,7200,,False,2026-02-15T17:10:07.425310,2026-02-15T17:10:07.425310
5d0bfe02-8818-5694-9fea-c792ca046459,c1320e0f-b8be-5d77-8675-7c4c5221aa7f,4,3,3000,9000,,False,2026-02-15T17:10:07.425310,2026-02-15T17:10:07.425310
ed6d186c-7842-596f-aace-7c2ce9e5b1f0,c1320e0f-b8be-5d77-8675-7c4c5221aa7f,39,1,2500,2500,,False,2026-02-15T17:10:07.425310,2026-02-15T17:10:07.425310
ff82cd37-20f2-5889-8f1a-f30faec29438,c1320e0f-b8be-5d77-8675-7c4c5221aa7f,8,6,3000,18000,,False,2026-02-15T17:10:07.425310,2026-02-15T17:10:07.425310
bd575696-9263-5aa4-b2fb-aa7d29614440,c1320e0f-b8be-5d77-8675-7c4c5221aa7f,7,6,3000,18000,,False,2026-02-15T17:10:07.425310,2026-02-15T17:10:07.425310
63dfe6e1-9793-590d-b1ca-0e2149388391,a59c0b7a-c9e1-5cd2-bc1d-1518d4e8d983,7,3,3000,9000,,False,2026-02-15T17:10:07.425310,2026-02-15T17:10:07.425310
d87e1f00-f1f3-5966-b660-39df16f1988a,a59c0b7a-c9e1-5cd2-bc1d-1518d4e8d983,8,3,3000,9000,,False,2026-02-15T17:10:07.425310,2026-02-15T17:10:07.425310
de03cad5-2740-5ad0-a2c0-2e387092af50,a59c0b7a-c9e1-5cd2-bc1d-1518d4e8d983,3,3,3000,9000,,False,2026-02-15T17:10:07.425310,2026-02-15T17:10:07.425310
c56ee235-25c6-5dcd-8c98-4bdc66f7d73e,a59c0b7a-c9e1-5cd2-bc1d-1518d4e8d983,2,5,3000,15000,,False,2026-02-15T17:10:07.425310,2026-02-15T17:10:07.425310
879ebd3a-be26-5243-9ab1-3bfb3a6a367f,8ebbdf25-8334-559b-9755-f29a39cc88fd,1,60,1200,72000,,False,2026-02-15T17:10:07.425310,2026-02-15T17:10:07.425310
506471f4-3c32-5a72-9981-7855dbb8c897,8ebbdf25-8334-559b-9755-f29a39cc88fd,5,6,3500,21000,,False,2026-02-15T17:10:07.425310,2026-02-15T17:10:07.425310
9be37cf7-ba3c-5cc8-a4f5-534123bae499,8ebbdf25-8334-559b-9755-f29a39cc88fd,4,18,3000,54000,,False,2026-02-15T17:10:07.425310,2026-02-15T17:10:07.425310
0371e74b-1b49-5371-b101-3c2c6bf2fd6f,8ebbdf25-8334-559b-9755-f29a39cc88fd,2,24,3000,72000,,False,2026-02-15T17:10:07.425310,2026-02-15T17:10:07.425310
295fb8d3-f87d-5fd5-8233-0e1bc06333c0,8ebbdf25-8334-559b-9755-f29a39cc88fd,6,2,5000,10000,,False,2026-02-15T17:10:07.425310,2026-02-15T17:10:07.425310
529c15a6-58cb-544e-b9b1-73122a39cbda,8ebbdf25-8334-559b-9755-f29a39cc88fd,3,24,3000,72000,,False,2026-02-15T17:10:07.425310,2026-02-15T17:10:07.425310
65655e4c-a646-5d0a-9458-8b5f71696091,8ebbdf25-8334-559b-9755-f29a39cc88fd,7,24,3000,72000,,False,2026-02-15T17:10:07.425310,2026-02-15T17:10:07.425310
afcaa569-38f5-5bcf-90c8-073f538b6f1d,8ebbdf25-8334-559b-9755-f29a39cc88fd,8,72,3000,216000,,False,2026-02-15T17:10:07.425310,2026-02-15T17:10:07.425310
f73ffa0b-bee1-54c7-acf4-2d9ce0f2e6ca,8ebbdf25-8334-559b-9755-f29a39cc88fd,10,6,3000,18000,,False,2026-02-15T17:10:07.425310,2026-02-15T17:10:07.425310
cc32de63-f40c-5a7a-9283-36037464d29d,8ebbdf25-8334-559b-9755-f29a39cc88fd,11,12,3000,36000,,False,2026-02-15T17:10:07.426323,2026-02-15T17:10:07.426323
d1ac0a7e-0471-5336-9827-6ba9bdd8c4f7,8ebbdf25-8334-559b-9755-f29a39cc88fd,38,6,2500,15000,,False,2026-02-15T17:10:07.426323,2026-02-15T17:10:07.426323
1fcbc7d2-075f-5800-8643-0f819e1784a5,8ebbdf25-8334-559b-9755-f29a39cc88fd,39,6,2500,15000,,False,2026-02-15T17:10:07.426323,2026-02-15T17:10:07.426323
aa2dd2b1-76fe-55ff-98e2-1a8436a3922c,8ebbdf25-8334-559b-9755-f29a39cc88fd,14,6,5000,30000,,False,2026-02-15T17:10:07.426323,2026-02-15T17:10:07.426323
afe145f4-9076-5eb7-b74c-9fcead319429,8ebbdf25-8334-559b-9755-f29a39cc88fd,28,60,100,6000,,False,2026-02-15T17:10:07.426323,2026-02-15T17:10:07.426323
68bed34d-7d87-524b-b6b2-0d4faf0a9209,20283cc8-00c9-5104-a774-54d3ccacaca7,7,2,3000,6000,,False,2026-02-15T17:10:07.426323,2026-02-15T17:10:07.426323
244c8927-aeb3-52cb-ac61-3ff92de2b702,20283cc8-00c9-5104-a774-54d3ccacaca7,2,4,3000,12000,,False,2026-02-15T17:10:07.426323,2026-02-15T17:10:07.426323
e59a189a-8a60-55d4-9692-a252dc52b69e,20283cc8-00c9-5104-a774-54d3ccacaca7,3,3,3000,9000,,False,2026-02-15T17:10:07.426323,2026-02-15T17:10:07.426323
dac52e8b-2aba-55fa-a6b7-5eae7f62145a,20283cc8-00c9-5104-a774-54d3ccacaca7,8,2,3000,6000,,False,2026-02-15T17:10:07.426323,2026-02-15T17:10:07.426323
34611baf-1b18-5f32-a45e-3d39eee0e4b7,20283cc8-00c9-5104-a774-54d3ccacaca7,4,3,3000,9000,,False,2026-02-15T17:10:07.426323,2026-02-15T17:10:07.426323
b1946c61-4b18-5d8f-9218-cb52eb4ec499,749786fd-9d51-5874-91a8-3d7510c3995d,3,12,3000,36000,,False,2026-02-15T17:10:07.426323,2026-02-15T17:10:07.426323
1e1774ef-0882-5e18-8228-736b47ae4783,749786fd-9d51-5874-91a8-3d7510c3995d,4,18,3000,54000,,False,2026-02-15T17:10:07.426323,2026-02-15T17:10:07.426323
3593a945-3dc8-5b50-8b78-e6d7b84a74b0,749786fd-9d51-5874-91a8-3d7510c3995d,7,12,3000,36000,,False,2026-02-15T17:10:07.426323,2026-02-15T17:10:07.426323
9207ca13-aaa5-56f1-abd6-ea9d0181c9af,749786fd-9d51-5874-91a8-3d7510c3995d,2,12,3000,36000,,False,2026-02-15T17:10:07.426323,2026-02-15T17:10:07.426323
99378d89-ddda-547d-81ef-3f5f039b40e0,749786fd-9d51-5874-91a8-3d7510c3995d,39,6,2500,15000,,False,2026-02-15T17:10:07.426323,2026-02-15T17:10:07.426323
9e437007-f184-5306-9b76-dfe1048782d6,749786fd-9d51-5874-91a8-3d7510c3995d,1,78,1200,93600,,False,2026-02-15T17:10:07.426323,2026-02-15T17:10:07.426323
5f9fc730-7f8a-5fde-a7ec-e05aa09cd7d8,749786fd-9d51-5874-91a8-3d7510c3995d,38,12,2500,30000,,False,2026-02-15T17:10:07.426323,2026-02-15T17:10:07.426323
ed3d1e80-cc5a-5216-90da-2088169f5510,749786fd-9d51-5874-91a8-3d7510c3995d,8,36,3000,108000,,False,2026-02-15T17:10:07.426323,2026-02-15T17:10:07.426323
f78b6f90-f62d-59e9-b0a1-2839393f1b06,749786fd-9d51-5874-91a8-3d7510c3995d,5,6,3500,21000,,False,2026-02-15T17:10:07.426323,2026-02-15T17:10:07.426323
e6a1d209-8a75-544e-8337-00cde839462f,749786fd-9d51-5874-91a8-3d7510c3995d,9,6,3000,18000,,False,2026-02-15T17:10:07.426323,2026-02-15T17:10:07.426323
758c76e8-fe14-5224-a325-2643313e7c0a,749786fd-9d51-5874-91a8-3d7510c3995d,16,4,3000,12000,,False,2026-02-15T17:10:07.426323,2026-02-15T17:10:07.426323
b92e06ff-c628-5031-b878-269c66b16aee,749786fd-9d51-5874-91a8-3d7510c3995d,17,5,3000,15000,,False,2026-02-15T17:10:07.426323,2026-02-15T17:10:07.426323
2a24e8a9-b949-5c67-8fb2-00ad90e51772,749786fd-9d51-5874-91a8-3d7510c3995d,6,1,5000,5000,,False,2026-02-15T17:10:07.426323,2026-02-15T17:10:07.426323
92a3a273-6cba-54a0-b06c-11f83d2d95b7,eb7239b1-012c-5752-b906-3dd05219307c,10,1,3000,3000,,False,2026-02-15T17:10:07.426323,2026-02-15T17:10:07.426323
d93b7506-a50d-5b0f-9800-f136695a9a14,eb7239b1-012c-5752-b906-3dd05219307c,5,4,3500,14000,,False,2026-02-15T17:10:07.426323,2026-02-15T17:10:07.426323
2445cbef-ff32-5915-acb8-ab1898654065,eb7239b1-012c-5752-b906-3dd05219307c,11,4,3000,12000,,False,2026-02-15T17:10:07.426323,2026-02-15T17:10:07.426323
c23dc2fe-238b-51a9-8878-838dbe305312,eb7239b1-012c-5752-b906-3dd05219307c,2,12,3000,36000,,False,2026-02-15T17:10:07.426323,2026-02-15T17:10:07.426323
503063e7-33f2-59d3-a250-2bb73f4f3261,eb7239b1-012c-5752-b906-3dd05219307c,14,1,5000,5000,,False,2026-02-15T17:10:07.426323,2026-02-15T17:10:07.426323
1624d344-c25e-5cec-9fd7-af0682979ad4,eb7239b1-012c-5752-b906-3dd05219307c,4,6,3000,18000,,False,2026-02-15T17:10:07.426323,2026-02-15T17:10:07.426323
56234596-5e3d-5f3b-aa56-fb70ddb4c164,eb7239b1-012c-5752-b906-3dd05219307c,15,2,3000,6000,,False,2026-02-15T17:10:07.426323,2026-02-15T17:10:07.426323
8be13867-4bf7-5608-a167-4f974eda9599,eb7239b1-012c-5752-b906-3dd05219307c,39,1,2500,2500,,False,2026-02-15T17:10:07.426323,2026-02-15T17:10:07.426323
92215893-96a2-56ea-98d4-cb9d3cce29a2,eb7239b1-012c-5752-b906-3dd05219307c,3,6,3000,18000,,False,2026-02-15T17:10:07.426323,2026-02-15T17:10:07.426323
f727a931-572a-51fb-98bb-6ddbeb73114f,eb7239b1-012c-5752-b906-3dd05219307c,1,18,1200,21600,,False,2026-02-15T17:10:07.426323,2026-02-15T17:10:07.426323
9a1294d7-2e22-592e-8040-228f3c98c761,eb7239b1-012c-5752-b906-3dd05219307c,8,31,3000,93000,,False,2026-02-15T17:10:07.426323,2026-02-15T17:10:07.426323
8a29f2ef-237d-54b0-bce9-0222bb414f1a,77390e8d-ba19-58f9-8f6d-084da9d27200,10,3,3000,9000,,False,2026-02-15T17:10:07.426323,2026-02-15T17:10:07.426323
d168ff82-8f51-5a1f-a7b8-328ba424e6c0,77390e8d-ba19-58f9-8f6d-084da9d27200,1,36,1200,43200,,False,2026-02-15T17:10:07.426323,2026-02-15T17:10:07.426323
dc8b7264-39df-5d6a-81b0-2cc241a1fb76,77390e8d-ba19-58f9-8f6d-084da9d27200,39,14,2500,35000,,False,2026-02-15T17:10:07.426323,2026-02-15T17:10:07.426323
16b9cd82-b8d5-5410-9658-8a5eb92f4c5d,77390e8d-ba19-58f9-8f6d-084da9d27200,14,3,5000,15000,,False,2026-02-15T17:10:07.426323,2026-02-15T17:10:07.426323
c461beb5-eeb8-51c4-ad7d-a6ac4afd2dbf,77390e8d-ba19-58f9-8f6d-084da9d27200,17,1,3000,3000,,False,2026-02-15T17:10:07.426323,2026-02-15T17:10:07.426323
9c460452-c393-5401-9323-00e8c35185c3,77390e8d-ba19-58f9-8f6d-084da9d27200,15,2,3000,6000,,False,2026-02-15T17:10:07.426323,2026-02-15T17:10:07.426323
b6e16714-aea0-58d4-a805-19d50b7b4ea6,77390e8d-ba19-58f9-8f6d-084da9d27200,5,3,3500,10500,,False,2026-02-15T17:10:07.426323,2026-02-15T17:10:07.426323
5716c82d-fec2-574d-967a-ef25ee1ffcd8,77390e8d-ba19-58f9-8f6d-084da9d27200,6,4,5000,20000,,False,2026-02-15T17:10:07.426323,2026-02-15T17:10:07.426323
f63df144-112c-5afc-9a51-80b83bb77e02,77390e8d-ba19-58f9-8f6d-084da9d27200,4,15,3000,45000,,False,2026-02-15T17:10:07.426323,2026-02-15T17:10:07.426323
287ff03d-c8ea-5c01-9ed1-5032dcecd787,77390e8d-ba19-58f9-8f6d-084da9d27200,11,4,3000,12000,,False,2026-02-15T17:10:07.426323,2026-02-15T17:10:07.426323
fc1b1f27-caa1-5297-80f7-51a01f390c66,77390e8d-ba19-58f9-8f6d-084da9d27200,2,17,3000,51000,,False,2026-02-15T17:10:07.426323,2026-02-15T17:10:07.426323
ceaa6933-b86c-57f4-ab95-328cb322fca7,77390e8d-ba19-58f9-8f6d-084da9d27200,9,1,3000,3000,,False,2026-02-15T17:10:07.426323,2026-02-15T17:10:07.426323
a4dc4666-b21f-553a-9939-0d6fe4be2b5e,77390e8d-ba19-58f9-8f6d-084da9d27200,7,15,3000,45000,,False,2026-02-15T17:10:07.426323,2026-02-15T17:10:07.426323
0399448d-995b-551c-be93-6f22fc8e7af8,77390e8d-ba19-58f9-8f6d-084da9d27200,8,38,3000,114000,,False,2026-02-15T17:10:07.426323,2026-02-15T17:10:07.426323
2ef0500f-ba87-56c1-a87d-1f79a2479465,77390e8d-ba19-58f9-8f6d-084da9d27200,3,11,3000,33000,,False,2026-02-15T17:10:07.426323,2026-02-15T17:10:07.426323
316e79c2-1c80-5c18-a6f6-886735df20ad,77390e8d-ba19-58f9-8f6d-084da9d27200,38,14,2500,35000,,False,2026-02-15T17:10:07.426323,2026-02-15T17:10:07.426323
37c67bfd-3135-5f8e-a05a-850f4200705c,35c69d34-2049-5859-9819-9ff15e8cf810,2,5,3000,15000,,False,2026-02-15T17:10:07.426323,2026-02-15T17:10:07.426323
ce888761-4c56-5031-bf66-2e6653b142c0,35c69d34-2049-5859-9819-9ff15e8cf810,8,6,3000,18000,,False,2026-02-15T17:10:07.426323,2026-02-15T17:10:07.426323
fe6cb97b-ede2-56de-b9f7-cfdaf0decb18,35c69d34-2049-5859-9819-9ff15e8cf810,1,6,1200,7200,,False,2026-02-15T17:10:07.426323,2026-02-15T17:10:07.426323
37ecca4e-c6ed-5a98-9386-3b3955f68492,35c69d34-2049-5859-9819-9ff15e8cf810,11,1,3000,3000,,False,2026-02-15T17:10:07.426323,2026-02-15T17:10:07.426323
41eee5b4-3f0e-5dfc-82b0-f799a2074ea7,35c69d34-2049-5859-9819-9ff15e8cf810,17,1,3000,3000,,False,2026-02-15T17:10:07.426323,2026-02-15T17:10:07.426323
25f63760-a255-5297-841b-9b3b60d8abdf,53600f94-1ed0-579f-9e61-04cecd3b621b,2,6,3000,18000,,False,2026-02-15T17:10:07.426323,2026-02-15T17:10:07.426323
95e13bae-da6a-5ccd-af2f-2f33bfa48be1,53600f94-1ed0-579f-9e61-04cecd3b621b,8,6,3000,18000,,False,2026-02-15T17:10:07.427323,2026-02-15T17:10:07.427323
4a1576ff-c6ce-540a-82a0-bfadf7f6254f,53600f94-1ed0-579f-9e61-04cecd3b621b,3,2,3000,6000,,False,2026-02-15T17:10:07.427323,2026-02-15T17:10:07.427323
53d43909-6a7a-5fe8-b348-dab66400e5bc,1037d6db-7dc3-5c45-a53f-b31517d23e39,39,1,2500,2500,,False,2026-02-15T17:10:07.427323,2026-02-15T17:10:07.427323
10d562f6-1771-57c5-8834-2e7db21896e6,1037d6db-7dc3-5c45-a53f-b31517d23e39,1,6,1200,7200,,False,2026-02-15T17:10:07.427323,2026-02-15T17:10:07.427323
5334bbbb-c093-5ac9-afd0-fcda32626a98,1037d6db-7dc3-5c45-a53f-b31517d23e39,3,1,3000,3000,,False,2026-02-15T17:10:07.427323,2026-02-15T17:10:07.427323
ace95eeb-7193-51ef-bf83-aa4eb20f7528,1037d6db-7dc3-5c45-a53f-b31517d23e39,6,1,5000,5000,,False,2026-02-15T17:10:07.427323,2026-02-15T17:10:07.427323
d34b3f95-380b-5d7b-99c3-91b85a405bef,1037d6db-7dc3-5c45-a53f-b31517d23e39,38,1,2500,2500,,False,2026-02-15T17:10:07.427323,2026-02-15T17:10:07.427323
c89d1848-4977-5399-aa7b-e01d7f293281,1037d6db-7dc3-5c45-a53f-b31517d23e39,24,1,3000,3000,,False,2026-02-15T17:10:07.427323,2026-02-15T17:10:07.427323
4399501f-720f-5b32-9205-bc666b2d6e11,1037d6db-7dc3-5c45-a53f-b31517d23e39,4,2,3000,6000,,False,2026-02-15T17:10:07.427323,2026-02-15T17:10:07.427323
1fef67f7-eaca-5995-ad02-8144ee4753e3,1037d6db-7dc3-5c45-a53f-b31517d23e39,8,6,3000,18000,,False,2026-02-15T17:10:07.427323,2026-02-15T17:10:07.427323
1e49f77a-4ede-529e-b259-53677ed5b05b,a418b7df-3e3b-5370-aa24-24d68aec074e,38,1,2500,2500,,False,2026-02-15T17:10:07.427323,2026-02-15T17:10:07.427323
c110454c-83b0-594e-acbf-76c207b07949,a418b7df-3e3b-5370-aa24-24d68aec074e,6,1,5000,5000,,False,2026-02-15T17:10:07.427323,2026-02-15T17:10:07.427323
19566eda-f830-5e27-b039-0ba8a16fa410,a418b7df-3e3b-5370-aa24-24d68aec074e,8,5,3000,15000,,False,2026-02-15T17:10:07.427323,2026-02-15T17:10:07.427323
16d6866e-c618-5471-9984-abbec9c3647a,a418b7df-3e3b-5370-aa24-24d68aec074e,3,9,3000,27000,,False,2026-02-15T17:10:07.427323,2026-02-15T17:10:07.427323
cfee48ef-8fae-5ff8-9421-174c7d80be29,a418b7df-3e3b-5370-aa24-24d68aec074e,1,9,1200,10800,,False,2026-02-15T17:10:07.427323,2026-02-15T17:10:07.427323
e922d85a-b536-50aa-a13b-fadd4e7f9c2f,a418b7df-3e3b-5370-aa24-24d68aec074e,11,2,3000,6000,,False,2026-02-15T17:10:07.427323,2026-02-15T17:10:07.427323
2bc37543-ec0d-582b-a66f-20486ee26850,a418b7df-3e3b-5370-aa24-24d68aec074e,2,7,3000,21000,,False,2026-02-15T17:10:07.427323,2026-02-15T17:10:07.427323
522a69d0-afe2-51db-9486-474f7c3d82fe,a6b62fcb-dfcb-5719-b319-cbcde591c466,1,12,1200,14400,,False,2026-02-15T17:10:07.427323,2026-02-15T17:10:07.427323
1fb8bbf1-e1cc-5ea5-81bc-23b1ebdf5e8b,a6b62fcb-dfcb-5719-b319-cbcde591c466,7,6,3000,18000,,False,2026-02-15T17:10:07.427323,2026-02-15T17:10:07.427323
ce7b58b6-b0f5-5878-8f08-8bf775b1f57d,a6b62fcb-dfcb-5719-b319-cbcde591c466,2,3,3000,9000,,False,2026-02-15T17:10:07.427323,2026-02-15T17:10:07.427323
1f6c2f80-0086-5fa3-a7d6-9fc330f975f8,a6b62fcb-dfcb-5719-b319-cbcde591c466,14,1,5000,5000,,False,2026-02-15T17:10:07.427323,2026-02-15T17:10:07.427323
14d2cb37-c722-5da3-b211-d8f07d85239e,2746b070-df8a-5def-be61-9f4c4e7641d2,1,30,1200,36000,,False,2026-02-15T17:10:07.427323,2026-02-15T17:10:07.427323
d645d681-fdfe-5a00-afa3-6878876fcc5e,2746b070-df8a-5def-be61-9f4c4e7641d2,38,2,2500,5000,,False,2026-02-15T17:10:07.427323,2026-02-15T17:10:07.427323
0b2d5da3-46d8-5e98-9e0c-ab5390701e83,2746b070-df8a-5def-be61-9f4c4e7641d2,7,6,3000,18000,,False,2026-02-15T17:10:07.427323,2026-02-15T17:10:07.427323
b9cf0727-41f6-5720-95de-7bb849ce2ca2,2746b070-df8a-5def-be61-9f4c4e7641d2,9,1,3000,3000,,False,2026-02-15T17:10:07.427323,2026-02-15T17:10:07.427323
a13c9bd5-9343-5e39-b207-37bc3d283f12,2746b070-df8a-5def-be61-9f4c4e7641d2,4,4,3000,12000,,False,2026-02-15T17:10:07.427323,2026-02-15T17:10:07.427323
cd6f4ff9-5d2a-5442-897e-db1cc23fe480,2746b070-df8a-5def-be61-9f4c4e7641d2,5,1,3500,3500,,False,2026-02-15T17:10:07.427323,2026-02-15T17:10:07.427323
4fd021f9-1cbb-5a4a-9939-43dd8d0b6b3f,2746b070-df8a-5def-be61-9f4c4e7641d2,8,24,3000,72000,,False,2026-02-15T17:10:07.427323,2026-02-15T17:10:07.427323
10a9bda3-8dd7-5c74-a416-3a7d4ba9b212,2746b070-df8a-5def-be61-9f4c4e7641d2,11,1,3000,3000,,False,2026-02-15T17:10:07.427323,2026-02-15T17:10:07.427323
bb60c44a-2619-5e22-9e4f-0b0d5135e635,2746b070-df8a-5def-be61-9f4c4e7641d2,17,3,3000,9000,,False,2026-02-15T17:10:07.427323,2026-02-15T17:10:07.427323
c312f736-13ee-5612-823f-e7577dcc3263,2746b070-df8a-5def-be61-9f4c4e7641d2,10,2,3000,6000,,False,2026-02-15T17:10:07.427323,2026-02-15T17:10:07.427323
fbeae69a-2d93-5310-aed2-f09d34a0035c,2746b070-df8a-5def-be61-9f4c4e7641d2,39,2,2500,5000,,False,2026-02-15T17:10:07.427323,2026-02-15T17:10:07.427323
8e35bd0c-6422-51e4-92f9-cd5e1bc684ba,2746b070-df8a-5def-be61-9f4c4e7641d2,3,2,3000,6000,,False,2026-02-15T17:10:07.427323,2026-02-15T17:10:07.427323
f53be788-1468-521e-86bf-66833ae68b6c,9be65f5e-0073-5466-937d-c0404f891247,7,6,3000,18000,,False,2026-02-15T17:10:07.427323,2026-02-15T17:10:07.427323
a845fa14-8c38-51a1-82a7-07cc9fe3b625,9be65f5e-0073-5466-937d-c0404f891247,2,1,3000,3000,,False,2026-02-15T17:10:07.427323,2026-02-15T17:10:07.427323
cfa7f3c7-eb74-582b-843a-215f9169441e,9be65f5e-0073-5466-937d-c0404f891247,17,1,3000,3000,,False,2026-02-15T17:10:07.427323,2026-02-15T17:10:07.427323
a76b1ca9-8435-5431-a400-ee68668aa928,9be65f5e-0073-5466-937d-c0404f891247,11,2,3000,6000,,False,2026-02-15T17:10:07.427323,2026-02-15T17:10:07.427323
914a3f34-6330-5916-9a58-1cdd3addde1c,9be65f5e-0073-5466-937d-c0404f891247,1,12,1200,14400,,False,2026-02-15T17:10:07.427323,2026-02-15T17:10:07.427323
099f97f5-f1c4-5cc2-9921-107af34f7bb1,9be65f5e-0073-5466-937d-c0404f891247,4,2,3000,6000,,False,2026-02-15T17:10:07.427323,2026-02-15T17:10:07.427323
6882efd0-d4b2-5966-866b-dd0340931774,a722eda4-0c12-561a-9354-3eef9b683041,3,2,3000,6000,,False,2026-02-15T17:10:07.427323,2026-02-15T17:10:07.427323
44a15dd9-b673-5993-85db-93bc633dadd8,a722eda4-0c12-561a-9354-3eef9b683041,1,6,1200,7200,,False,2026-02-15T17:10:07.427323,2026-02-15T17:10:07.427323
dd2de472-3f7c-55cd-a91b-d8fe15304675,a722eda4-0c12-561a-9354-3eef9b683041,4,5,3000,15000,,False,2026-02-15T17:10:07.427323,2026-02-15T17:10:07.427323
65047844-8773-54c1-8c17-73077edf3fb4,a722eda4-0c12-561a-9354-3eef9b683041,8,6,3000,18000,,False,2026-02-15T17:10:07.427323,2026-02-15T17:10:07.427323
e538317f-5b7b-5083-ab17-1498a4d29671,a722eda4-0c12-561a-9354-3eef9b683041,38,2,2500,5000,,False,2026-02-15T17:10:07.427323,2026-02-15T17:10:07.427323
f2cca835-993e-500e-8216-272d0df17056,a722eda4-0c12-561a-9354-3eef9b683041,7,3,3000,9000,,False,2026-02-15T17:10:07.427323,2026-02-15T17:10:07.427323
27338987-826f-5c77-aba4-5fe620a7693c,a722eda4-0c12-561a-9354-3eef9b683041,5,2,3500,7000,,False,2026-02-15T17:10:07.427323,2026-02-15T17:10:07.427323
b0b1cae4-b312-5e21-82be-146b67fc4e49,a722eda4-0c12-561a-9354-3eef9b683041,2,2,3000,6000,,False,2026-02-15T17:10:07.427323,2026-02-15T17:10:07.427323
cc4403b5-44f6-5f86-8ec4-42fc9319a32e,a722eda4-0c12-561a-9354-3eef9b683041,39,3,2500,7500,,False,2026-02-15T17:10:07.427323,2026-02-15T17:10:07.427323
ec676daf-f525-5a2c-8107-b46ea3f1042f,346de658-5972-5ddb-9ebe-6c62add20541,1,4,1200,4800,,False,2026-02-15T17:10:07.427323,2026-02-15T17:10:07.427323
c760b0c8-649e-53aa-aaf1-d2dbf5bf76e2,346de658-5972-5ddb-9ebe-6c62add20541,8,1,3000,3000,,False,2026-02-15T17:10:07.427323,2026-02-15T17:10:07.427323
56ee009e-c5ff-5741-be0a-04377dbf072d,346de658-5972-5ddb-9ebe-6c62add20541,6,1,5000,5000,,False,2026-02-15T17:10:07.427323,2026-02-15T17:10:07.427323
feb5e130-b052-553d-b639-ad360438c42b,f0eaafd9-7a2f-5d1e-a7ea-31cbbe8666fd,4,3,3000,9000,,False,2026-02-15T17:10:07.427323,2026-02-15T17:10:07.427323
3eaca041-535f-536a-92e4-95afdb7dc303,f0eaafd9-7a2f-5d1e-a7ea-31cbbe8666fd,2,2,3000,6000,,False,2026-02-15T17:10:07.427323,2026-02-15T17:10:07.427323
a04e617c-e995-5d2c-bd5b-84c8b698bda6,f0eaafd9-7a2f-5d1e-a7ea-31cbbe8666fd,8,5,3000,15000,,False,2026-02-15T17:10:07.427323,2026-02-15T17:10:07.427323
82071747-5f9a-561c-bc99-58a3662baee8,f0eaafd9-7a2f-5d1e-a7ea-31cbbe8666fd,5,1,3500,3500,,False,2026-02-15T17:10:07.427323,2026-02-15T17:10:07.427323
69de3812-a41d-5266-a869-1138f945265c,f0eaafd9-7a2f-5d1e-a7ea-31cbbe8666fd,3,2,3000,6000,,False,2026-02-15T17:10:07.427323,2026-02-15T17:10:07.427323
dfac6d0e-2bc4-5aa6-b074-e670d4009a9d,f0eaafd9-7a2f-5d1e-a7ea-31cbbe8666fd,7,1,3000,3000,,False,2026-02-15T17:10:07.427323,2026-02-15T17:10:07.427323
29b1bc6a-b1ca-5135-860f-ce1d76451d56,f0eaafd9-7a2f-5d1e-a7ea-31cbbe8666fd,11,1,3000,3000,,False,2026-02-15T17:10:07.427323,2026-02-15T17:10:07.427323
6b40c30e-9f9c-5b4f-bc48-d4981e49a03f,f0eaafd9-7a2f-5d1e-a7ea-31cbbe8666fd,10,1,3000,3000,,False,2026-02-15T17:10:07.427323,2026-02-15T17:10:07.427323
3de9b01c-419f-5738-94e4-1b5ec119264d,f0eaafd9-7a2f-5d1e-a7ea-31cbbe8666fd,1,9,1200,10800,,False,2026-02-15T17:10:07.427323,2026-02-15T17:10:07.427323
0e26cff3-fe4c-56fe-a5c9-e211b53c7f67,8dbc4d69-a4c8-5076-b40f-8232590857c1,2,4,3000,12000,,False,2026-02-15T17:10:07.427323,2026-02-15T17:10:07.427323
da041808-7c21-5c48-a8c6-84d0f2a111d3,8dbc4d69-a4c8-5076-b40f-8232590857c1,1,20,1200,24000,,False,2026-02-15T17:10:07.428323,2026-02-15T17:10:07.428323
e22658fa-365b-5d5c-8109-fee8a405f679,8dbc4d69-a4c8-5076-b40f-8232590857c1,7,3,3000,9000,,False,2026-02-15T17:10:07.428323,2026-02-15T17:10:07.428323
4e4247a9-2189-5e5c-a8cc-c4b5d161d142,c826c772-caf8-5c36-9f13-ebf8ed122cb7,8,1,3000,3000,,False,2026-02-15T17:10:07.428323,2026-02-15T17:10:07.428323
4de07116-30c8-56c3-ba3c-78fe32746fe8,c826c772-caf8-5c36-9f13-ebf8ed122cb7,2,1,3000,3000,,False,2026-02-15T17:10:07.428323,2026-02-15T17:10:07.428323
a8cdd294-39b6-55ca-a320-96036755e01c,adea42c8-d66a-5580-bea8-1384bd4e5592,1,8,1200,9600,,True,2026-02-15T17:10:07.428323,2026-02-15T17:10:07.428323
5de0ff8c-715b-52cb-b187-eb9813b6391c,adea42c8-d66a-5580-bea8-1384bd4e5592,2,2,3000,6000,,True,2026-02-15T17:10:07.428323,2026-02-15T17:10:07.428323
865a355a-3141-5cc5-ba95-4bd86ea7acaa,83e44932-0619-5932-84a1-721bfe259cc5,1,1,1200,1200,,True,2026-02-15T17:10:07.428323,2026-02-15T17:10:07.428323
38bdd778-6fef-5f0d-8008-264fd9e02cc7,b81311c8-71b1-503b-814a-35bb6a35c95d,1,5,1200,6000,,True,2026-02-15T17:10:07.428323,2026-02-15T17:10:07.428323
bcecec49-cf3d-5acd-8201-ab1d8e43dd74,eb5b272d-2908-549b-95e8-e7e46c57043e,1,5,1200,6000,,True,2026-02-15T17:10:07.428323,2026-02-15T17:10:07.428323
18a513f7-1400-5890-a3d7-065c2eed2933,d1083dc0-bb44-51f1-83db-e1c37535270d,1,2,1200,2400,,True,2026-02-15T17:10:07.428323,2026-02-15T17:10:07.428323
26cfd141-d6fe-5a4d-8e6f-f3342c702c33,875cad2e-a954-56ca-9929-9a062d32c318,5,5,3500,17500,,True,2026-02-15T17:10:07.428323,2026-02-15T17:10:07.428323
46ae8578-4317-532d-b6e4-e6cc6b6637de,81fc2ab5-4f3d-5971-9ced-1e3a9e3b9a51,39,3,2500,7500,,False,2026-02-15T17:10:07.428323,2026-02-15T17:10:07.428323
2513eb10-9034-544a-8c18-b31c57240f05,81fc2ab5-4f3d-5971-9ced-1e3a9e3b9a51,4,3,3000,9000,,False,2026-02-15T17:10:07.428323,2026-02-15T17:10:07.428323
732924a4-9beb-5a5b-b486-e01dcc030a23,81fc2ab5-4f3d-5971-9ced-1e3a9e3b9a51,14,1,5000,5000,,False,2026-02-15T17:10:07.428323,2026-02-15T17:10:07.428323
ddd73a00-ed44-59b4-a52f-90240da303ea,81fc2ab5-4f3d-5971-9ced-1e3a9e3b9a51,1,12,1200,14400,,False,2026-02-15T17:10:07.428323,2026-02-15T17:10:07.428323
c1b0c64d-c920-5886-9cfc-9ea33b0f0cdf,81fc2ab5-4f3d-5971-9ced-1e3a9e3b9a51,38,2,2500,5000,,False,2026-02-15T17:10:07.428323,2026-02-15T17:10:07.428323
ceaf246e-924f-5691-b86d-e754ba1c4020,81fc2ab5-4f3d-5971-9ced-1e3a9e3b9a51,2,2,3000,6000,,False,2026-02-15T17:10:07.428323,2026-02-15T17:10:07.428323
1b28efd7-0151-599b-957e-c788a58c7de6,81fc2ab5-4f3d-5971-9ced-1e3a9e3b9a51,11,1,3000,3000,,False,2026-02-15T17:10:07.428323,2026-02-15T17:10:07.428323
a7f9996f-e041-5219-9942-bbb4370916a4,81fc2ab5-4f3d-5971-9ced-1e3a9e3b9a51,26,1,3000,3000,,False,2026-02-15T17:10:07.428323,2026-02-15T17:10:07.428323
e48eff60-7320-5284-a4c0-59b491db5b7e,81fc2ab5-4f3d-5971-9ced-1e3a9e3b9a51,3,3,3000,9000,,False,2026-02-15T17:10:07.428323,2026-02-15T17:10:07.428323
dc4cc7e2-f87c-534a-a847-fa187f6a7bf6,a3b4fb50-df94-540d-bf44-629ee3779383,14,2,5000,10000,,False,2026-02-15T17:10:07.428323,2026-02-15T17:10:07.428323
31091a16-42f9-5ca6-93c2-081aa9064100,a3b4fb50-df94-540d-bf44-629ee3779383,8,24,3000,72000,,False,2026-02-15T17:10:07.428323,2026-02-15T17:10:07.428323
8be913d1-0d4c-5e3a-a2e5-c69a25527c91,a3b4fb50-df94-540d-bf44-629ee3779383,38,4,2500,10000,,False,2026-02-15T17:10:07.428323,2026-02-15T17:10:07.428323
fc057e99-c076-50ac-a7ad-85bbad6317ac,a3b4fb50-df94-540d-bf44-629ee3779383,39,6,2500,15000,,False,2026-02-15T17:10:07.428323,2026-02-15T17:10:07.428323
4bccb1e7-8d74-508e-a706-91face8ff61b,a3b4fb50-df94-540d-bf44-629ee3779383,3,2,3000,6000,,False,2026-02-15T17:10:07.428323,2026-02-15T17:10:07.428323
bf0a3bf0-93c7-51ae-af72-3af9f9088e6e,a3b4fb50-df94-540d-bf44-629ee3779383,6,3,5000,15000,,False,2026-02-15T17:10:07.428323,2026-02-15T17:10:07.428323
391038e1-c249-5bcd-91ff-dd7d2957712f,a3b4fb50-df94-540d-bf44-629ee3779383,2,18,3000,54000,,False,2026-02-15T17:10:07.428323,2026-02-15T17:10:07.428323
47b2210a-5a58-58f8-83fa-c937c6ff37a9,a3b4fb50-df94-540d-bf44-629ee3779383,10,2,3000,6000,,False,2026-02-15T17:10:07.428323,2026-02-15T17:10:07.428323
cb030859-7009-5ec2-82ca-2b3b59f44e00,a3b4fb50-df94-540d-bf44-629ee3779383,1,20,1200,24000,,False,2026-02-15T17:10:07.428323,2026-02-15T17:10:07.428323
e730bb3f-908e-58a1-9fae-a51e43b1ce4d,a3b4fb50-df94-540d-bf44-629ee3779383,11,4,3000,12000,,False,2026-02-15T17:10:07.428323,2026-02-15T17:10:07.428323
e4142381-6ff5-5fa0-aa49-f08782da8aa6,a3b4fb50-df94-540d-bf44-629ee3779383,9,6,3000,18000,,False,2026-02-15T17:10:07.428323,2026-02-15T17:10:07.428323
c731b918-ef5c-5d07-bff1-79d2291f1cbf,a3b4fb50-df94-540d-bf44-629ee3779383,4,4,3000,12000,,False,2026-02-15T17:10:07.428323,2026-02-15T17:10:07.428323
6c91550c-4d82-5fca-bef9-cb54d0c3ca4c,3dacc520-8bba-5eb1-a35e-2e806437b866,5,5,3500,17500,,False,2026-02-15T17:10:07.428323,2026-02-15T17:10:07.428323
5f6def94-978c-5830-ba2a-f664017b6fa7,3dacc520-8bba-5eb1-a35e-2e806437b866,1,36,1200,43200,,False,2026-02-15T17:10:07.428323,2026-02-15T17:10:07.428323
b332bce3-bd00-5106-b6cb-55504b1fc51b,3dacc520-8bba-5eb1-a35e-2e806437b866,7,12,3000,36000,,False,2026-02-15T17:10:07.428323,2026-02-15T17:10:07.428323
f93015f7-ddcf-5dcc-ad14-2610616f102c,3dacc520-8bba-5eb1-a35e-2e806437b866,27,1,3000,3000,,False,2026-02-15T17:10:07.428323,2026-02-15T17:10:07.428323
0a2323d0-8b22-5b76-813f-ba1167819811,3dacc520-8bba-5eb1-a35e-2e806437b866,8,24,3000,72000,,False,2026-02-15T17:10:07.428323,2026-02-15T17:10:07.428323
0a75272d-2b7a-52f0-90d2-d9d010fadefd,3dacc520-8bba-5eb1-a35e-2e806437b866,4,12,3000,36000,,False,2026-02-15T17:10:07.428323,2026-02-15T17:10:07.428323
761fdc48-d489-5bf5-b2f9-e9d614601332,3dacc520-8bba-5eb1-a35e-2e806437b866,38,1,2500,2500,,False,2026-02-15T17:10:07.428323,2026-02-15T17:10:07.428323
ce05061f-0f88-5382-8a0c-a82fb92f1a7c,3dacc520-8bba-5eb1-a35e-2e806437b866,11,5,3000,15000,,False,2026-02-15T17:10:07.428323,2026-02-15T17:10:07.428323
5224c792-cfd9-5143-948c-400c3f6b27bd,3dacc520-8bba-5eb1-a35e-2e806437b866,2,12,3000,36000,,False,2026-02-15T17:10:07.428323,2026-02-15T17:10:07.428323
a8389f30-41fb-595d-887c-e9ba2c4c719c,3dacc520-8bba-5eb1-a35e-2e806437b866,39,1,2500,2500,,False,2026-02-15T17:10:07.428323,2026-02-15T17:10:07.428323
22a2de04-5d27-540c-803d-47c131e0298c,3dacc520-8bba-5eb1-a35e-2e806437b866,3,12,3000,36000,,False,2026-02-15T17:10:07.428323,2026-02-15T17:10:07.428323
7a179a7e-a030-57f8-a11d-12146786d597,3dacc520-8bba-5eb1-a35e-2e806437b866,6,1,5000,5000,,False,2026-02-15T17:10:07.428323,2026-02-15T17:10:07.428323
b9c26faa-73cf-5c2a-bd17-8fda27fef954,3dacc520-8bba-5eb1-a35e-2e806437b866,10,5,3000,15000,,False,2026-02-15T17:10:07.428323,2026-02-15T17:10:07.428323
2022bdce-652f-5297-b707-82b4e547ae97,67fcf8cb-ce52-59b8-8cb9-db923cdae20e,5,4,3500,14000,,False,2026-02-15T17:10:07.428323,2026-02-15T17:10:07.428323
8508c3dd-20ca-5709-aed1-d50beba9d6d5,67fcf8cb-ce52-59b8-8cb9-db923cdae20e,4,18,3000,54000,,False,2026-02-15T17:10:07.428323,2026-02-15T17:10:07.428323
a0b4f4a8-77e1-5f56-a2d9-89a8b4fdd947,67fcf8cb-ce52-59b8-8cb9-db923cdae20e,2,12,3000,36000,,False,2026-02-15T17:10:07.428323,2026-02-15T17:10:07.428323
0a516ad2-9a86-5a02-9847-1b4b4bd6f5a8,67fcf8cb-ce52-59b8-8cb9-db923cdae20e,7,12,3000,36000,,False,2026-02-15T17:10:07.428323,2026-02-15T17:10:07.428323
65b4bf36-0291-5baa-b02c-f94e22ee0917,67fcf8cb-ce52-59b8-8cb9-db923cdae20e,9,3,3000,9000,,False,2026-02-15T17:10:07.428323,2026-02-15T17:10:07.428323
18f436ba-0798-5b5b-9f01-2cfbec60e3d0,67fcf8cb-ce52-59b8-8cb9-db923cdae20e,8,58,3000,174000,,False,2026-02-15T17:10:07.428323,2026-02-15T17:10:07.428323
4b6a1625-46dd-5782-a218-11f4e0699f09,67fcf8cb-ce52-59b8-8cb9-db923cdae20e,6,3,5000,15000,,False,2026-02-15T17:10:07.428323,2026-02-15T17:10:07.428323
66db2133-fe9a-571a-b425-77e436ecc6b5,67fcf8cb-ce52-59b8-8cb9-db923cdae20e,1,40,1200,48000,,False,2026-02-15T17:10:07.428323,2026-02-15T17:10:07.428323
49d66275-c28f-58f2-9170-b1bf8839b36e,67fcf8cb-ce52-59b8-8cb9-db923cdae20e,38,10,2500,25000,,False,2026-02-15T17:10:07.428323,2026-02-15T17:10:07.428323
b8da026f-a536-5f86-b808-54bf773ac086,67fcf8cb-ce52-59b8-8cb9-db923cdae20e,39,10,2500,25000,,False,2026-02-15T17:10:07.428323,2026-02-15T17:10:07.428323
720a3abd-0927-515f-b6b4-8bb0c8e2a7ee,67fcf8cb-ce52-59b8-8cb9-db923cdae20e,3,12,3000,36000,,False,2026-02-15T17:10:07.428323,2026-02-15T17:10:07.428323
b8539a79-24fa-5412-9f57-5bd7389a11f3,67fcf8cb-ce52-59b8-8cb9-db923cdae20e,14,4,5000,20000,,False,2026-02-15T17:10:07.428323,2026-02-15T17:10:07.428323
9e52107e-cde6-533c-9dd4-c8738c2b5749,67fcf8cb-ce52-59b8-8cb9-db923cdae20e,11,6,3000,18000,,False,2026-02-15T17:10:07.428323,2026-02-15T17:10:07.428323
9d64ed66-3fe6-50ca-bf55-12e2b39bdf9e,67fcf8cb-ce52-59b8-8cb9-db923cdae20e,10,5,3000,15000,,False,2026-02-15T17:10:07.429323,2026-02-15T17:10:07.429323
b8900319-3f1c-5be9-89cc-965755231d93,9c81edf7-d5c8-5167-87da-0cc266d24225,17,10,3000,30000,,False,2026-02-15T17:10:07.429323,2026-02-15T17:10:07.429323
7c9e7bc8-68a7-510a-aec2-7752465c8261,9c81edf7-d5c8-5167-87da-0cc266d24225,1,91,1200,109200,,False,2026-02-15T17:10:07.429323,2026-02-15T17:10:07.429323
71d0d3a3-78e8-5079-8cb3-e510089ae126,9c81edf7-d5c8-5167-87da-0cc266d24225,5,12,3500,42000,,False,2026-02-15T17:10:07.429323,2026-02-15T17:10:07.429323
de98ac4c-51c6-5864-9a3c-1709ad2cf6a7,9c81edf7-d5c8-5167-87da-0cc266d24225,4,36,3000,108000,,False,2026-02-15T17:10:07.429323,2026-02-15T17:10:07.429323
1240376c-3431-5910-8147-a267b0c08911,9c81edf7-d5c8-5167-87da-0cc266d24225,10,6,3000,18000,,False,2026-02-15T17:10:07.429323,2026-02-15T17:10:07.429323
8718579d-7287-571e-a17c-ee7edd258eba,9c81edf7-d5c8-5167-87da-0cc266d24225,6,4,5000,20000,,False,2026-02-15T17:10:07.429323,2026-02-15T17:10:07.429323
5395b1c9-f863-54e2-b9b1-09646501af09,9c81edf7-d5c8-5167-87da-0cc266d24225,2,25,3000,75000,,False,2026-02-15T17:10:07.429323,2026-02-15T17:10:07.429323
3706a926-a290-59ad-a2fb-8b82fb11b461,9c81edf7-d5c8-5167-87da-0cc266d24225,39,12,2500,30000,,False,2026-02-15T17:10:07.429323,2026-02-15T17:10:07.429323
d784fca3-2961-5ea5-bc0d-c2d0d0721f81,9c81edf7-d5c8-5167-87da-0cc266d24225,38,12,2500,30000,,False,2026-02-15T17:10:07.429323,2026-02-15T17:10:07.429323
19651ca8-d7b5-58c9-88b3-bbd93ce2fec4,9c81edf7-d5c8-5167-87da-0cc266d24225,3,32,3000,96000,,False,2026-02-15T17:10:07.429323,2026-02-15T17:10:07.429323
d35c8b26-bea3-555b-9611-988251df2522,9c81edf7-d5c8-5167-87da-0cc266d24225,16,4,3000,12000,,False,2026-02-15T17:10:07.429323,2026-02-15T17:10:07.429323
00e06c4b-7a82-51ed-ad6a-f1d72dfdd097,9c81edf7-d5c8-5167-87da-0cc266d24225,9,6,3000,18000,,False,2026-02-15T17:10:07.429323,2026-02-15T17:10:07.429323
3f19c983-025e-50b8-b6ed-cdd1b98f85ec,9c81edf7-d5c8-5167-87da-0cc266d24225,11,9,3000,27000,,False,2026-02-15T17:10:07.429323,2026-02-15T17:10:07.429323
a1135961-54ba-5e42-b637-066062bc99d8,9c81edf7-d5c8-5167-87da-0cc266d24225,14,6,5000,30000,,False,2026-02-15T17:10:07.429323,2026-02-15T17:10:07.429323
1c585ba3-f600-5e20-a7d0-ba9c145ff1a3,9c81edf7-d5c8-5167-87da-0cc266d24225,8,68,3000,204000,,False,2026-02-15T17:10:07.429323,2026-02-15T17:10:07.429323
5834b71c-e511-55aa-a90d-ff9887fec954,9c81edf7-d5c8-5167-87da-0cc266d24225,7,19,3000,57000,,False,2026-02-15T17:10:07.429323,2026-02-15T17:10:07.429323
52a933d8-0db2-5e27-abab-4ef2ac5f699f,ad7037b8-e02c-52c8-9725-84df309da190,1,6,1200,7200,,False,2026-02-15T17:10:07.429323,2026-02-15T17:10:07.429323
fcd94d7d-de62-5fd4-b3ac-581126cdda0f,ad7037b8-e02c-52c8-9725-84df309da190,8,6,3000,18000,,False,2026-02-15T17:10:07.429323,2026-02-15T17:10:07.429323
99e74915-74e3-5ad9-967a-e1989341cf98,ad7037b8-e02c-52c8-9725-84df309da190,3,6,3000,18000,,False,2026-02-15T17:10:07.429323,2026-02-15T17:10:07.429323
f32dd77e-47ce-5480-9c19-c1bc5b34d5a5,ad7037b8-e02c-52c8-9725-84df309da190,2,6,3000,18000,,False,2026-02-15T17:10:07.429323,2026-02-15T17:10:07.429323
315132e6-408a-5aba-9df1-1900084e6d5f,5ea05e49-0721-5a00-a8d9-db0b0d7916e5,39,1,2500,2500,,False,2026-02-15T17:10:07.429323,2026-02-15T17:10:07.429323
c7ca4005-d211-5b59-91fc-eec106e78746,5ea05e49-0721-5a00-a8d9-db0b0d7916e5,7,1,3000,3000,,False,2026-02-15T17:10:07.429323,2026-02-15T17:10:07.429323
a893f9cd-3f94-5edd-a994-fd8d4b841d3a,5ea05e49-0721-5a00-a8d9-db0b0d7916e5,4,1,3000,3000,,False,2026-02-15T17:10:07.429323,2026-02-15T17:10:07.429323
f5e6e642-58a0-5351-ab1b-09b46f3a3002,5ea05e49-0721-5a00-a8d9-db0b0d7916e5,11,2,3000,6000,,False,2026-02-15T17:10:07.429323,2026-02-15T17:10:07.429323
c15d0aaf-cc2d-52b7-9977-5b1d5b6249f8,5ea05e49-0721-5a00-a8d9-db0b0d7916e5,38,1,2500,2500,,False,2026-02-15T17:10:07.429323,2026-02-15T17:10:07.429323
5e12aac0-e992-59ef-ac99-f93936d725e3,5ea05e49-0721-5a00-a8d9-db0b0d7916e5,8,6,3000,18000,,False,2026-02-15T17:10:07.429323,2026-02-15T17:10:07.429323
3fce8fd7-4bac-5a09-95d5-87c0ab04f0d9,5ea05e49-0721-5a00-a8d9-db0b0d7916e5,1,11,1200,13200,,False,2026-02-15T17:10:07.429323,2026-02-15T17:10:07.429323
4ecd9bf6-eb00-5e10-83d0-527f7e8109fe,4e531fb8-b97c-51b6-8c96-c6e4199608f9,2,8,3000,24000,,False,2026-02-15T17:10:07.429323,2026-02-15T17:10:07.429323
55a9171a-46bc-5d7a-96f6-2a5d86d18385,4e531fb8-b97c-51b6-8c96-c6e4199608f9,14,3,5000,15000,,False,2026-02-15T17:10:07.429323,2026-02-15T17:10:07.429323
e3cf0cc7-8e05-5325-b06a-08330045bb41,4e531fb8-b97c-51b6-8c96-c6e4199608f9,4,9,3000,27000,,False,2026-02-15T17:10:07.429323,2026-02-15T17:10:07.429323
99d7abb9-a08b-594b-adda-73fb8a79fb89,4e531fb8-b97c-51b6-8c96-c6e4199608f9,7,9,3000,27000,,False,2026-02-15T17:10:07.429323,2026-02-15T17:10:07.429323
20078fbe-0917-50d3-aaa0-4d90d84d301a,4e531fb8-b97c-51b6-8c96-c6e4199608f9,8,21,3000,63000,,False,2026-02-15T17:10:07.429323,2026-02-15T17:10:07.429323
70bfae33-c3ff-54dd-b443-4419a2fb4fe2,4e531fb8-b97c-51b6-8c96-c6e4199608f9,6,2,5000,10000,,False,2026-02-15T17:10:07.429323,2026-02-15T17:10:07.429323
ac263c3d-a6bd-5e42-8271-2ac27d4894eb,4e531fb8-b97c-51b6-8c96-c6e4199608f9,11,9,3000,27000,,False,2026-02-15T17:10:07.429323,2026-02-15T17:10:07.429323
3ffc463d-8768-5c46-8348-0595dc3616f7,4e531fb8-b97c-51b6-8c96-c6e4199608f9,10,1,3000,3000,,False,2026-02-15T17:10:07.429323,2026-02-15T17:10:07.429323
4220b2c9-00ea-5cfb-b9a2-67ca6945b43b,4e531fb8-b97c-51b6-8c96-c6e4199608f9,3,9,3000,27000,,False,2026-02-15T17:10:07.429323,2026-02-15T17:10:07.429323
3f740b6e-5087-5968-b404-4e31e5cb970e,4e531fb8-b97c-51b6-8c96-c6e4199608f9,1,42,1200,50400,,False,2026-02-15T17:10:07.429323,2026-02-15T17:10:07.429323
0431321d-edb0-5362-85e7-bc707edc61f1,41ba2f88-bcf8-5fee-9de0-95a12745f210,9,3,3000,9000,,False,2026-02-15T17:10:07.429323,2026-02-15T17:10:07.429323
6899b441-599a-5438-8a9c-9b40f46d8c18,41ba2f88-bcf8-5fee-9de0-95a12745f210,4,3,3000,9000,,False,2026-02-15T17:10:07.429323,2026-02-15T17:10:07.429323
523e65f5-2d36-5789-94f5-508ed00659ce,41ba2f88-bcf8-5fee-9de0-95a12745f210,14,7,5000,35000,,False,2026-02-15T17:10:07.429323,2026-02-15T17:10:07.429323
d8d3f73c-823d-5167-ad8c-cf5376bd17b4,41ba2f88-bcf8-5fee-9de0-95a12745f210,3,10,3000,30000,,False,2026-02-15T17:10:07.429323,2026-02-15T17:10:07.429323
844733f7-8123-597d-9c2c-218d9755cd39,41ba2f88-bcf8-5fee-9de0-95a12745f210,2,15,3000,45000,,False,2026-02-15T17:10:07.429323,2026-02-15T17:10:07.429323
7b35c013-e753-5654-b02b-5a04caa7bc9f,41ba2f88-bcf8-5fee-9de0-95a12745f210,1,42,1200,50400,,False,2026-02-15T17:10:07.429323,2026-02-15T17:10:07.429323
17360a35-4ef7-557f-8ef1-64566abca542,41ba2f88-bcf8-5fee-9de0-95a12745f210,24,1,3000,3000,,False,2026-02-15T17:10:07.429323,2026-02-15T17:10:07.429323
7f916ca7-4439-5cb9-9cce-b22bada00da2,41ba2f88-bcf8-5fee-9de0-95a12745f210,38,4,2500,10000,,False,2026-02-15T17:10:07.429323,2026-02-15T17:10:07.429323
58a19dae-d378-546a-a649-0b32320d60ff,41ba2f88-bcf8-5fee-9de0-95a12745f210,5,1,3500,3500,,False,2026-02-15T17:10:07.429323,2026-02-15T17:10:07.429323
1e22850a-b576-5f1f-b896-12f770a49f8e,41ba2f88-bcf8-5fee-9de0-95a12745f210,7,19,3000,57000,,False,2026-02-15T17:10:07.429323,2026-02-15T17:10:07.429323
86a1f8e7-392a-5bc8-b300-192bf7570943,41ba2f88-bcf8-5fee-9de0-95a12745f210,8,40,3000,120000,,False,2026-02-15T17:10:07.429323,2026-02-15T17:10:07.429323
e9c05b23-fc02-52a7-88b9-8545222bdf78,41ba2f88-bcf8-5fee-9de0-95a12745f210,10,3,3000,9000,,False,2026-02-15T17:10:07.429323,2026-02-15T17:10:07.429323
8ce167b9-da90-5e55-be66-060f24c2324f,41ba2f88-bcf8-5fee-9de0-95a12745f210,6,1,5000,5000,,False,2026-02-15T17:10:07.429323,2026-02-15T17:10:07.429323
c2012f6a-c054-5cb1-8aab-a19b6f31b3fe,41ba2f88-bcf8-5fee-9de0-95a12745f210,11,6,3000,18000,,False,2026-02-15T17:10:07.429323,2026-02-15T17:10:07.429323
4a772c1e-15ee-56c4-a3f1-e90d13b122a6,41ba2f88-bcf8-5fee-9de0-95a12745f210,39,5,2500,12500,,False,2026-02-15T17:10:07.429323,2026-02-15T17:10:07.429323
92961455-4598-5f36-ada3-1deb371f963a,52a35388-c771-5fd7-bc5c-43fa0daa46ef,39,1,2500,2500,,False,2026-02-15T17:10:07.429323,2026-02-15T17:10:07.429323
c70f330b-b01a-562b-b44d-afcaee05f8f9,52a35388-c771-5fd7-bc5c-43fa0daa46ef,6,1,5000,5000,,False,2026-02-15T17:10:07.429323,2026-02-15T17:10:07.429323
be589b6a-da14-58e9-bf3e-65494a9bbc92,52a35388-c771-5fd7-bc5c-43fa0daa46ef,1,4,1200,4800,,False,2026-02-15T17:10:07.429323,2026-02-15T17:10:07.429323
f9033a9a-bcdb-52a5-843a-c5940e3da08e,52a35388-c771-5fd7-bc5c-43fa0daa46ef,14,1,5000,5000,,False,2026-02-15T17:10:07.429323,2026-02-15T17:10:07.429323
78617671-9da3-5675-8eeb-de712d67b75a,52a35388-c771-5fd7-bc5c-43fa0daa46ef,5,2,3500,7000,,False,2026-02-15T17:10:07.429323,2026-02-15T17:10:07.429323
910f00a0-2d65-56b6-99d0-7bdcba89e4f6,52a35388-c771-5fd7-bc5c-43fa0daa46ef,3,2,3000,6000,,False,2026-02-15T17:10:07.429323,2026-02-15T17:10:07.429323
1fcf6d7e-5f5f-5f80-b788-4b9d76973e10,52a35388-c771-5fd7-bc5c-43fa0daa46ef,8,14,3000,42000,,False,2026-02-15T17:10:07.430325,2026-02-15T17:10:07.430325
8ddf65de-16a6-55fe-a004-9f349024de97,52a35388-c771-5fd7-bc5c-43fa0daa46ef,26,1,3000,3000,,False,2026-02-15T17:10:07.430325,2026-02-15T17:10:07.430325
ba51d757-0140-5b5d-9952-50213a55ef48,52a35388-c771-5fd7-bc5c-43fa0daa46ef,2,2,3000,6000,,False,2026-02-15T17:10:07.430325,2026-02-15T17:10:07.430325
88b0fd7d-3264-534b-a55c-5bd1d30d1172,4276d0b0-5ae5-53f2-8a5f-f44fbb9434e2,1,8,1200,9600,,False,2026-02-15T17:10:07.430325,2026-02-15T17:10:07.430325
82f8c5e2-dc3b-5369-ae17-bfaa04c44abc,4276d0b0-5ae5-53f2-8a5f-f44fbb9434e2,7,6,3000,18000,,False,2026-02-15T17:10:07.430325,2026-02-15T17:10:07.430325
4d2ac4ee-a2e0-50b8-843a-7c44b31611ad,4276d0b0-5ae5-53f2-8a5f-f44fbb9434e2,38,1,2500,2500,,False,2026-02-15T17:10:07.430325,2026-02-15T17:10:07.430325
2f0438c9-e535-5fab-9e41-e9da770484e7,4276d0b0-5ae5-53f2-8a5f-f44fbb9434e2,11,2,3000,6000,,False,2026-02-15T17:10:07.430325,2026-02-15T17:10:07.430325
66b908d6-0dcf-5322-82ef-b35940c90ed9,4276d0b0-5ae5-53f2-8a5f-f44fbb9434e2,4,5,3000,15000,,False,2026-02-15T17:10:07.430325,2026-02-15T17:10:07.430325
91caf96a-f747-5f11-a97a-59fecbf00682,4276d0b0-5ae5-53f2-8a5f-f44fbb9434e2,39,1,2500,2500,,False,2026-02-15T17:10:07.430325,2026-02-15T17:10:07.430325
2873d6d0-27e1-5d5c-bb4c-dcbe122cacde,4276d0b0-5ae5-53f2-8a5f-f44fbb9434e2,8,5,3000,15000,,False,2026-02-15T17:10:07.430325,2026-02-15T17:10:07.430325
7406f094-9087-541c-bea1-37e8f08199ab,4276d0b0-5ae5-53f2-8a5f-f44fbb9434e2,5,1,3500,3500,,False,2026-02-15T17:10:07.430325,2026-02-15T17:10:07.430325
9d5d3030-544e-5e73-90ee-222d70f5f091,4276d0b0-5ae5-53f2-8a5f-f44fbb9434e2,2,3,3000,9000,,False,2026-02-15T17:10:07.430325,2026-02-15T17:10:07.430325
cd38e03a-cfd9-5351-8b74-519d7d90eea6,4276d0b0-5ae5-53f2-8a5f-f44fbb9434e2,3,1,3000,3000,,False,2026-02-15T17:10:07.430325,2026-02-15T17:10:07.430325
a0aa7342-e24f-5605-9676-f5a8dbad07ea,f48be43a-f611-5869-b6f6-8ae060063a85,3,2,3000,6000,,False,2026-02-15T17:10:07.430325,2026-02-15T17:10:07.430325
d07d11ab-edd1-5d37-ac36-002b608c749a,f48be43a-f611-5869-b6f6-8ae060063a85,11,5,3000,15000,,False,2026-02-15T17:10:07.430325,2026-02-15T17:10:07.430325
b563f63e-0a00-5ec2-b3ce-4b4511e51d29,f48be43a-f611-5869-b6f6-8ae060063a85,22,1,4500,4500,,False,2026-02-15T17:10:07.430325,2026-02-15T17:10:07.430325
b5863b74-13f6-57e1-9216-2fdf78ad3a57,f48be43a-f611-5869-b6f6-8ae060063a85,24,2,3000,6000,,False,2026-02-15T17:10:07.430325,2026-02-15T17:10:07.430325
438b0ec7-1eea-53c0-a2a7-d56f28607ae2,f48be43a-f611-5869-b6f6-8ae060063a85,38,2,2500,5000,,False,2026-02-15T17:10:07.430325,2026-02-15T17:10:07.430325
21e4d44d-8047-5e08-94dd-0c249177d477,f48be43a-f611-5869-b6f6-8ae060063a85,15,1,3000,3000,,False,2026-02-15T17:10:07.430325,2026-02-15T17:10:07.430325
cce92f41-64cc-5c30-b4b2-46c9fa9091ed,f48be43a-f611-5869-b6f6-8ae060063a85,2,7,3000,21000,,False,2026-02-15T17:10:07.430325,2026-02-15T17:10:07.430325
5e2f51c6-6637-537a-9b22-c12365411085,f48be43a-f611-5869-b6f6-8ae060063a85,27,2,3000,6000,,False,2026-02-15T17:10:07.430325,2026-02-15T17:10:07.430325
a822f259-5fb7-5084-af66-5f86ec663e4d,f48be43a-f611-5869-b6f6-8ae060063a85,8,6,3000,18000,,False,2026-02-15T17:10:07.430325,2026-02-15T17:10:07.430325
b3ed59a2-1bd1-52f9-b1c1-49d43f132d4f,f48be43a-f611-5869-b6f6-8ae060063a85,39,1,2500,2500,,False,2026-02-15T17:10:07.430325,2026-02-15T17:10:07.430325
340ca6f0-63be-5e88-89e9-52ba242a0489,f48be43a-f611-5869-b6f6-8ae060063a85,1,28,1200,33600,,False,2026-02-15T17:10:07.430325,2026-02-15T17:10:07.430325
20fd0820-d36b-5b95-a04c-1fbf853ae50f,f48be43a-f611-5869-b6f6-8ae060063a85,6,1,5000,5000,,False,2026-02-15T17:10:07.430325,2026-02-15T17:10:07.430325
64d5e34a-a897-510e-87b0-7b6c2c85cfab,f48be43a-f611-5869-b6f6-8ae060063a85,4,6,3000,18000,,False,2026-02-15T17:10:07.430325,2026-02-15T17:10:07.430325
010eb1a1-c5bb-504c-836f-a818be21db8f,f48be43a-f611-5869-b6f6-8ae060063a85,5,7,3500,24500,,False,2026-02-15T17:10:07.430325,2026-02-15T17:10:07.430325
43fae610-4b50-5887-9dfa-c27eebe0bd56,f48be43a-f611-5869-b6f6-8ae060063a85,7,4,3000,12000,,False,2026-02-15T17:10:07.430325,2026-02-15T17:10:07.430325
6c927b39-a921-576c-842a-289f275b156a,f48be43a-f611-5869-b6f6-8ae060063a85,10,8,3000,24000,,False,2026-02-15T17:10:07.430325,2026-02-15T17:10:07.430325
80269782-72fd-5ad1-b3a4-0f8c2b9e752f,a11a663f-ce5a-51f3-b61b-68efe772a73a,38,2,2500,5000,,False,2026-02-15T17:10:07.430325,2026-02-15T17:10:07.430325
495d78f9-08ed-5e6d-8b87-1153633a33f8,a11a663f-ce5a-51f3-b61b-68efe772a73a,1,9,1200,10800,,False,2026-02-15T17:10:07.430325,2026-02-15T17:10:07.430325
ea485001-d086-5339-a37a-b3bbdc2a9a8f,a11a663f-ce5a-51f3-b61b-68efe772a73a,39,3,2500,7500,,False,2026-02-15T17:10:07.430325,2026-02-15T17:10:07.430325
45aa3183-27c9-5608-aa18-37c1254afdbf,a11a663f-ce5a-51f3-b61b-68efe772a73a,7,2,3000,6000,,False,2026-02-15T17:10:07.430325,2026-02-15T17:10:07.430325
9047ec56-8368-5409-8e1b-95238831149f,a11a663f-ce5a-51f3-b61b-68efe772a73a,8,14,3000,42000,,False,2026-02-15T17:10:07.430325,2026-02-15T17:10:07.430325
3062ef9d-272b-5f77-a58b-8f548c198f66,a11a663f-ce5a-51f3-b61b-68efe772a73a,11,2,3000,6000,,False,2026-02-15T17:10:07.430325,2026-02-15T17:10:07.430325
b2c10691-ba22-54bf-84d6-245b170b7817,a11a663f-ce5a-51f3-b61b-68efe772a73a,2,4,3000,12000,,False,2026-02-15T17:10:07.430325,2026-02-15T17:10:07.430325
22d0d3ae-aa64-54fc-91c2-0bb712218a87,a11a663f-ce5a-51f3-b61b-68efe772a73a,5,3,3500,10500,,False,2026-02-15T17:10:07.430325,2026-02-15T17:10:07.430325
bca32bef-a630-5728-9454-8fb6c1adea99,a11a663f-ce5a-51f3-b61b-68efe772a73a,4,3,3000,9000,,False,2026-02-15T17:10:07.430325,2026-02-15T17:10:07.430325
1b528a2b-5512-5f9d-8382-d90a9f90901b,a11a663f-ce5a-51f3-b61b-68efe772a73a,3,1,3000,3000,,False,2026-02-15T17:10:07.430325,2026-02-15T17:10:07.430325
99512534-73d9-5414-a32c-fa8380f196ff,88152021-03ce-57bc-8767-61ec597f49ba,38,4,2500,10000,,False,2026-02-15T17:10:07.430325,2026-02-15T17:10:07.430325
dbc78e2f-9f05-561d-aadb-e07b68d98228,88152021-03ce-57bc-8767-61ec597f49ba,4,7,3000,21000,,False,2026-02-15T17:10:07.430325,2026-02-15T17:10:07.430325
d0e7410b-708e-5733-b2f6-8298b63bd036,88152021-03ce-57bc-8767-61ec597f49ba,3,2,3000,6000,,False,2026-02-15T17:10:07.430325,2026-02-15T17:10:07.430325
6fb8818d-4fa2-5acd-bbd1-598eda657fa4,88152021-03ce-57bc-8767-61ec597f49ba,8,4,3000,12000,,False,2026-02-15T17:10:07.430325,2026-02-15T17:10:07.430325
a443cca1-4766-5150-96b4-ba91e1b51629,88152021-03ce-57bc-8767-61ec597f49ba,1,13,1200,15600,,False,2026-02-15T17:10:07.430325,2026-02-15T17:10:07.430325
9e9dbfe1-c17c-582d-8ecc-0e27c2d19567,88152021-03ce-57bc-8767-61ec597f49ba,14,2,5000,10000,,False,2026-02-15T17:10:07.430325,2026-02-15T17:10:07.430325
d3176786-8595-5412-9fa8-c562c33bc163,88152021-03ce-57bc-8767-61ec597f49ba,2,4,3000,12000,,False,2026-02-15T17:10:07.430325,2026-02-15T17:10:07.430325
0d416513-4b67-5286-ad6d-a7bc3101f820,88152021-03ce-57bc-8767-61ec597f49ba,39,4,2500,10000,,False,2026-02-15T17:10:07.430325,2026-02-15T17:10:07.430325
428c073d-3df4-5b60-ab94-74a71ad0a169,88152021-03ce-57bc-8767-61ec597f49ba,7,2,3000,6000,,False,2026-02-15T17:10:07.430325,2026-02-15T17:10:07.430325
3f75a1bd-3dca-5fdd-835b-bf223bdde28e,88152021-03ce-57bc-8767-61ec597f49ba,10,1,3000,3000,,False,2026-02-15T17:10:07.430325,2026-02-15T17:10:07.430325
47244397-3a8c-5ae6-b875-73d0b0325d44,88152021-03ce-57bc-8767-61ec597f49ba,11,1,3000,3000,,False,2026-02-15T17:10:07.430325,2026-02-15T17:10:07.430325
0b8ff911-bec9-5d3c-9f79-86f48bebae18,29620fd7-7ee4-5b5e-b1f9-08e02447e3c3,14,1,5000,5000,,False,2026-02-15T17:10:07.430325,2026-02-15T17:10:07.430325
b97d73a6-9ccc-5736-9300-442b0a9a3b88,29620fd7-7ee4-5b5e-b1f9-08e02447e3c3,5,1,3500,3500,,False,2026-02-15T17:10:07.430325,2026-02-15T17:10:07.430325
2aeeaa64-0184-53e6-8fca-da5872ce79fd,29620fd7-7ee4-5b5e-b1f9-08e02447e3c3,4,1,3000,3000,,False,2026-02-15T17:10:07.430325,2026-02-15T17:10:07.430325
146e4877-f781-5965-aaf9-4dd427c7c792,29620fd7-7ee4-5b5e-b1f9-08e02447e3c3,11,3,3000,9000,,False,2026-02-15T17:10:07.430325,2026-02-15T17:10:07.430325
171f28cb-cf50-5c2d-a94f-39db562d05f4,29620fd7-7ee4-5b5e-b1f9-08e02447e3c3,8,8,3000,24000,,False,2026-02-15T17:10:07.430325,2026-02-15T17:10:07.430325
feb63743-3f04-578c-a25c-f7e811daaa6e,29620fd7-7ee4-5b5e-b1f9-08e02447e3c3,3,2,3000,6000,,False,2026-02-15T17:10:07.430325,2026-02-15T17:10:07.430325
5cd0a8e8-b278-5d2b-a2bb-4f4488a5a18d,29620fd7-7ee4-5b5e-b1f9-08e02447e3c3,39,1,2500,2500,,False,2026-02-15T17:10:07.430325,2026-02-15T17:10:07.430325
f15c97a0-4e05-517a-82de-780e29ab3911,29620fd7-7ee4-5b5e-b1f9-08e02447e3c3,38,3,2500,7500,,False,2026-02-15T17:10:07.430325,2026-02-15T17:10:07.430325
0756a380-c5bf-5c38-b17e-45676ce50b3b,81dc1496-3f53-58f3-800f-1051abfd7a6b,17,3,3000,9000,,False,2026-02-15T17:10:07.430325,2026-02-15T17:10:07.430325
e2f7e9c6-071c-5e80-8f7f-d2c547ad9b83,81dc1496-3f53-58f3-800f-1051abfd7a6b,2,36,3000,108000,,False,2026-02-15T17:10:07.431324,2026-02-15T17:10:07.431324
e5fce355-bc62-58d6-9256-23d6052683cd,81dc1496-3f53-58f3-800f-1051abfd7a6b,38,12,2500,30000,,False,2026-02-15T17:10:07.431324,2026-02-15T17:10:07.431324
5eb356b0-9a51-5f8b-a8e6-f1b0e512618b,81dc1496-3f53-58f3-800f-1051abfd7a6b,28,60,100,6000,,False,2026-02-15T17:10:07.431324,2026-02-15T17:10:07.431324
52cb30ea-679d-56d6-98a4-41b367f598f4,81dc1496-3f53-58f3-800f-1051abfd7a6b,7,32,3000,96000,,False,2026-02-15T17:10:07.431324,2026-02-15T17:10:07.431324
abdd07de-73c7-5ecb-8f01-69a8dd93ece2,81dc1496-3f53-58f3-800f-1051abfd7a6b,24,3,3000,9000,,False,2026-02-15T17:10:07.431324,2026-02-15T17:10:07.431324
fa846f8f-6e7f-5b94-afe9-41f9be775dee,81dc1496-3f53-58f3-800f-1051abfd7a6b,4,48,3000,144000,,False,2026-02-15T17:10:07.431324,2026-02-15T17:10:07.431324
9721dd80-c689-5c4d-a47f-fc40c557374e,81dc1496-3f53-58f3-800f-1051abfd7a6b,6,2,5000,10000,,False,2026-02-15T17:10:07.431324,2026-02-15T17:10:07.431324
12ba8fcd-e5e6-53ba-87f8-ec1d03e6d5e0,81dc1496-3f53-58f3-800f-1051abfd7a6b,11,18,3000,54000,,False,2026-02-15T17:10:07.431324,2026-02-15T17:10:07.431324
8495bfe8-ab88-5de2-9427-1ae4f226f6b4,81dc1496-3f53-58f3-800f-1051abfd7a6b,10,6,3000,18000,,False,2026-02-15T17:10:07.431324,2026-02-15T17:10:07.431324
17263754-0f51-58f6-b320-1d31af329166,81dc1496-3f53-58f3-800f-1051abfd7a6b,8,60,3000,180000,,False,2026-02-15T17:10:07.431324,2026-02-15T17:10:07.431324
4fcaf0eb-4673-5a6f-8f81-79feae176e0d,81dc1496-3f53-58f3-800f-1051abfd7a6b,14,6,5000,30000,,False,2026-02-15T17:10:07.431324,2026-02-15T17:10:07.431324
3152638a-1f85-5f90-a9dd-a7807327885f,81dc1496-3f53-58f3-800f-1051abfd7a6b,1,121,1200,145200,,False,2026-02-15T17:10:07.431324,2026-02-15T17:10:07.431324
44f46997-cecc-5133-af41-dc3f8a961ef0,81dc1496-3f53-58f3-800f-1051abfd7a6b,21,3,4500,13500,,False,2026-02-15T17:10:07.431324,2026-02-15T17:10:07.431324
a4722e59-e193-5062-9806-9756a7b67a1e,81dc1496-3f53-58f3-800f-1051abfd7a6b,5,6,3500,21000,,False,2026-02-15T17:10:07.431324,2026-02-15T17:10:07.431324
a994a3a8-d313-5108-b9a8-77a0f4814fba,81dc1496-3f53-58f3-800f-1051abfd7a6b,16,3,3000,9000,,False,2026-02-15T17:10:07.431324,2026-02-15T17:10:07.431324
caf7d336-47de-58c1-9c60-1b698b4dbc9a,81dc1496-3f53-58f3-800f-1051abfd7a6b,3,18,3000,54000,,False,2026-02-15T17:10:07.431324,2026-02-15T17:10:07.431324
9f2436ba-37c6-52b0-b934-0fbd5fd6bd15,81dc1496-3f53-58f3-800f-1051abfd7a6b,39,6,2500,15000,,False,2026-02-15T17:10:07.431324,2026-02-15T17:10:07.431324
6f931379-fb9b-57dd-a29e-a07f8bfbb9e8,f24f2510-78f8-5edf-8f38-2937e3c5d08f,1,15,1200,18000,,False,2026-02-15T17:10:07.431324,2026-02-15T17:10:07.431324
99c60327-fcbe-53c8-9822-4189d50499db,f24f2510-78f8-5edf-8f38-2937e3c5d08f,2,6,3000,18000,,False,2026-02-15T17:10:07.431324,2026-02-15T17:10:07.431324
d7f6a0c8-e9c1-565b-a6e5-fbd9b64bd261,f24f2510-78f8-5edf-8f38-2937e3c5d08f,8,6,3000,18000,,False,2026-02-15T17:10:07.431324,2026-02-15T17:10:07.431324
e347175d-145d-532c-a138-1291e1180122,f24f2510-78f8-5edf-8f38-2937e3c5d08f,3,5,3000,15000,,False,2026-02-15T17:10:07.431324,2026-02-15T17:10:07.431324
4ea5b409-d8ae-5919-84f5-15c29b09029c,f24f2510-78f8-5edf-8f38-2937e3c5d08f,39,1,2500,2500,,False,2026-02-15T17:10:07.431324,2026-02-15T17:10:07.431324
c470b16a-8783-5f48-8f47-8f6a364afb1c,f24f2510-78f8-5edf-8f38-2937e3c5d08f,11,2,3000,6000,,False,2026-02-15T17:10:07.431324,2026-02-15T17:10:07.431324
71ad5291-e44c-5818-81a0-16bd02ef042e,f24f2510-78f8-5edf-8f38-2937e3c5d08f,5,2,3500,7000,,False,2026-02-15T17:10:07.431324,2026-02-15T17:10:07.431324
175aa229-53dc-56ca-a8fa-32e4c9142c63,f24f2510-78f8-5edf-8f38-2937e3c5d08f,4,3,3000,9000,,False,2026-02-15T17:10:07.431324,2026-02-15T17:10:07.431324
e68e84af-45a1-541d-aaf8-03ff5c0037c4,c106834b-8a13-5a4c-8370-6ad64cbbca24,11,1,3000,3000,,False,2026-02-15T17:10:07.431324,2026-02-15T17:10:07.431324
62629af6-2c3c-5af0-9d6f-560f854a84f2,c106834b-8a13-5a4c-8370-6ad64cbbca24,38,2,2500,5000,,False,2026-02-15T17:10:07.431324,2026-02-15T17:10:07.431324
0e9b0730-ce26-5e3b-b330-3c7c5fb5522a,c106834b-8a13-5a4c-8370-6ad64cbbca24,4,2,3000,6000,,False,2026-02-15T17:10:07.431324,2026-02-15T17:10:07.431324
1e9ea233-9b53-5ebe-aa92-1245774cf08e,c106834b-8a13-5a4c-8370-6ad64cbbca24,14,1,5000,5000,,False,2026-02-15T17:10:07.431324,2026-02-15T17:10:07.431324
8b1184a8-400e-511e-b93b-35761ebc1116,c106834b-8a13-5a4c-8370-6ad64cbbca24,39,1,2500,2500,,False,2026-02-15T17:10:07.431324,2026-02-15T17:10:07.431324
8b002b31-6766-58fa-ac98-cedc0e5f5763,c106834b-8a13-5a4c-8370-6ad64cbbca24,2,2,3000,6000,,False,2026-02-15T17:10:07.431324,2026-02-15T17:10:07.431324
08d78939-9720-5cdb-a845-a5251127a5b0,c106834b-8a13-5a4c-8370-6ad64cbbca24,10,1,3000,3000,,False,2026-02-15T17:10:07.431324,2026-02-15T17:10:07.431324
a5fa89a0-2dc3-5dfe-b2d4-46e16eaf396d,c106834b-8a13-5a4c-8370-6ad64cbbca24,1,3,1200,3600,,False,2026-02-15T17:10:07.431324,2026-02-15T17:10:07.431324
84eaea57-022a-52e1-ab29-31b70c0234c7,c106834b-8a13-5a4c-8370-6ad64cbbca24,8,5,3000,15000,,False,2026-02-15T17:10:07.431324,2026-02-15T17:10:07.431324
b781f986-5ada-459f-80e8-9bb5dab288b8,ee8040ed-0e27-414b-8962-e00ac33e511a,27,1,3000,3000,,False,2026-02-15T17:10:07.431324,2026-02-15T17:10:07.431324
bebcebb4-a027-44a4-ab92-d98b8840f9da,ee8040ed-0e27-414b-8962-e00ac33e511a,16,2,3000,6000,,False,2026-02-15T17:10:07.431324,2026-02-15T17:10:07.431324
70f3f184-70cd-4d25-bae8-8cef249107f5,ee8040ed-0e27-414b-8962-e00ac33e511a,17,2,3000,6000,,False,2026-02-15T17:10:07.431324,2026-02-15T17:10:07.431324
2a255895-a236-4bed-b4a1-81fdf23d807f,ee8040ed-0e27-414b-8962-e00ac33e511a,35,1,0,0,,False,2026-02-15T17:10:07.431324,2026-02-15T17:10:07.431324
13d3a32e-a324-43d3-8955-fdc9bb4ec868,ee8040ed-0e27-414b-8962-e00ac33e511a,36,1,0,0,,False,2026-02-15T17:10:07.431324,2026-02-15T17:10:07.431324
ea23394a-8026-46fc-8f5b-d9df00eaca47,f6d934d3-20a8-40cd-babe-373175f4396b,1,30,1200,36000,,False,2026-02-15T17:10:07.431324,2026-02-15T17:10:07.431324
dcfac9a5-4cbc-4166-9091-a5f64caaad43,f6d934d3-20a8-40cd-babe-373175f4396b,8,30,3000,90000,,False,2026-02-15T17:10:07.431324,2026-02-15T17:10:07.431324
0c1c868f-f4e2-4a8d-b502-be8656e518e0,f6d934d3-20a8-40cd-babe-373175f4396b,3,2,3000,6000,,False,2026-02-15T17:10:07.431324,2026-02-15T17:10:07.431324
0c5255a9-e2f6-425e-bde0-61cef1f04155,f6d934d3-20a8-40cd-babe-373175f4396b,10,2,3000,6000,,False,2026-02-15T17:10:07.431324,2026-02-15T17:10:07.431324
bab902f1-a56e-4351-b9ba-84b89f5992b6,f6d934d3-20a8-40cd-babe-373175f4396b,11,1,3000,3000,,False,2026-02-15T17:10:07.431324,2026-02-15T17:10:07.431324
aac9dd58-c160-43eb-8bd7-450fa00abdd1,f6d934d3-20a8-40cd-babe-373175f4396b,17,1,3000,3000,,False,2026-02-15T17:10:07.431324,2026-02-15T17:10:07.431324
3221f803-7a15-446d-8dde-03a03598fd66,eed55d95-6d1d-445d-b3f6-f3b8db13bc1d,2,2,3000,6000,,False,2026-02-15T17:10:07.431324,2026-02-15T17:10:07.431324
dc0a9179-be4f-45bf-93be-ac3ca84b0409,eed55d95-6d1d-445d-b3f6-f3b8db13bc1d,3,1,3000,3000,,False,2026-02-15T17:10:07.431324,2026-02-15T17:10:07.431324
00ef60b5-caf2-4912-b5d5-7cc4bf637ea7,eed55d95-6d1d-445d-b3f6-f3b8db13bc1d,4,2,3000,6000,,False,2026-02-15T17:10:07.431324,2026-02-15T17:10:07.431324
20225bea-29f3-4368-87ae-57b2fe066098,eed55d95-6d1d-445d-b3f6-f3b8db13bc1d,11,5,3000,15000,,False,2026-02-15T17:10:07.431324,2026-02-15T17:10:07.431324
c08b996a-f4e4-439d-8570-8111c6bfd43e,eed55d95-6d1d-445d-b3f6-f3b8db13bc1d,38,6,2500,15000,,False,2026-02-15T17:10:07.431324,2026-02-15T17:10:07.431324
3ce9ed27-5150-4486-863f-802551172d5c,eed55d95-6d1d-445d-b3f6-f3b8db13bc1d,39,5,2500,12500,,False,2026-02-15T17:10:07.431324,2026-02-15T17:10:07.431324
0bdc41da-4839-4d7a-a649-3e06b5a3d1c2,9037cf52-95f4-4f3e-85fa-19f30f8cb3e3,3,1,3000,3000,,False,2026-02-15T17:10:07.431324,2026-02-15T17:10:07.431324
f708bc37-556f-45b3-9d3c-3926cea46cf4,1bd1951a-a8ce-4ed4-997d-605177cae30d,38,1,2500,2500,,False,2026-02-15T17:10:07.431324,2026-02-15T17:10:07.431324
a43e4971-023f-45a6-ba72-2f29080798a5,1bd1951a-a8ce-4ed4-997d-605177cae30d,39,2,2500,5000,,False,2026-02-15T17:10:07.431324,2026-02-15T17:10:07.431324
d98918c6-9381-40bb-adea-22dd7f9059f4,1bd1951a-a8ce-4ed4-997d-605177cae30d,1,3,1200,3600,,False,2026-02-15T17:10:07.431324,2026-02-15T17:10:07.431324
2220f734-fdc0-4131-aad7-96430594bf2a,d3a80c87-455d-4841-9763-3c85f9278001,3,3,3000,9000,,False,2026-02-15T17:10:07.431324,2026-02-15T17:10:07.431324
f29f474c-c453-4fa7-b049-7a1aaad1d72b,d3a80c87-455d-4841-9763-3c85f9278001,4,1,3000,3000,,False,2026-02-15T17:10:07.431324,2026-02-15T17:10:07.431324
a06f96ba-c171-4ea0-8b11-ad9274fb5668,d3a80c87-455d-4841-9763-3c85f9278001,38,3,2500,7500,,False,2026-02-15T17:10:07.431324,2026-02-15T17:10:07.431324
e0403815-fbab-40d0-afbe-dffbc992197b,d3a80c87-455d-4841-9763-3c85f9278001,39,3,2500,7500,,False,2026-02-15T17:10:07.431324,2026-02-15T17:10:07.431324
fa0a999a-8f4e-41c2-8ee8-fcb0f1e8cd79,23a8dc19-fa79-492d-b0b7-01734d5dcdb6,1,3,1200,3600,,False,2026-02-15T17:10:07.431324,2026-02-15T17:10:07.431324
064806ac-2bd6-441f-98b4-57bab5532af1,23a8dc19-fa79-492d-b0b7-01734d5dcdb6,8,1,3000,3000,,False,2026-02-15T17:10:07.431324,2026-02-15T17:10:07.431324
977ea97a-996a-4bea-8570-70481e76b895,83999c63-4078-4242-b41a-47bdc71ca454,3,3,3000,9000,,False,2026-02-15T17:10:07.431324,2026-02-15T17:10:07.431324
b95728a3-0f1f-41c7-9489-9e88b44e9c4a,83999c63-4078-4242-b41a-47bdc71ca454,1,6,1200,7200,,False,2026-02-15T17:10:07.431324,2026-02-15T17:10:07.431324
de931980-08c1-4254-a265-73974e2f4c99,83999c63-4078-4242-b41a-47bdc71ca454,8,6,3000,18000,,False,2026-02-15T17:10:07.431324,2026-02-15T17:10:07.431324
b21e1979-7bbb-4105-bfb8-eb71cd6cacc8,83999c63-4078-4242-b41a-47bdc71ca454,11,1,3000,3000,,False,2026-02-15T17:10:07.431324,2026-02-15T17:10:07.431324
31667648-85d5-46a4-9d5e-ee4c4a56bd44,2d561b73-15aa-45fa-859c-a466b205ea97,38,3,2500,7500,,False,2026-02-15T17:10:07.431324,2026-02-15T17:10:07.431324
cf900bc9-2207-41c7-9455-b04e6362e770,2d561b73-15aa-45fa-859c-a466b205ea97,39,3,2500,7500,,False,2026-02-15T17:10:07.431324,2026-02-15T17:10:07.431324
739b477e-27d8-4ff7-9d9a-4c40a0d2c899,2d561b73-15aa-45fa-859c-a466b205ea97,14,2,5000,10000,,False,2026-02-15T17:10:07.431324,2026-02-15T17:10:07.431324
f32552e0-05a1-4a03-8a64-46c55c57f274,23de0538-c0f0-4039-893d-9c4d4adac8f4,1,30,1200,36000,,False,2026-02-15T17:10:07.431324,2026-02-15T17:10:07.431324
0a3c7fe4-4b5c-41b0-8490-74bfc029b842,23de0538-c0f0-4039-893d-9c4d4adac8f4,2,3,3000,9000,,False,2026-02-15T17:10:07.431324,2026-02-15T17:10:07.431324
2953462e-a58d-4fdf-8795-b82599637698,23de0538-c0f0-4039-893d-9c4d4adac8f4,3,9,3000,27000,,False,2026-02-15T17:10:07.431324,2026-02-15T17:10:07.431324
bf3447b6-548b-4c7d-82a0-faf1616734c9,23de0538-c0f0-4039-893d-9c4d4adac8f4,4,12,3000,36000,,False,2026-02-15T17:10:07.431324,2026-02-15T17:10:07.431324
d67766b8-2656-4cdb-86b5-aa3c47737093,23de0538-c0f0-4039-893d-9c4d4adac8f4,6,1,5000,5000,,False,2026-02-15T17:10:07.431324,2026-02-15T17:10:07.431324
121a94c4-4024-4c4a-8c45-caf14dbacae5,23de0538-c0f0-4039-893d-9c4d4adac8f4,7,6,3000,18000,,False,2026-02-15T17:10:07.431324,2026-02-15T17:10:07.431324
1bad2768-513e-4199-8cbb-cb7f05085e28,23de0538-c0f0-4039-893d-9c4d4adac8f4,8,24,3000,72000,,False,2026-02-15T17:10:07.431324,2026-02-15T17:10:07.431324
268541a8-08f0-4a9a-8276-5fc72ee3562c,61762da6-9624-451a-b291-59374bc50b7b,2,3,3000,9000,,False,2026-02-15T17:10:07.431324,2026-02-15T17:10:07.431324
82d93881-0940-460b-86bf-1fee613b5565,61762da6-9624-451a-b291-59374bc50b7b,3,3,3000,9000,,False,2026-02-15T17:10:07.431324,2026-02-15T17:10:07.431324
d49d5611-9122-4d14-b2fb-ff1522b9c3dd,61762da6-9624-451a-b291-59374bc50b7b,8,4,3000,12000,,False,2026-02-15T17:10:07.431324,2026-02-15T17:10:07.431324
43f6bde2-1ba6-472d-8b5a-760ef8388228,61762da6-9624-451a-b291-59374bc50b7b,1,1,1200,1200,,False,2026-02-15T17:10:07.431324,2026-02-15T17:10:07.431324
52f1c746-1279-4207-970a-cf1156002244,329190fe-760e-4421-b86c-de5b3933be8e,1,0,1200,0,,True,2026-02-15T17:10:07.431324,2026-02-15T17:10:07.431324
acf74141-eaa3-4861-90f5-74f436baf585,329190fe-760e-4421-b86c-de5b3933be8e,2,0,3000,0,,True,2026-02-15T17:10:07.432323,2026-02-15T17:10:07.432323
622aff87-c63c-4f5f-96ea-3f478714727c,329190fe-760e-4421-b86c-de5b3933be8e,3,1,3000,3000,,True,2026-02-15T17:10:07.432323,2026-02-15T17:10:07.432323
9f15895e-e648-431e-8777-5ea8ea61aa57,329190fe-760e-4421-b86c-de5b3933be8e,4,0,3000,0,,True,2026-02-15T17:10:07.432323,2026-02-15T17:10:07.432323
233d4a3b-e5e3-4ab9-8829-c79dbaf1a0f4,329190fe-760e-4421-b86c-de5b3933be8e,17,0,3000,0,,True,2026-02-15T17:10:07.432323,2026-02-15T17:10:07.432323
d9208d8b-a7d2-465d-baef-a629bf004d3b,8dc46a31-2eb6-47dd-baa9-1347c2e1190a,1,6,1200,7200,,False,2026-02-15T17:10:07.432323,2026-02-15T17:10:07.432323
1a8ca3d4-b19d-4620-a8c2-f5fbbd7b829e,8dc46a31-2eb6-47dd-baa9-1347c2e1190a,2,3,3000,9000,,False,2026-02-15T17:10:07.432323,2026-02-15T17:10:07.432323
ee8f4575-558e-44c4-bbe6-9d5e5ed49ed2,8dc46a31-2eb6-47dd-baa9-1347c2e1190a,4,3,3000,9000,,False,2026-02-15T17:10:07.432323,2026-02-15T17:10:07.432323
264cd061-dbd7-4fed-90a1-9603d9fea596,8dc46a31-2eb6-47dd-baa9-1347c2e1190a,7,3,3000,9000,,False,2026-02-15T17:10:07.432323,2026-02-15T17:10:07.432323
9589ee5e-c825-4836-a71d-9061b2a9d0e8,8dc46a31-2eb6-47dd-baa9-1347c2e1190a,8,6,3000,18000,,False,2026-02-15T17:10:07.432323,2026-02-15T17:10:07.432323
6083853c-5469-4412-9d84-ad50666939d9,8dc46a31-2eb6-47dd-baa9-1347c2e1190a,39,2,2500,5000,,False,2026-02-15T17:10:07.432323,2026-02-15T17:10:07.432323
517987fe-c1e3-49be-9f92-cc5494be3f1a,ec871410-13ae-48cf-88d5-6f36ad02468e,1,6,1200,7200,,False,2026-02-15T17:10:07.432323,2026-02-15T17:10:07.432323
40e75b1a-e52e-4784-a823-2821ba20206e,ec871410-13ae-48cf-88d5-6f36ad02468e,4,3,3000,9000,,False,2026-02-15T17:10:07.432323,2026-02-15T17:10:07.432323
c94cace3-fa01-417c-8930-1b57a840c890,ec871410-13ae-48cf-88d5-6f36ad02468e,7,3,3000,9000,,False,2026-02-15T17:10:07.432323,2026-02-15T17:10:07.432323
5bad1ee5-dc5e-40ea-a4fe-345fb2d1251f,ec871410-13ae-48cf-88d5-6f36ad02468e,8,3,3000,9000,,False,2026-02-15T17:10:07.432323,2026-02-15T17:10:07.432323
263427e0-fc72-461c-a72b-ee2569026681,ec871410-13ae-48cf-88d5-6f36ad02468e,11,2,3000,6000,,False,2026-02-15T17:10:07.432323,2026-02-15T17:10:07.432323
9bf6458e-ee4c-4ab1-9a2c-039da49f8828,a78dbb29-de89-49c8-b31e-5ee0dd86decf,8,0,3000,0,,True,2026-02-15T17:10:07.432323,2026-02-15T17:10:07.432323
bc6fd4aa-9b11-435f-85ac-13807f904cc6,a78dbb29-de89-49c8-b31e-5ee0dd86decf,10,6,3000,18000,,True,2026-02-15T17:10:07.432323,2026-02-15T17:10:07.432323
9e3cdf8d-1c87-4011-92af-f9d0bf882b62,a78dbb29-de89-49c8-b31e-5ee0dd86decf,10,0,3000,0,,True,2026-02-15T17:10:07.432323,2026-02-15T17:10:07.432323
6c5f228a-7e01-47a7-98aa-c29d75ac0dd4,a78dbb29-de89-49c8-b31e-5ee0dd86decf,38,0,2500,0,,True,2026-02-15T17:10:07.432323,2026-02-15T17:10:07.432323
b4f6e74d-ac9c-427f-bef3-ef43f8335863,a78dbb29-de89-49c8-b31e-5ee0dd86decf,39,0,2500,0,,True,2026-02-15T17:10:07.432323,2026-02-15T17:10:07.432323
9fd87b01-56e6-4e7e-a9e9-1dd0079adac2,a78dbb29-de89-49c8-b31e-5ee0dd86decf,14,0,5000,0,,True,2026-02-15T17:10:07.432323,2026-02-15T17:10:07.432323
4c5b6ff6-2611-4a77-a8c0-6617cf48c67a,b20ac73d-d0c4-4a54-b37d-e8f3d0001d5c,7,6,3000,18000,,False,2026-02-15T17:10:07.432323,2026-02-15T17:10:07.432323
4d44d885-571c-4da1-bc99-b12a1e2b9fa7,b20ac73d-d0c4-4a54-b37d-e8f3d0001d5c,8,6,3000,18000,,False,2026-02-15T17:10:07.432323,2026-02-15T17:10:07.432323
e6164794-9dcd-4343-891c-7a1cd6a930ee,c79e79e0-72c6-4900-8b09-4625f629f87b,1,0,1200,0,,True,2026-02-15T17:10:07.432323,2026-02-15T17:10:07.432323
5f3f15cd-1f00-4338-8b0f-6c6ef5460955,c79e79e0-72c6-4900-8b09-4625f629f87b,2,0,3000,0,,True,2026-02-15T17:10:07.432323,2026-02-15T17:10:07.432323
e00e705d-613e-4c49-820f-a7e084134ecf,c79e79e0-72c6-4900-8b09-4625f629f87b,3,0,3000,0,,True,2026-02-15T17:10:07.432323,2026-02-15T17:10:07.432323
7d7e2ff9-2039-4ff1-aa1e-048681162038,c79e79e0-72c6-4900-8b09-4625f629f87b,4,0,3000,0,,True,2026-02-15T17:10:07.432323,2026-02-15T17:10:07.432323
2f1618c1-8e99-44f9-b34f-e04b7540deef,c79e79e0-72c6-4900-8b09-4625f629f87b,5,0,3500,0,,True,2026-02-15T17:10:07.432323,2026-02-15T17:10:07.432323
69475025-34ec-41b3-bc6e-c6bfb26ff760,c79e79e0-72c6-4900-8b09-4625f629f87b,6,0,5000,0,,True,2026-02-15T17:10:07.432323,2026-02-15T17:10:07.432323
68b17820-9c35-4071-bb9f-98310e0ba9f7,c79e79e0-72c6-4900-8b09-4625f629f87b,7,0,3000,0,,True,2026-02-15T17:10:07.432323,2026-02-15T17:10:07.432323
8bcc45df-9937-46e9-9a3b-64e452e85edc,cc887886-a36c-4210-90cf-65e632e1e673,11,5,3000,15000,,False,2026-02-15T17:10:07.432323,2026-02-15T17:10:07.432323
cef70b3f-aa90-4cd6-ac3e-cd8da5297207,cc887886-a36c-4210-90cf-65e632e1e673,17,1,3000,3000,,False,2026-02-15T17:10:07.432323,2026-02-15T17:10:07.432323
9f3c6ab5-329a-475b-8a41-cfcda1458297,2edbde04-841f-451b-947a-9b17a2d88906,2,5,3000,15000,,False,2026-02-15T17:10:07.432323,2026-02-15T17:10:07.432323
0359f3d6-125f-4ec0-ba16-f6f52484516f,2edbde04-841f-451b-947a-9b17a2d88906,3,3,3000,9000,,False,2026-02-15T17:10:07.432323,2026-02-15T17:10:07.432323
c7bc0663-27a6-4583-a26a-cc67e9250eb1,2edbde04-841f-451b-947a-9b17a2d88906,7,1,3000,3000,,False,2026-02-15T17:10:07.432323,2026-02-15T17:10:07.432323
0da1d434-a7bf-40af-b753-9ccb994eca98,2edbde04-841f-451b-947a-9b17a2d88906,8,5,3000,15000,,False,2026-02-15T17:10:07.432323,2026-02-15T17:10:07.432323
86740388-eb8f-4768-ba1e-8b9007b5ff22,29aca9fd-3123-4d43-93cd-62d6bc1d7f10,1,6,1200,7200,,False,2026-02-15T17:10:07.432323,2026-02-15T17:10:07.432323
71f7d657-5f8f-4975-a60f-f5e370fd363f,29aca9fd-3123-4d43-93cd-62d6bc1d7f10,2,6,3000,18000,,False,2026-02-15T17:10:07.432323,2026-02-15T17:10:07.432323
4ce397b8-3fc6-441e-bb45-27039d4e0651,29aca9fd-3123-4d43-93cd-62d6bc1d7f10,8,6,3000,18000,,False,2026-02-15T17:10:07.432323,2026-02-15T17:10:07.432323
143e0291-c83a-4811-8c8a-50f1dad7704f,402a2ba0-1b24-4d75-ba7a-35466f367351,1,6,1200,7200,,False,2026-02-15T17:10:07.432323,2026-02-15T17:10:07.432323
8c4df3dd-5170-4572-b05e-3c01890de15e,402a2ba0-1b24-4d75-ba7a-35466f367351,7,8,3000,24000,,False,2026-02-15T17:10:07.432323,2026-02-15T17:10:07.432323
fae94df2-de78-4bc7-a533-ecd0ac8914c6,402a2ba0-1b24-4d75-ba7a-35466f367351,2,2,3000,6000,,False,2026-02-15T17:10:07.432323,2026-02-15T17:10:07.432323
02e5aa42-001b-4610-b34b-3037b4b7acc5,402a2ba0-1b24-4d75-ba7a-35466f367351,4,2,3000,6000,,False,2026-02-15T17:10:07.432323,2026-02-15T17:10:07.432323
354ccb5c-749c-4093-97d7-456d35644942,156886fa-102c-42c8-8b9f-a6e219842bee,1,4,1200,4800,,False,2026-02-15T17:10:07.432323,2026-02-15T17:10:07.432323
383d0533-4202-4459-aef2-7c010652e211,156886fa-102c-42c8-8b9f-a6e219842bee,2,6,3000,18000,,False,2026-02-15T17:10:07.432323,2026-02-15T17:10:07.432323
ffcb5a33-a9f5-4cbc-9b20-5588e6ff88a9,156886fa-102c-42c8-8b9f-a6e219842bee,8,5,3000,15000,,False,2026-02-15T17:10:07.432323,2026-02-15T17:10:07.432323
11f895eb-9c50-42a8-9a1f-18351d56eff1,156886fa-102c-42c8-8b9f-a6e219842bee,14,1,5000,5000,,False,2026-02-15T17:10:07.432323,2026-02-15T17:10:07.432323
080411b9-566e-4626-918c-1b9e13306541,ab0fd77c-0285-4320-8ec2-6019b25f2fd8,1,12,1200,14400,,False,2026-02-15T17:10:07.432323,2026-02-15T17:10:07.432323
99255e95-1c1f-4958-a685-c40813d4ede9,ab0fd77c-0285-4320-8ec2-6019b25f2fd8,2,6,3000,18000,,False,2026-02-15T17:10:07.432323,2026-02-15T17:10:07.432323
bc504932-fe41-4a8b-9d66-db9d3b2ef9df,ab0fd77c-0285-4320-8ec2-6019b25f2fd8,3,4,3000,12000,,False,2026-02-15T17:10:07.432323,2026-02-15T17:10:07.432323
8228bdcc-12ac-4db5-b47f-f41dee2b7a80,ab0fd77c-0285-4320-8ec2-6019b25f2fd8,4,3,3000,9000,,False,2026-02-15T17:10:07.432323,2026-02-15T17:10:07.432323
1c6d76a3-fe96-41b6-84be-bbc1b9e80b9b,ab0fd77c-0285-4320-8ec2-6019b25f2fd8,5,2,3500,7000,,False,2026-02-15T17:10:07.432323,2026-02-15T17:10:07.432323
0781e6e3-5ff5-4c3b-a7eb-933a431b9336,ab0fd77c-0285-4320-8ec2-6019b25f2fd8,7,6,3000,18000,,False,2026-02-15T17:10:07.432323,2026-02-15T17:10:07.432323
a77aba62-277b-4a2d-a596-412c4b70850c,ab0fd77c-0285-4320-8ec2-6019b25f2fd8,8,6,3000,18000,,False,2026-02-15T17:10:07.432323,2026-02-15T17:10:07.432323
87b3ee7f-4e76-4368-a859-6f586cec9d23,ba6747c3-3b07-4c35-989f-943034dd4af8,1,6,1200,7200,,False,2026-02-15T17:10:07.432323,2026-02-15T17:10:07.432323
39aa1f4c-f591-46c1-b33c-5dea9aa326d2,ba6747c3-3b07-4c35-989f-943034dd4af8,8,6,3000,18000,,False,2026-02-15T17:10:07.432323,2026-02-15T17:10:07.432323
cbb5198d-7761-4bcd-ba25-0935f0794da2,8cfd8dd5-cd8a-41a4-9277-d8a0952495cd,1,62,1200,74400,,False,2026-02-15T17:10:07.432323,2026-02-15T17:10:07.432323
fbabbf18-b7e5-4e24-9085-3191c244d728,8cfd8dd5-cd8a-41a4-9277-d8a0952495cd,2,14,3000,42000,,False,2026-02-15T17:10:07.432323,2026-02-15T17:10:07.432323
25e9855c-4df3-479f-ac6f-907ad8761b9b,8cfd8dd5-cd8a-41a4-9277-d8a0952495cd,3,10,3000,30000,,False,2026-02-15T17:10:07.432323,2026-02-15T17:10:07.432323
9378a985-c135-4750-b254-108dc311cffb,8cfd8dd5-cd8a-41a4-9277-d8a0952495cd,4,12,3000,36000,,False,2026-02-15T17:10:07.432323,2026-02-15T17:10:07.432323
2980a39d-69dc-4455-a4ba-4da6837042c7,8cfd8dd5-cd8a-41a4-9277-d8a0952495cd,5,2,3500,7000,,False,2026-02-15T17:10:07.432323,2026-02-15T17:10:07.432323
62197f45-a704-4cee-9670-db2b792dbd9e,8cfd8dd5-cd8a-41a4-9277-d8a0952495cd,6,1,5000,5000,,False,2026-02-15T17:10:07.432323,2026-02-15T17:10:07.432323
ac21738d-bec5-4aa8-af20-896985419db6,8cfd8dd5-cd8a-41a4-9277-d8a0952495cd,7,6,3000,18000,,False,2026-02-15T17:10:07.432323,2026-02-15T17:10:07.432323
3cb9a04d-c377-4414-837d-0096397be2a7,0cd84653-72a3-43ee-8982-399063687116,1,3,1200,3600,,False,2026-02-15T17:10:07.432323,2026-02-15T17:10:07.432323
27a74473-4ecc-4878-b766-01b13881f832,0cd84653-72a3-43ee-8982-399063687116,3,3,3000,9000,,False,2026-02-15T17:10:07.432323,2026-02-15T17:10:07.432323
cb8f5811-d7b0-46f9-a4ff-70ce46a3eea1,0cd84653-72a3-43ee-8982-399063687116,4,3,3000,9000,,False,2026-02-15T17:10:07.432323,2026-02-15T17:10:07.432323
8ec253b4-f023-4c16-94a7-4c88f5a62b5e,0cd84653-72a3-43ee-8982-399063687116,5,1,3500,3500,,False,2026-02-15T17:10:07.432323,2026-02-15T17:10:07.432323
d1bf33af-b57a-4588-8511-6d88e3c4e82a,0cd84653-72a3-43ee-8982-399063687116,14,3,5000,15000,,False,2026-02-15T17:10:07.432323,2026-02-15T17:10:07.432323
3aab33b7-05b3-4f98-b5c3-fdc48b976893,641a1514-d95e-449b-89e7-66988691f30d,1,0,1200,0,,True,2026-02-15T17:10:07.432323,2026-02-15T17:10:07.432323
80f4b823-d86c-424a-b955-b17b2cd6ac5f,641a1514-d95e-449b-89e7-66988691f30d,8,0,3000,0,,True,2026-02-15T17:10:07.432323,2026-02-15T17:10:07.432323
b53c1d00-0eb3-4f15-a13c-ff6abaa77c10,641a1514-d95e-449b-89e7-66988691f30d,14,0,5000,0,,False,2026-02-15T17:10:07.432323,2026-02-15T17:10:07.432323
7d15cdd7-e554-4ed5-9f77-79cdda77f177,b4829478-6a72-435c-8070-13e53ef0be7a,4,1,3000,3000,,False,2026-02-15T17:10:07.432323,2026-02-15T17:10:07.432323
2db55bae-1b29-4a0e-adec-2f9c88d50a9e,3ca039f2-9de5-4065-b564-8059782e615c,4,3,3000,9000,,False,2026-02-15T17:10:07.432323,2026-02-15T17:10:07.432323
6e45b184-b418-48a1-bfa9-cb71497f5b67,3ca039f2-9de5-4065-b564-8059782e615c,7,6,3000,18000,,False,2026-02-15T17:10:07.432323,2026-02-15T17:10:07.432323
6cc56729-178f-4614-9a2c-9c943841f4fd,3ca039f2-9de5-4065-b564-8059782e615c,10,3,3000,9000,,False,2026-02-15T17:10:07.432323,2026-02-15T17:10:07.432323
6a4b79bc-7652-4887-8ba5-61e27eaea049,3ca039f2-9de5-4065-b564-8059782e615c,38,2,2500,5000,,False,2026-02-15T17:10:07.432323,2026-02-15T17:10:07.432323
9c18d1a7-48b2-412e-bc90-b1ff2bd89740,3ca039f2-9de5-4065-b564-8059782e615c,39,1,2500,2500,,False,2026-02-15T17:10:07.432323,2026-02-15T17:10:07.432323
15e45a52-7c53-445b-947b-cb929d454de6,3ca039f2-9de5-4065-b564-8059782e615c,33,5,200,1000,,False,2026-02-15T17:10:07.432323,2026-02-15T17:10:07.432323
ab51cc50-ff7d-4823-9a93-e82118f3b8b5,3ca039f2-9de5-4065-b564-8059782e615c,34,5,200,1000,,False,2026-02-15T17:10:07.432323,2026-02-15T17:10:07.432323
3387273a-f67b-4b40-844e-3a2a1c731c1f,0836c14a-89a8-41db-8f3a-fb2c7a9ba5ed,8,6,3000,18000,,False,2026-02-15T17:10:07.432323,2026-02-15T17:10:07.432323
f7c6cbba-4bc0-4a0f-8fe6-d31e0dae5f94,0836c14a-89a8-41db-8f3a-fb2c7a9ba5ed,10,1,3000,3000,,False,2026-02-15T17:10:07.432323,2026-02-15T17:10:07.432323
3aa40854-4207-493e-be4d-ece6204a3da0,f79f6bb7-cfd7-43a0-9167-dbfcc7ef24d3,8,50,3000,150000,,False,2026-02-15T17:10:07.432323,2026-02-15T17:10:07.432323
c3ad9f30-cf53-4f01-8eb0-b98cb7dbfe81,f79f6bb7-cfd7-43a0-9167-dbfcc7ef24d3,9,3,3000,9000,,False,2026-02-15T17:10:07.432323,2026-02-15T17:10:07.432323
550f4cee-c365-40b9-a334-8991e9adcfb6,f79f6bb7-cfd7-43a0-9167-dbfcc7ef24d3,10,6,3000,18000,,False,2026-02-15T17:10:07.432323,2026-02-15T17:10:07.432323
90976a45-46fe-43e5-ae98-fa53a91b0e07,f79f6bb7-cfd7-43a0-9167-dbfcc7ef24d3,11,6,3000,18000,,False,2026-02-15T17:10:07.432323,2026-02-15T17:10:07.432323
2e8522a3-cee7-4a46-9263-5e3ad5b86c40,f79f6bb7-cfd7-43a0-9167-dbfcc7ef24d3,38,5,2500,12500,,False,2026-02-15T17:10:07.432323,2026-02-15T17:10:07.432323
a722e8fa-c0ca-4d89-833a-0f251f0da603,f79f6bb7-cfd7-43a0-9167-dbfcc7ef24d3,39,5,2500,12500,,False,2026-02-15T17:10:07.432323,2026-02-15T17:10:07.432323
ff7d9ef2-96bd-42e0-aa73-a7598d6eba2c,f79f6bb7-cfd7-43a0-9167-dbfcc7ef24d3,14,2,5000,10000,,False,2026-02-15T17:10:07.432323,2026-02-15T17:10:07.432323
97faa9ed-2f5e-49b6-8163-69d1f53c0610,22e5145b-eca3-4f66-8c57-6f320b349dfb,1,0,1200,0,,True,2026-02-15T17:10:07.432323,2026-02-15T17:10:07.432323
43e3a781-b8d2-44c6-ad3c-b3fdd618c6f3,22e5145b-eca3-4f66-8c57-6f320b349dfb,4,0,3000,0,,True,2026-02-15T17:10:07.432323,2026-02-15T17:10:07.432323
327d1b82-99d7-4e60-9f17-4bfad6d0a2ce,22e5145b-eca3-4f66-8c57-6f320b349dfb,8,0,3000,0,,True,2026-02-15T17:10:07.432323,2026-02-15T17:10:07.432323
91579e5a-10ef-4636-ae27-6be0602a13d8,f2ce1376-40c8-423e-adee-ef98eba4d27e,15,1,3000,3000,,True,2026-02-15T17:10:07.432323,2026-02-15T17:10:07.432323
0e10fb9d-2792-4e55-9ee1-a9fb3832b8e3,f2ce1376-40c8-423e-adee-ef98eba4d27e,21,1,4500,4500,,False,2026-02-15T17:10:07.432323,2026-02-15T17:10:07.432323
b155982b-e0a8-45a5-9e5f-142ed3e38054,f2ce1376-40c8-423e-adee-ef98eba4d27e,10,2,3000,6000,,False,2026-02-15T17:10:07.432323,2026-02-15T17:10:07.432323
43050491-2b48-4b22-913f-f9b4736dbb9e,f2ce1376-40c8-423e-adee-ef98eba4d27e,17,2,3000,6000,,False,2026-02-15T17:10:07.432323,2026-02-15T17:10:07.432323
c83f3399-7662-491b-a0bb-d799d8b26ee5,d09db9a6-0a7e-4e43-b863-7890fa821e8c,1,1,1200,1200,,False,2026-02-15T17:10:07.432323,2026-02-15T17:10:07.432323
07ac435c-3a9e-4e83-8315-0c5f80fb4170,d09db9a6-0a7e-4e43-b863-7890fa821e8c,3,1,3000,3000,,False,2026-02-15T17:10:07.432323,2026-02-15T17:10:07.432323
efcfecaa-253e-47fc-8043-8b749ae7debc,d09db9a6-0a7e-4e43-b863-7890fa821e8c,4,6,3000,18000,,False,2026-02-15T17:10:07.432323,2026-02-15T17:10:07.432323
12f12e78-b3ba-47a2-a2f7-0496ac5e5556,d09db9a6-0a7e-4e43-b863-7890fa821e8c,8,5,3000,15000,,False,2026-02-15T17:10:07.432323,2026-02-15T17:10:07.432323
bae1eebb-e610-462c-b3b1-fd7f8ef93971,d09db9a6-0a7e-4e43-b863-7890fa821e8c,10,1,3000,3000,,False,2026-02-15T17:10:07.432323,2026-02-15T17:10:07.432323
5fee2274-32f0-4063-a603-e791a9e2b4ed,d09db9a6-0a7e-4e43-b863-7890fa821e8c,11,1,3000,3000,,False,2026-02-15T17:10:07.432323,2026-02-15T17:10:07.432323
c97994aa-6f7f-4ee7-b02a-343a72ce3971,d09db9a6-0a7e-4e43-b863-7890fa821e8c,14,1,5000,5000,,False,2026-02-15T17:10:07.432323,2026-02-15T17:10:07.432323
d5abc200-d8cd-4c08-97ae-6506a4a566c1,3654fff8-c683-4320-bd94-8c8097292190,1,5,1200,6000,,False,2026-02-15T17:10:07.432323,2026-02-15T17:10:07.432323
0a828d01-28d6-4979-a6c0-4aa407e61599,3654fff8-c683-4320-bd94-8c8097292190,7,3,3000,9000,,False,2026-02-15T17:10:07.433323,2026-02-15T17:10:07.433323
c5bb2071-45d2-47ca-8bcc-42f85bd56965,3654fff8-c683-4320-bd94-8c8097292190,38,3,2500,7500,,False,2026-02-15T17:10:07.433323,2026-02-15T17:10:07.433323
e3e25a9b-b267-4749-8466-01b3bac3e058,3654fff8-c683-4320-bd94-8c8097292190,39,3,2500,7500,,False,2026-02-15T17:10:07.433323,2026-02-15T17:10:07.433323
d3050c61-2cec-485b-b27f-97de31ee8c1a,3654fff8-c683-4320-bd94-8c8097292190,36,10,20,200,,False,2026-02-15T17:10:07.433323,2026-02-15T17:10:07.433323
1fa5d57b-5e6f-48e0-b19c-268aae080437,099991f6-5efb-450e-8b97-47c63a830044,1,0,1200,0,,True,2026-02-15T17:10:07.433323,2026-02-15T17:10:07.433323
8ab26f43-eb02-4461-8b63-0d5200898528,099991f6-5efb-450e-8b97-47c63a830044,2,0,3000,0,,True,2026-02-15T17:10:07.433323,2026-02-15T17:10:07.433323
ec24bfcd-1462-4303-893a-01023331228d,099991f6-5efb-450e-8b97-47c63a830044,3,0,3000,0,,True,2026-02-15T17:10:07.433323,2026-02-15T17:10:07.433323
6b2a4bfe-919c-4d20-8af8-86d0a24a30c5,099991f6-5efb-450e-8b97-47c63a830044,4,0,3000,0,,True,2026-02-15T17:10:07.433323,2026-02-15T17:10:07.433323
b51c9671-56e8-4001-ab4d-bb7dcfe25ed0,099991f6-5efb-450e-8b97-47c63a830044,6,0,5000,0,,True,2026-02-15T17:10:07.433323,2026-02-15T17:10:07.433323
f3a91dfc-1251-4c84-8319-ae2df1aca6f2,099991f6-5efb-450e-8b97-47c63a830044,7,0,3000,0,,True,2026-02-15T17:10:07.433323,2026-02-15T17:10:07.433323
8b28a5b9-33ba-4da4-9165-bfc960215200,099991f6-5efb-450e-8b97-47c63a830044,8,0,3000,0,,True,2026-02-15T17:10:07.433323,2026-02-15T17:10:07.433323
2e3104b5-c84b-4aac-b3c5-686ce03d5aaf,309316d8-6a56-49d5-930f-7641afec158e,1,12,1200,14400,,False,2026-02-15T17:10:07.433323,2026-02-15T17:10:07.433323
64acbfa1-80cb-48cf-a6dc-cd4d7957f3cf,2b74324a-cd4a-4d8e-bb88-bf9306d5e0a4,1,0,1200,0,,True,2026-02-15T17:10:07.433323,2026-02-15T17:10:07.433323
aa71edf0-4298-4a34-b506-1295b877d931,2b74324a-cd4a-4d8e-bb88-bf9306d5e0a4,2,1,3000,3000,,True,2026-02-15T17:10:07.433323,2026-02-15T17:10:07.433323
168db538-bc61-433d-a600-1cb81db3132c,c3eb6df2-364a-411b-9ddc-f8da4c17dbd2,1,0,1200,0,,True,2026-02-15T17:10:07.433323,2026-02-15T17:10:07.433323
530e1968-de78-4d84-9a77-5a247dc4cd4e,c3eb6df2-364a-411b-9ddc-f8da4c17dbd2,4,0,3000,0,,True,2026-02-15T17:10:07.433323,2026-02-15T17:10:07.433323
2c229539-2434-4317-8030-c4b9fed424be,c3eb6df2-364a-411b-9ddc-f8da4c17dbd2,7,0,3000,0,,True,2026-02-15T17:10:07.433323,2026-02-15T17:10:07.433323
e0140df8-7d3a-4bdc-8bfd-077b59d91192,c3eb6df2-364a-411b-9ddc-f8da4c17dbd2,8,0,3000,0,,True,2026-02-15T17:10:07.433323,2026-02-15T17:10:07.433323
8a8edb29-3b0b-4db3-9734-bd4288c6d4b5,c3eb6df2-364a-411b-9ddc-f8da4c17dbd2,11,0,3000,0,,True,2026-02-15T17:10:07.433323,2026-02-15T17:10:07.433323
f71f5421-4c62-4a13-a7fb-d3b1553efecc,ca3c549e-bdda-4b50-85ce-95432de60305,2,2,3000,6000,,False,2026-02-15T17:10:07.433323,2026-02-15T17:10:07.433323
997d71a8-5fdf-4ced-b6b6-d67933b71367,ca3c549e-bdda-4b50-85ce-95432de60305,4,2,3000,6000,,False,2026-02-15T17:10:07.433323,2026-02-15T17:10:07.433323
c57ae6ac-70c5-44a5-b7dd-d9fa356bf814,ca3c549e-bdda-4b50-85ce-95432de60305,8,3,3000,9000,,False,2026-02-15T17:10:07.433323,2026-02-15T17:10:07.433323
b5ec1695-fc27-4d64-9b45-c4ed0608e14d,ca3c549e-bdda-4b50-85ce-95432de60305,10,1,3000,3000,,False,2026-02-15T17:10:07.433323,2026-02-15T17:10:07.433323
282cc6d8-c76c-4611-b817-16b1505b24cf,ca3c549e-bdda-4b50-85ce-95432de60305,11,1,3000,3000,,False,2026-02-15T17:10:07.433323,2026-02-15T17:10:07.433323
daaf5bd9-d306-46a9-9055-07e53dd11166,ca3c549e-bdda-4b50-85ce-95432de60305,38,2,2500,5000,,False,2026-02-15T17:10:07.433323,2026-02-15T17:10:07.433323
7de6e690-dc03-4e3b-ae7e-730e886948a3,ca3c549e-bdda-4b50-85ce-95432de60305,39,1,2500,2500,,False,2026-02-15T17:10:07.433323,2026-02-15T17:10:07.433323
6f5ee1d5-daab-43e9-93a6-2db259041efe,ca3c549e-bdda-4b50-85ce-95432de60305,14,1,5000,5000,,False,2026-02-15T17:10:07.433323,2026-02-15T17:10:07.433323
d83e48e5-4c55-41fe-b682-5a02ae787d5e,91b40baf-58c1-4c83-bd54-cb32947aeb07,2,6,3000,18000,,False,2026-02-15T17:10:07.433323,2026-02-15T17:10:07.433323
c05a2474-b0b9-48fc-8afe-498ac12ed474,91b40baf-58c1-4c83-bd54-cb32947aeb07,3,3,3000,9000,,False,2026-02-15T17:10:07.433323,2026-02-15T17:10:07.433323
de44d23d-367d-4020-855c-d70e237ded76,91b40baf-58c1-4c83-bd54-cb32947aeb07,17,1,3000,3000,,False,2026-02-15T17:10:07.433323,2026-02-15T17:10:07.433323
9d2a7a26-9172-5915-88e3-d9859f6ac352,a888b749-2e3f-54c6-8efb-43dab463bba8,8,2,3000,6000,,False,2026-02-15T17:10:07.433323,2026-02-15T17:10:07.433323
7cf82f7b-7c19-5bdb-b039-4c370ee3888a,a888b749-2e3f-54c6-8efb-43dab463bba8,5,2,3500,7000,,False,2026-02-15T17:10:07.433323,2026-02-15T17:10:07.433323
9c9776fb-6003-5dfc-8083-583f3153fd33,a888b749-2e3f-54c6-8efb-43dab463bba8,3,2,3000,6000,,False,2026-02-15T17:10:07.433323,2026-02-15T17:10:07.433323
a0aa359e-446d-58df-a680-ab6c49c8298e,d8636d14-fee7-538e-8b71-276724f52def,1,0,1200,0,,True,2026-02-15T17:10:07.433323,2026-02-15T17:10:07.433323
5890f8a5-4205-5154-ab31-24a15e186564,d8636d14-fee7-538e-8b71-276724f52def,8,0,3000,0,,True,2026-02-15T17:10:07.433323,2026-02-15T17:10:07.433323
6ea368cc-b278-5cd1-96f3-6a8d40b6f272,d8636d14-fee7-538e-8b71-276724f52def,14,0,5000,0,,True,2026-02-15T17:10:07.433323,2026-02-15T17:10:07.433323
f0bbb975-06b9-5c2b-aca8-c14887c575aa,150f33bb-1c8b-5809-a4f8-755d2ed4ea8a,1,0,1200,0,,True,2026-02-15T17:10:07.433323,2026-02-15T17:10:07.433323
0c7c7f53-95df-5c46-8492-9ca747a2852c,150f33bb-1c8b-5809-a4f8-755d2ed4ea8a,14,1,5000,5000,,True,2026-02-15T17:10:07.433323,2026-02-15T17:10:07.433323
62f6a78a-4e78-56ab-a74d-8b6960167b44,150f33bb-1c8b-5809-a4f8-755d2ed4ea8a,8,0,3000,0,,True,2026-02-15T17:10:07.433323,2026-02-15T17:10:07.433323
a3cc6a17-a3ed-53ed-b164-441f390d248d,a78dbb29-de89-49c8-b31e-5ee0dd86decf,11,0,3000,0,,True,2026-02-15T17:10:07.433323,2026-02-15T17:10:07.433323
74a8b32a-befb-57aa-ba32-5e48c362c260,a78dbb29-de89-49c8-b31e-5ee0dd86decf,11,0,3000,0,,True,2026-02-15T17:10:07.433323,2026-02-15T17:10:07.433323
2bf20a7d-d7fd-5e68-b6e5-31757b0151b2,ccfbd573-9a7f-5320-a512-406855169cec,8,0,3000,0,,True,2026-02-15T17:10:07.433323,2026-02-15T17:10:07.433323
ba8b3617-eb29-5af4-834b-bd5566d47b4d,ccfbd573-9a7f-5320-a512-406855169cec,7,0,3000,0,,True,2026-02-15T17:10:07.433323,2026-02-15T17:10:07.433323
9238a200-c1eb-51ad-ab7c-d32cf8cf3580,ccfbd573-9a7f-5320-a512-406855169cec,2,0,3000,0,,True,2026-02-15T17:10:07.433323,2026-02-15T17:10:07.433323
3e46d4b0-c78c-54ab-812c-94be0f482248,ccfbd573-9a7f-5320-a512-406855169cec,1,0,1200,0,,True,2026-02-15T17:10:07.433323,2026-02-15T17:10:07.433323
d16c3a5e-3d14-5db4-b6f8-5dbe3b17f558,ccfbd573-9a7f-5320-a512-406855169cec,11,0,3000,0,,True,2026-02-15T17:10:07.433323,2026-02-15T17:10:07.433323
fa7a93a5-668e-57c4-b2d3-db2ec48db57e,b3a14000-79b6-57e8-a015-3190fc2dcb31,2,2,3000,6000,,False,2026-02-15T17:10:07.433323,2026-02-15T17:10:07.433323
1b536c32-d29f-5de1-a13b-57fce94e2423,b3a14000-79b6-57e8-a015-3190fc2dcb31,8,4,3000,12000,,False,2026-02-15T17:10:07.433323,2026-02-15T17:10:07.433323
41e2970a-92b0-57cf-96c5-b29cb47a2ae0,b3a14000-79b6-57e8-a015-3190fc2dcb31,3,1,3000,3000,,False,2026-02-15T17:10:07.433323,2026-02-15T17:10:07.433323
a60226a1-6bcb-51df-b684-00f0a091242b,b3a14000-79b6-57e8-a015-3190fc2dcb31,7,2,3000,6000,,False,2026-02-15T17:10:07.433323,2026-02-15T17:10:07.433323
8d27ee74-e811-51af-84e8-d59315d21110,b3a14000-79b6-57e8-a015-3190fc2dcb31,4,3,3000,9000,,False,2026-02-15T17:10:07.433323,2026-02-15T17:10:07.433323
c368d616-1a6a-569e-bc50-7bf889a12f41,b3a14000-79b6-57e8-a015-3190fc2dcb31,6,1,5000,5000,,False,2026-02-15T17:10:07.433323,2026-02-15T17:10:07.433323
50a5352a-604d-5a00-8908-ba9629c8a097,b3a14000-79b6-57e8-a015-3190fc2dcb31,1,10,1200,12000,,False,2026-02-15T17:10:07.433323,2026-02-15T17:10:07.433323
0a583cc4-63ff-54e6-a1c4-2ca93622b06d,f09f8e26-d82e-5741-a3bd-228e21282426,7,7,3000,21000,,False,2026-02-15T17:10:07.433323,2026-02-15T17:10:07.433323
3e002758-d007-5944-bee6-a0a1616a410e,f09f8e26-d82e-5741-a3bd-228e21282426,3,24,3000,72000,,False,2026-02-15T17:10:07.433323,2026-02-15T17:10:07.433323
79a91677-1c9a-5f0b-99fc-175cecf6e4e0,f09f8e26-d82e-5741-a3bd-228e21282426,4,12,3000,36000,,False,2026-02-15T17:10:07.433323,2026-02-15T17:10:07.433323
993bb5bc-f2d6-5df9-866e-a203572cc6c0,f09f8e26-d82e-5741-a3bd-228e21282426,2,24,3000,72000,,False,2026-02-15T17:10:07.433323,2026-02-15T17:10:07.433323
506bc0a5-bb21-5859-80c2-e98e2b9f331c,f09f8e26-d82e-5741-a3bd-228e21282426,1,67,1200,80400,,False,2026-02-15T17:10:07.433323,2026-02-15T17:10:07.433323
a48b20f0-c939-5a5e-97e7-8b51417592dc,f09f8e26-d82e-5741-a3bd-228e21282426,10,6,3000,18000,,False,2026-02-15T17:10:07.433323,2026-02-15T17:10:07.433323
a1b4f13b-1465-51b2-a4be-8efd91eb0471,f09f8e26-d82e-5741-a3bd-228e21282426,8,60,3000,180000,,False,2026-02-15T17:10:07.433323,2026-02-15T17:10:07.433323
68ecee37-f31d-56b6-9d4b-ba3e902de279,746f857b-e2e1-550a-9e03-f768266c9970,8,2,3000,6000,,False,2026-02-15T17:10:07.433323,2026-02-15T17:10:07.433323
640faf3d-ca00-5e84-8f6a-969f4efd6d2e,746f857b-e2e1-550a-9e03-f768266c9970,1,1,1200,1200,,False,2026-02-15T17:10:07.433323,2026-02-15T17:10:07.433323
1f8ca72a-3536-5393-b1f1-92edac74023c,746f857b-e2e1-550a-9e03-f768266c9970,14,1,5000,5000,,False,2026-02-15T17:10:07.433323,2026-02-15T17:10:07.433323
9e5204a6-ed89-54fd-9156-47a74f1b74aa,bedc0d30-4eaf-5b00-9006-14abc9ef8cae,8,1,3000,3000,,False,2026-02-15T17:10:07.433323,2026-02-15T17:10:07.433323
adf0165f-21a7-5783-ad90-33541846a939,bedc0d30-4eaf-5b00-9006-14abc9ef8cae,11,1,3000,3000,,False,2026-02-15T17:10:07.433323,2026-02-15T17:10:07.433323
bd4565b1-1494-5705-9838-131799820e2c,bedc0d30-4eaf-5b00-9006-14abc9ef8cae,4,1,3000,3000,,False,2026-02-15T17:10:07.433323,2026-02-15T17:10:07.433323
3911a02a-24c5-54e7-ad8a-354cf7dcf413,bedc0d30-4eaf-5b00-9006-14abc9ef8cae,1,2,1200,2400,,False,2026-02-15T17:10:07.433323,2026-02-15T17:10:07.433323
bf88effb-ffd8-5d3c-92f9-101e4c1c8ac9,bedc0d30-4eaf-5b00-9006-14abc9ef8cae,7,1,3000,3000,,False,2026-02-15T17:10:07.433323,2026-02-15T17:10:07.433323
025a5bd8-f3b3-57d9-8af2-18c5deac7eec,35ec5492-4408-5041-96c9-738f86e39c25,10,0,3000,0,,True,2026-02-15T17:10:07.433323,2026-02-15T17:10:07.433323
93d98861-bfb4-5704-b7a9-eff2893e76dc,35ec5492-4408-5041-96c9-738f86e39c25,8,0,3000,0,,True,2026-02-15T17:10:07.433323,2026-02-15T17:10:07.433323
c19415d9-9d98-5069-8d17-0501049707e0,35ec5492-4408-5041-96c9-738f86e39c25,39,0,2500,0,,True,2026-02-15T17:10:07.434323,2026-02-15T17:10:07.434323
80330c30-36e9-5d20-9b61-7196fb65da90,35ec5492-4408-5041-96c9-738f86e39c25,14,0,5000,0,,True,2026-02-15T17:10:07.434323,2026-02-15T17:10:07.434323
eb41f5ca-d868-5350-a243-773ca5e003a4,35ec5492-4408-5041-96c9-738f86e39c25,11,0,3000,0,,True,2026-02-15T17:10:07.434323,2026-02-15T17:10:07.434323
173b3dd7-7fa0-5821-bce1-815da62fac30,35ec5492-4408-5041-96c9-738f86e39c25,38,0,2500,0,,True,2026-02-15T17:10:07.434323,2026-02-15T17:10:07.434323
abe6c0f3-b039-5d04-a973-b079f3a74681,74487c51-2f57-5f54-9111-937ce2a8e252,1,1,1200,1200,,True,2026-02-15T17:10:07.434323,2026-02-15T17:10:07.434323
f493d05a-5657-5706-908c-b82cc5bcf901,40224422-661c-5e93-a72c-c0be51d4dfbf,4,24,3000,72000,,False,2026-02-15T17:10:07.434323,2026-02-15T17:10:07.434323
8dc95265-83fe-550d-91ec-de8fd9063402,40224422-661c-5e93-a72c-c0be51d4dfbf,17,3,3000,9000,,False,2026-02-15T17:10:07.434323,2026-02-15T17:10:07.434323
bf2e3809-1a90-5f33-a327-0eebc2cee5e0,40224422-661c-5e93-a72c-c0be51d4dfbf,38,6,2500,15000,,False,2026-02-15T17:10:07.434323,2026-02-15T17:10:07.434323
f87d51c3-dd30-5de3-9bcd-c2aaa3420465,40224422-661c-5e93-a72c-c0be51d4dfbf,10,6,3000,18000,,False,2026-02-15T17:10:07.434323,2026-02-15T17:10:07.434323
9b7d8a86-e862-5649-9899-5b16f03bcfe7,40224422-661c-5e93-a72c-c0be51d4dfbf,39,6,2500,15000,,False,2026-02-15T17:10:07.434323,2026-02-15T17:10:07.434323
8cad8839-6276-5c8f-a814-d29c46730213,40224422-661c-5e93-a72c-c0be51d4dfbf,8,60,3000,180000,,False,2026-02-15T17:10:07.434323,2026-02-15T17:10:07.434323
dffb1a5b-ae3a-5406-b2d3-648ad6ad2141,40224422-661c-5e93-a72c-c0be51d4dfbf,14,6,5000,30000,,False,2026-02-15T17:10:07.434323,2026-02-15T17:10:07.434323
bf850ec0-9b44-5ab6-b7b8-59cd1b3ae6a7,40224422-661c-5e93-a72c-c0be51d4dfbf,3,36,3000,108000,,False,2026-02-15T17:10:07.434323,2026-02-15T17:10:07.434323
e23f012d-c009-5e6e-b69f-0cac4999c314,40224422-661c-5e93-a72c-c0be51d4dfbf,6,2,5000,10000,,False,2026-02-15T17:10:07.434323,2026-02-15T17:10:07.434323
cbb7e56b-fbb0-58e2-952a-fadb208bf3de,40224422-661c-5e93-a72c-c0be51d4dfbf,7,18,3000,54000,,False,2026-02-15T17:10:07.434323,2026-02-15T17:10:07.434323
24aae05b-4a8b-554a-9009-2c823e826af1,40224422-661c-5e93-a72c-c0be51d4dfbf,11,6,3000,18000,,False,2026-02-15T17:10:07.434323,2026-02-15T17:10:07.434323
809af1c2-1a5d-589a-998b-495f9348aa51,40224422-661c-5e93-a72c-c0be51d4dfbf,1,120,1200,144000,,False,2026-02-15T17:10:07.434323,2026-02-15T17:10:07.434323
4dd9bc41-8a68-58ec-a6e6-865e3ecc6272,40224422-661c-5e93-a72c-c0be51d4dfbf,5,6,3500,21000,,False,2026-02-15T17:10:07.434323,2026-02-15T17:10:07.434323
16f3a681-e5d1-5627-b2fa-cd1107463310,40224422-661c-5e93-a72c-c0be51d4dfbf,2,36,3000,108000,,False,2026-02-15T17:10:07.434323,2026-02-15T17:10:07.434323
27243e9a-39bd-5dba-a3d9-67abdbeea84f,6c0972fc-288b-515f-a4c9-d0fea071c39e,2,2,3000,6000,,False,2026-02-15T17:10:07.434323,2026-02-15T17:10:07.434323
777b5d80-4256-5d81-8378-7111c4d59f76,6c0972fc-288b-515f-a4c9-d0fea071c39e,1,10,1200,12000,,False,2026-02-15T17:10:07.434323,2026-02-15T17:10:07.434323
d3f7e397-5a32-5363-bf02-8475a5502349,6c0972fc-288b-515f-a4c9-d0fea071c39e,11,1,3000,3000,,False,2026-02-15T17:10:07.434323,2026-02-15T17:10:07.434323
a7d1c0b6-ca46-5c2b-8dda-a0d7db268971,6c0972fc-288b-515f-a4c9-d0fea071c39e,8,7,3000,21000,,False,2026-02-15T17:10:07.434323,2026-02-15T17:10:07.434323
736891d3-fefe-52ee-a92a-6ff81f3ab14d,6c0972fc-288b-515f-a4c9-d0fea071c39e,7,1,3000,3000,,False,2026-02-15T17:10:07.434323,2026-02-15T17:10:07.434323
2343a342-ed46-4749-b59c-756c08699623,7c64803a-38a4-4c4f-91ec-284c4b61ba76,1,6,1200,7200,,False,2026-02-15T17:10:07.434323,2026-02-15T17:10:07.434323
7f16319c-c44e-4f73-b181-2a2662b9f355,7c64803a-38a4-4c4f-91ec-284c4b61ba76,3,1,3000,3000,,False,2026-02-15T17:10:07.434323,2026-02-15T17:10:07.434323
d85e05a3-b07c-49b0-9b9a-3e26b333912c,7c64803a-38a4-4c4f-91ec-284c4b61ba76,4,1,3000,3000,,False,2026-02-15T17:10:07.434323,2026-02-15T17:10:07.434323
89b33f24-aeca-4658-866f-d2581cc61031,7c64803a-38a4-4c4f-91ec-284c4b61ba76,6,1,5000,5000,,False,2026-02-15T17:10:07.434323,2026-02-15T17:10:07.434323
fa98bb46-448e-48c5-974b-424d4cdb3ef9,7c64803a-38a4-4c4f-91ec-284c4b61ba76,7,1,3000,3000,,False,2026-02-15T17:10:07.434323,2026-02-15T17:10:07.434323
0461a68d-0694-4bf5-83d6-358b2d891e26,7c64803a-38a4-4c4f-91ec-284c4b61ba76,8,4,3000,12000,,False,2026-02-15T17:10:07.434323,2026-02-15T17:10:07.434323
1ba43eb3-833e-4af1-bcc5-899d201d01f8,f4f87a81-67d9-4b44-b70e-da19e5e35139,24,3,3000,9000,,False,2026-02-15T17:10:07.434323,2026-02-15T17:10:07.434323
739ffa8b-b267-41e6-ab6e-604f960d3ee1,f4f87a81-67d9-4b44-b70e-da19e5e35139,17,3,3000,9000,,False,2026-02-15T17:10:07.434323,2026-02-15T17:10:07.434323
6de495d0-6ca3-4891-88ff-10dbec1c56ec,a60c1f8c-4494-48e9-92aa-8059a8475685,4,12,3000,36000,,False,2026-02-15T17:10:07.434323,2026-02-15T17:10:07.434323
550ab538-fae2-496f-a502-35e544b6badf,93bf2eb8-171a-4df4-9023-75535c0dec0d,1,12,1200,14400,,False,2026-02-15T17:10:07.434323,2026-02-15T17:10:07.434323
66ec69d9-a233-4e25-96e8-803cca9e15d9,93bf2eb8-171a-4df4-9023-75535c0dec0d,3,3,3000,9000,,False,2026-02-15T17:10:07.434323,2026-02-15T17:10:07.434323
1b68e639-e952-4fbb-9d7e-b2d49355d89a,93bf2eb8-171a-4df4-9023-75535c0dec0d,4,3,3000,9000,,False,2026-02-15T17:10:07.434323,2026-02-15T17:10:07.434323
e09186a3-25d1-4821-9b2e-a2f1e23e112c,93bf2eb8-171a-4df4-9023-75535c0dec0d,6,2,5000,10000,,False,2026-02-15T17:10:07.434323,2026-02-15T17:10:07.434323
fc74f7ed-f567-4bc9-841d-bf2c56462390,93bf2eb8-171a-4df4-9023-75535c0dec0d,11,3,3000,9000,,False,2026-02-15T17:10:07.434323,2026-02-15T17:10:07.434323
5b8ba14f-733e-4b94-8a55-51feef0cbc59,93bf2eb8-171a-4df4-9023-75535c0dec0d,14,2,5000,10000,,False,2026-02-15T17:10:07.434323,2026-02-15T17:10:07.434323
8cd2fc65-cf46-420e-90e1-fffda7a809cb,93bf2eb8-171a-4df4-9023-75535c0dec0d,23,1,3000,3000,,False,2026-02-15T17:10:07.434323,2026-02-15T17:10:07.434323
b20b50b0-7f0c-4936-877c-dd33a8ee742a,91da90e1-7298-40f2-bf12-1f710d882d7d,39,1,2500,2500,,False,2026-02-15T17:10:07.434323,2026-02-15T17:10:07.434323
223c27cc-6d1c-45cf-b11b-56dadb6f5ee4,97d01b3c-60f7-496b-9191-43b5cab24b89,38,1,2500,2500,,False,2026-02-15T17:10:07.434323,2026-02-15T17:10:07.434323
cd4cb7d4-7d73-4413-8707-b28fccb83660,97d01b3c-60f7-496b-9191-43b5cab24b89,39,1,2500,2500,,False,2026-02-15T17:10:07.434323,2026-02-15T17:10:07.434323
08e0c9e1-4a92-408c-857a-1401de51e508,97d01b3c-60f7-496b-9191-43b5cab24b89,14,1,5000,5000,,False,2026-02-15T17:10:07.434323,2026-02-15T17:10:07.434323
458e2917-4508-4f5e-bbf0-8bd4d332d0e4,79427b88-2689-4e14-a172-9d275dd7545f,1,1,1200,1200,,False,2026-02-15T17:10:07.434323,2026-02-15T17:10:07.434323
bdd42455-c32d-4aa5-aa99-c1737520f199,79427b88-2689-4e14-a172-9d275dd7545f,3,1,3000,3000,,False,2026-02-15T17:10:07.434323,2026-02-15T17:10:07.434323
7cde0ecb-c397-4f4b-b026-b415c56f2a27,79427b88-2689-4e14-a172-9d275dd7545f,8,6,3000,18000,,False,2026-02-15T17:10:07.434323,2026-02-15T17:10:07.434323
ae5b355e-721f-4693-a3e0-2d5242478d8a,79427b88-2689-4e14-a172-9d275dd7545f,11,1,3000,3000,,False,2026-02-15T17:10:07.434323,2026-02-15T17:10:07.434323
c3b9e8cd-b16f-4133-b28a-6346507bcc51,a3ae91e2-9541-4394-9cc9-aa8353ee3dc1,39,2,2500,5000,,False,2026-02-15T17:10:07.434323,2026-02-15T17:10:07.434323
f2184ae2-0057-4424-8e1d-db753891180e,a3ae91e2-9541-4394-9cc9-aa8353ee3dc1,14,1,5000,5000,,False,2026-02-15T17:10:07.434323,2026-02-15T17:10:07.434323
92bc81b4-0838-4c62-a093-3751066fd8e7,231d402a-5978-4ecc-a1a5-9d9aacda1b6d,4,6,3000,18000,,False,2026-02-15T17:10:07.434323,2026-02-15T17:10:07.434323
f8c8ecf3-9ad4-4a3b-afad-4f6b8787ba62,231d402a-5978-4ecc-a1a5-9d9aacda1b6d,5,3,3500,10500,,False,2026-02-15T17:10:07.434323,2026-02-15T17:10:07.434323
a7336f08-ae78-46cd-a64b-5b343817e4a8,231d402a-5978-4ecc-a1a5-9d9aacda1b6d,8,12,3000,36000,,False,2026-02-15T17:10:07.434323,2026-02-15T17:10:07.434323
c1b39172-e6ac-4cbc-97bc-c5f0b79a6f45,231d402a-5978-4ecc-a1a5-9d9aacda1b6d,39,1,2500,2500,,False,2026-02-15T17:10:07.434323,2026-02-15T17:10:07.434323
1af8f8f5-f9d5-4f5a-8e77-b81ee8e2d19a,231d402a-5978-4ecc-a1a5-9d9aacda1b6d,14,1,5000,5000,,False,2026-02-15T17:10:07.434323,2026-02-15T17:10:07.434323
ee361662-ae06-4f37-8447-3d461b9fb510,db91352d-cc03-4bb1-9adb-99b423aa2811,1,12,1200,14400,,False,2026-02-15T17:10:07.434323,2026-02-15T17:10:07.434323
61846959-f4e0-4e6a-a06c-423847e754e6,db91352d-cc03-4bb1-9adb-99b423aa2811,6,1,5000,5000,,False,2026-02-15T17:10:07.434323,2026-02-15T17:10:07.434323
0c676f6d-55a2-444b-b206-7731a81e0bfa,db91352d-cc03-4bb1-9adb-99b423aa2811,38,1,2500,2500,,False,2026-02-15T17:10:07.434323,2026-02-15T17:10:07.434323
d919be50-1563-4664-be1e-4964ac1016c6,db91352d-cc03-4bb1-9adb-99b423aa2811,26,1,3000,3000,,False,2026-02-15T17:10:07.434323,2026-02-15T17:10:07.434323
ceb6aadd-f826-48e2-b506-e67b9df02bfc,f7df50f3-f383-4fcf-a3c1-31b8b5e50340,2,6,3000,18000,,False,2026-02-15T17:10:07.434323,2026-02-15T17:10:07.434323
f64c9480-2b3d-4a9e-8640-b76375989ad7,f7df50f3-f383-4fcf-a3c1-31b8b5e50340,3,3,3000,9000,,False,2026-02-15T17:10:07.434323,2026-02-15T17:10:07.434323
46ba1750-fd9c-448f-a316-8d5608a2640e,f7df50f3-f383-4fcf-a3c1-31b8b5e50340,5,3,3500,10500,,False,2026-02-15T17:10:07.434323,2026-02-15T17:10:07.434323
51b24f25-39a4-4aae-82be-25df545a68a8,f7df50f3-f383-4fcf-a3c1-31b8b5e50340,7,6,3000,18000,,False,2026-02-15T17:10:07.434323,2026-02-15T17:10:07.434323
d50df407-3842-42d1-8249-1fd47d8b4355,f7df50f3-f383-4fcf-a3c1-31b8b5e50340,8,6,3000,18000,,False,2026-02-15T17:10:07.434323,2026-02-15T17:10:07.434323
03d8d077-7f7b-4121-9d65-0db6a2785e0e,f7df50f3-f383-4fcf-a3c1-31b8b5e50340,11,3,3000,9000,,False,2026-02-15T17:10:07.434323,2026-02-15T17:10:07.434323
772995df-1bd9-4aa7-a00a-9b8d5c529b14,f7df50f3-f383-4fcf-a3c1-31b8b5e50340,39,3,2500,7500,,False,2026-02-15T17:10:07.434323,2026-02-15T17:10:07.434323
4462eceb-6f40-457b-9657-15d1b25fc0b6,cdf33351-14d0-4aee-8611-8a51fd6bad5f,1,5,1200,6000,,False,2026-02-15T17:10:07.434323,2026-02-15T17:10:07.434323
9f61efa6-4aa8-4020-b31d-8df0b769beb4,cdf33351-14d0-4aee-8611-8a51fd6bad5f,3,2,3000,6000,,False,2026-02-15T17:10:07.434323,2026-02-15T17:10:07.434323
c6b79475-744c-4019-b3aa-03621bb82d5f,cdf33351-14d0-4aee-8611-8a51fd6bad5f,5,2,3500,7000,,False,2026-02-15T17:10:07.434323,2026-02-15T17:10:07.434323
a46ce614-d97a-4333-9740-f22c2c6b21be,cdf33351-14d0-4aee-8611-8a51fd6bad5f,8,12,3000,36000,,False,2026-02-15T17:10:07.434323,2026-02-15T17:10:07.434323
767798e8-23e7-4c26-96b7-69d48793d25a,cdf33351-14d0-4aee-8611-8a51fd6bad5f,38,3,2500,7500,,False,2026-02-15T17:10:07.434323,2026-02-15T17:10:07.434323
ed96f167-3eef-44ed-8733-d6194a466d76,cdf33351-14d0-4aee-8611-8a51fd6bad5f,39,3,2500,7500,,False,2026-02-15T17:10:07.434323,2026-02-15T17:10:07.434323
7dbf4bab-407e-4665-aa45-dbfec864c1c3,7147760c-9646-4646-a6bd-45d9fc3f81f7,2,18,3000,54000,,False,2026-02-15T17:10:07.434323,2026-02-15T17:10:07.434323
113486e1-54c6-4b8a-8131-95a292102538,7147760c-9646-4646-a6bd-45d9fc3f81f7,3,12,3000,36000,,False,2026-02-15T17:10:07.434323,2026-02-15T17:10:07.434323
79b29e4e-8096-4d5f-911a-673afd547142,7147760c-9646-4646-a6bd-45d9fc3f81f7,4,12,3000,36000,,False,2026-02-15T17:10:07.434323,2026-02-15T17:10:07.434323
a5365522-09a7-4ae8-a6db-487f17a3b849,7147760c-9646-4646-a6bd-45d9fc3f81f7,7,6,3000,18000,,False,2026-02-15T17:10:07.434323,2026-02-15T17:10:07.434323
6a2f843e-e7c9-49e6-b56f-3fb26246282a,7147760c-9646-4646-a6bd-45d9fc3f81f7,8,12,3000,36000,,False,2026-02-15T17:10:07.434323,2026-02-15T17:10:07.434323
339cbd04-8d4b-4145-859a-b9fa2da0bee2,7147760c-9646-4646-a6bd-45d9fc3f81f7,14,6,5000,30000,,False,2026-02-15T17:10:07.434323,2026-02-15T17:10:07.434323
903a7601-9158-473c-8a16-f1d58c972365,d31ebcaf-197b-4200-ba2d-d9cd03ea88f6,38,1,2500,2500,,False,2026-02-15T17:10:07.434323,2026-02-15T17:10:07.434323
da38c2e6-7083-443c-951b-f510c2c5a8c1,d31ebcaf-197b-4200-ba2d-d9cd03ea88f6,39,1,2500,2500,,False,2026-02-15T17:10:07.435323,2026-02-15T17:10:07.435323
56e73dcd-e8f4-4004-a696-07e03a7fdefe,d31ebcaf-197b-4200-ba2d-d9cd03ea88f6,14,2,5000,10000,,False,2026-02-15T17:10:07.435323,2026-02-15T17:10:07.435323
35420153-7d73-4177-b621-31d85ff1a619,182b951f-5cc6-4713-87cc-cedff50963cd,2,6,3000,18000,,False,2026-02-15T17:10:07.435323,2026-02-15T17:10:07.435323
87bef00a-6ebf-48cc-8b1d-c2a27f945cbf,182b951f-5cc6-4713-87cc-cedff50963cd,4,6,3000,18000,,False,2026-02-15T17:10:07.435323,2026-02-15T17:10:07.435323
d5faf4cc-b94b-41a3-b878-b7239e28a483,182b951f-5cc6-4713-87cc-cedff50963cd,7,6,3000,18000,,False,2026-02-15T17:10:07.435323,2026-02-15T17:10:07.435323
1425294e-c0a3-41fc-91a7-4c6583f5b071,182b951f-5cc6-4713-87cc-cedff50963cd,8,12,3000,36000,,False,2026-02-15T17:10:07.435323,2026-02-15T17:10:07.435323
7d1031e2-1314-4d49-82bf-bb767cb94893,182b951f-5cc6-4713-87cc-cedff50963cd,11,3,3000,9000,,False,2026-02-15T17:10:07.435323,2026-02-15T17:10:07.435323
767070ec-44cd-42c4-8bfa-eff1ebc3ae8d,86566c25-473f-490a-b818-67f0bb12ba25,1,18,1200,21600,,False,2026-02-15T17:10:07.435323,2026-02-15T17:10:07.435323
70b8d260-ee44-427c-a898-9bc31ab9e01a,86566c25-473f-490a-b818-67f0bb12ba25,8,5,3000,15000,,False,2026-02-15T17:10:07.435323,2026-02-15T17:10:07.435323
fdbb00d4-a960-417b-8984-24df8a56fa57,86566c25-473f-490a-b818-67f0bb12ba25,17,1,3000,3000,,False,2026-02-15T17:10:07.435323,2026-02-15T17:10:07.435323
8645e4c9-fd2e-4a31-aa7e-0e88ecb3881d,45457212-2aee-42f6-aef5-523c497dbcb3,1,30,1200,36000,,False,2026-02-15T17:10:07.435323,2026-02-15T17:10:07.435323
cb98170b-3055-4120-8938-55a399c251dc,45457212-2aee-42f6-aef5-523c497dbcb3,3,12,3000,36000,,False,2026-02-15T17:10:07.435323,2026-02-15T17:10:07.435323
03c98cc0-bff3-4f0d-b7db-b56d25e63908,45457212-2aee-42f6-aef5-523c497dbcb3,4,12,3000,36000,,False,2026-02-15T17:10:07.435323,2026-02-15T17:10:07.435323
9abf7755-780f-4794-a06b-73996f9a9183,45457212-2aee-42f6-aef5-523c497dbcb3,7,6,3000,18000,,False,2026-02-15T17:10:07.435323,2026-02-15T17:10:07.435323
e6d487c0-ceea-4418-ab88-a9b0e69d5964,45457212-2aee-42f6-aef5-523c497dbcb3,8,30,3000,90000,,False,2026-02-15T17:10:07.435323,2026-02-15T17:10:07.435323
d07509c6-7d5e-4530-a0e4-b9be9e687616,45457212-2aee-42f6-aef5-523c497dbcb3,11,6,3000,18000,,False,2026-02-15T17:10:07.435323,2026-02-15T17:10:07.435323
3436a8fe-5e7e-4635-92df-dacf9372f783,45457212-2aee-42f6-aef5-523c497dbcb3,38,2,2500,5000,,False,2026-02-15T17:10:07.435323,2026-02-15T17:10:07.435323
e4dcd390-b167-4200-9452-7fc7b8e8d3bf,f1855832-77e7-403f-8b7d-d13d0ccf3644,3,2,3000,6000,,False,2026-02-15T17:10:07.435323,2026-02-15T17:10:07.435323
fb21a84a-577e-4b4f-a97b-ca77d7c35b6d,f1855832-77e7-403f-8b7d-d13d0ccf3644,38,1,2500,2500,,False,2026-02-15T17:10:07.435323,2026-02-15T17:10:07.435323
c2cb75bf-d604-4a9e-8071-40048f4d789e,884af249-f439-47f6-9983-358f248ffac3,1,6,1200,7200,,False,2026-02-15T17:10:07.435323,2026-02-15T17:10:07.435323
f25713e9-2380-41a5-a771-478e001ad970,884af249-f439-47f6-9983-358f248ffac3,2,1,3000,3000,,False,2026-02-15T17:10:07.435323,2026-02-15T17:10:07.435323
f2cf28d2-d6b8-4942-9588-89c8bb6f99af,884af249-f439-47f6-9983-358f248ffac3,3,1,3000,3000,,False,2026-02-15T17:10:07.435323,2026-02-15T17:10:07.435323
7300d773-540c-4e62-aecf-c19742e6e4a4,884af249-f439-47f6-9983-358f248ffac3,4,3,3000,9000,,False,2026-02-15T17:10:07.435323,2026-02-15T17:10:07.435323
c00606eb-97e0-4a14-8ca4-f7c1606bb777,884af249-f439-47f6-9983-358f248ffac3,7,6,3000,18000,,False,2026-02-15T17:10:07.435323,2026-02-15T17:10:07.435323
af8079e1-2ec5-4b4e-9438-77b5fb069a08,884af249-f439-47f6-9983-358f248ffac3,8,5,3000,15000,,False,2026-02-15T17:10:07.435323,2026-02-15T17:10:07.435323
dbc8ed91-ba4d-46a0-8db9-ae1c0130b30e,c58006a5-629c-4e06-b243-b69a5b2846ae,3,3,3000,9000,,False,2026-02-15T17:10:07.435323,2026-02-15T17:10:07.435323
97e0f10c-d946-4824-b4f4-508b08308d12,c58006a5-629c-4e06-b243-b69a5b2846ae,11,2,3000,6000,,False,2026-02-15T17:10:07.435323,2026-02-15T17:10:07.435323
c4419bef-617c-4165-8b2e-e0c756d411c0,ce50ae36-d22f-4680-a6f1-201747aab12e,2,3,3000,9000,,False,2026-02-15T17:10:07.435323,2026-02-15T17:10:07.435323
43adc45f-f600-43f6-be3c-4402432126f5,ce50ae36-d22f-4680-a6f1-201747aab12e,7,12,3000,36000,,False,2026-02-15T17:10:07.435323,2026-02-15T17:10:07.435323
a508c100-21de-4f16-a183-be4cce11f0c7,ce50ae36-d22f-4680-a6f1-201747aab12e,8,12,3000,36000,,False,2026-02-15T17:10:07.435323,2026-02-15T17:10:07.435323
f3c025ad-9d11-4ccc-bd26-3dad73cccff9,ce50ae36-d22f-4680-a6f1-201747aab12e,11,2,3000,6000,,False,2026-02-15T17:10:07.435323,2026-02-15T17:10:07.435323
3ed7f90f-5bab-46f8-acb7-a95259a5da02,01cb70a7-380b-476d-82b0-b692b6da19a1,4,1,3000,3000,,False,2026-02-15T17:10:07.435323,2026-02-15T17:10:07.435323
b5451c0b-c7a7-49cb-9644-82a794482d8b,eb92a0cb-d405-4990-8616-fd42dbc66c32,1,60,1200,72000,,False,2026-02-15T17:10:07.435323,2026-02-15T17:10:07.435323
971adde7-bc33-4ffc-bd6a-f97610a18c8a,eb92a0cb-d405-4990-8616-fd42dbc66c32,2,12,3000,36000,,False,2026-02-15T17:10:07.435323,2026-02-15T17:10:07.435323
115900d6-e739-44d7-be93-be1846c980f3,eb92a0cb-d405-4990-8616-fd42dbc66c32,3,6,3000,18000,,False,2026-02-15T17:10:07.435323,2026-02-15T17:10:07.435323
27066058-7f8d-4736-81c2-6eb9745dd9c6,eb92a0cb-d405-4990-8616-fd42dbc66c32,4,6,3000,18000,,False,2026-02-15T17:10:07.435323,2026-02-15T17:10:07.435323
cf2b5481-1606-4587-8070-3f484787423e,eb92a0cb-d405-4990-8616-fd42dbc66c32,5,6,3500,21000,,False,2026-02-15T17:10:07.435323,2026-02-15T17:10:07.435323
0ca03ae5-f237-4090-adab-6e2f9e458992,eb92a0cb-d405-4990-8616-fd42dbc66c32,6,4,5000,20000,,False,2026-02-15T17:10:07.435323,2026-02-15T17:10:07.435323
a69456e3-8c3a-44d8-8200-9443affd54d5,eb92a0cb-d405-4990-8616-fd42dbc66c32,7,6,3000,18000,,False,2026-02-15T17:10:07.435323,2026-02-15T17:10:07.435323
165ca4a0-6b3b-4a31-8a36-31ce15919df4,a3cebcf1-aa34-4e32-ae95-a89815535962,1,12,1200,14400,,False,2026-02-15T17:10:07.435323,2026-02-15T17:10:07.435323
783ebd1e-2864-48bb-8fdd-1465adc9e709,a3cebcf1-aa34-4e32-ae95-a89815535962,5,1,3500,3500,,False,2026-02-15T17:10:07.435323,2026-02-15T17:10:07.435323
34fa4aa2-1f88-4c0b-9513-4a676245e7ba,a3cebcf1-aa34-4e32-ae95-a89815535962,15,2,3000,6000,,False,2026-02-15T17:10:07.435323,2026-02-15T17:10:07.435323
45483805-71c3-4599-9dc4-ab5b7ba13104,0e415d10-9044-42bf-91a4-d2a40751da18,1,42,1200,50400,,False,2026-02-15T17:10:07.435323,2026-02-15T17:10:07.435323
e6118619-2526-4dfd-b8b5-bf3ea7de3b60,0e415d10-9044-42bf-91a4-d2a40751da18,3,4,3000,12000,,False,2026-02-15T17:10:07.435323,2026-02-15T17:10:07.435323
0b91458f-3dd1-4b44-8296-da2373f3dad2,0e415d10-9044-42bf-91a4-d2a40751da18,5,1,3500,3500,,False,2026-02-15T17:10:07.435323,2026-02-15T17:10:07.435323
58313636-bfd6-4ed4-920f-a63fb68bbdb7,0e415d10-9044-42bf-91a4-d2a40751da18,7,6,3000,18000,,False,2026-02-15T17:10:07.435323,2026-02-15T17:10:07.435323
9c32beb2-ead1-4424-9c8c-cf8816ed2ac5,0e415d10-9044-42bf-91a4-d2a40751da18,8,42,3000,126000,,False,2026-02-15T17:10:07.435323,2026-02-15T17:10:07.435323
e211dd54-11b4-439c-b6ed-63190256d09e,0e415d10-9044-42bf-91a4-d2a40751da18,11,2,3000,6000,,False,2026-02-15T17:10:07.435323,2026-02-15T17:10:07.435323
d8e76279-c493-436e-90e9-e9c15dc23cc1,0e415d10-9044-42bf-91a4-d2a40751da18,38,2,2500,5000,,False,2026-02-15T17:10:07.435323,2026-02-15T17:10:07.435323
dc98607d-b70e-462a-89c3-78c430d1a32d,1d923067-771c-450a-895a-7e4aa4efdf60,39,2,2500,5000,,False,2026-02-15T17:10:07.435323,2026-02-15T17:10:07.435323
b7bf6f64-e059-41ab-8324-a30229bd5b70,95e1dcf1-f7e8-4e0a-82cc-596119974af0,8,54,3000,162000,,False,2026-02-15T17:10:07.435323,2026-02-15T17:10:07.435323
f725958d-3b81-4734-b6fb-4f8de26b6919,95e1dcf1-f7e8-4e0a-82cc-596119974af0,9,2,3000,6000,,False,2026-02-15T17:10:07.435323,2026-02-15T17:10:07.435323
05f97c80-8c95-411f-9683-63d0f30a50d8,95e1dcf1-f7e8-4e0a-82cc-596119974af0,10,2,3000,6000,,False,2026-02-15T17:10:07.435323,2026-02-15T17:10:07.435323
7514da19-ca98-4047-8dde-f8bdf163c4c1,95e1dcf1-f7e8-4e0a-82cc-596119974af0,11,2,3000,6000,,False,2026-02-15T17:10:07.435323,2026-02-15T17:10:07.435323
722dd279-9ad5-4785-a81c-47f1b5603a20,95e1dcf1-f7e8-4e0a-82cc-596119974af0,38,2,2500,5000,,False,2026-02-15T17:10:07.435323,2026-02-15T17:10:07.435323
26016a0e-36f2-4fa7-9c21-064ecb1393ba,95e1dcf1-f7e8-4e0a-82cc-596119974af0,39,2,2500,5000,,False,2026-02-15T17:10:07.435323,2026-02-15T17:10:07.435323
276b071e-4825-478e-92ca-58028caf27ff,95e1dcf1-f7e8-4e0a-82cc-596119974af0,14,4,5000,20000,,False,2026-02-15T17:10:07.435323,2026-02-15T17:10:07.435323
ac6f0bc5-e5b8-4879-8009-c9b0d99dad44,90480ea8-166a-4bc5-b5fe-0bfaf6a9d8c5,1,18,1200,21600,,False,2026-02-15T17:10:07.435323,2026-02-15T17:10:07.435323
fcde09d7-2acb-45eb-aa0c-246922095ae4,022716d3-65ce-4878-ac4e-b5055f3c8111,1,3,1200,3600,,False,2026-02-15T17:10:07.435323,2026-02-15T17:10:07.435323
fe65b52f-3b74-4e71-bbbc-b970e89846d3,022716d3-65ce-4878-ac4e-b5055f3c8111,2,3,3000,9000,,False,2026-02-15T17:10:07.435323,2026-02-15T17:10:07.435323
8ccf5f6f-87d8-4b2b-b24f-956b54acf07a,022716d3-65ce-4878-ac4e-b5055f3c8111,3,3,3000,9000,,False,2026-02-15T17:10:07.435323,2026-02-15T17:10:07.435323
c6da3523-9043-43ce-89d5-130e07a1b6ba,022716d3-65ce-4878-ac4e-b5055f3c8111,4,2,3000,6000,,False,2026-02-15T17:10:07.435323,2026-02-15T17:10:07.435323
aad75b15-259c-473f-bba0-70053af69602,022716d3-65ce-4878-ac4e-b5055f3c8111,8,4,3000,12000,,False,2026-02-15T17:10:07.435323,2026-02-15T17:10:07.435323
0fe5fb42-89d3-4dc7-82e9-ecaa3f0fc2be,022716d3-65ce-4878-ac4e-b5055f3c8111,9,1,3000,3000,,False,2026-02-15T17:10:07.435323,2026-02-15T17:10:07.435323
cf4004c0-9f0c-4daf-b20f-d7bc4cc1e862,022716d3-65ce-4878-ac4e-b5055f3c8111,39,1,2500,2500,,False,2026-02-15T17:10:07.435323,2026-02-15T17:10:07.435323
8d4c7138-25b2-4cb6-9b99-b5edb2ed259d,903ecafe-b6b7-4420-a348-9b5f21508f7d,1,10,1200,12000,,False,2026-02-15T17:10:07.435323,2026-02-15T17:10:07.435323
95409f07-6a5f-476b-bd1f-c76ab01cfbb0,903ecafe-b6b7-4420-a348-9b5f21508f7d,2,1,3000,3000,,False,2026-02-15T17:10:07.435323,2026-02-15T17:10:07.435323
d5789d54-7150-4814-a975-b3c9e98fb5dc,903ecafe-b6b7-4420-a348-9b5f21508f7d,3,2,3000,6000,,False,2026-02-15T17:10:07.435323,2026-02-15T17:10:07.435323
f6230c0b-19f6-4887-99c3-bb8fd839ba18,903ecafe-b6b7-4420-a348-9b5f21508f7d,4,1,3000,3000,,False,2026-02-15T17:10:07.435323,2026-02-15T17:10:07.435323
af0f2aad-6038-4b0a-a299-e85e69d41b34,903ecafe-b6b7-4420-a348-9b5f21508f7d,8,1,3000,3000,,False,2026-02-15T17:10:07.435323,2026-02-15T17:10:07.435323
5fd17ddf-95b3-4273-8646-1a090c786a05,903ecafe-b6b7-4420-a348-9b5f21508f7d,14,3,5000,15000,,False,2026-02-15T17:10:07.435323,2026-02-15T17:10:07.435323
8d9c0b28-7b8c-43f6-94b4-1de4827f2e7d,b739b246-3e18-41b3-a14a-222af17e5d6d,28,100,100,10000,,False,2026-02-15T17:10:07.435323,2026-02-15T17:10:07.435323
db049309-5c17-41d1-ada6-253f67e7a447,b739b246-3e18-41b3-a14a-222af17e5d6d,29,50,50,2500,,False,2026-02-15T17:10:07.435323,2026-02-15T17:10:07.435323
82c3adb6-9a37-44b0-9271-24f8a1b14ecd,b8f7e144-85fe-4fe3-a497-5457a4e9bffc,3,6,3000,18000,,False,2026-02-15T17:10:07.435323,2026-02-15T17:10:07.435323
ea6608aa-98e2-42a6-b171-9320da276736,b8f7e144-85fe-4fe3-a497-5457a4e9bffc,7,2,3000,6000,,False,2026-02-15T17:10:07.435323,2026-02-15T17:10:07.435323
fc754029-2666-4d2f-8176-e76b35f7db63,b8f7e144-85fe-4fe3-a497-5457a4e9bffc,8,6,3000,18000,,False,2026-02-15T17:10:07.435323,2026-02-15T17:10:07.435323
04837754-8ec7-4047-8f29-6046588444d2,21a910a3-2cef-4c5f-9a78-6fb8e680662b,1,18,1200,21600,,False,2026-02-15T17:10:07.435323,2026-02-15T17:10:07.435323
6640e2a9-b551-4296-9c74-5917436d1f08,21a910a3-2cef-4c5f-9a78-6fb8e680662b,2,12,3000,36000,,False,2026-02-15T17:10:07.435323,2026-02-15T17:10:07.435323
5dc51989-5991-40af-977a-f5465e9c0e60,21a910a3-2cef-4c5f-9a78-6fb8e680662b,3,6,3000,18000,,False,2026-02-15T17:10:07.435323,2026-02-15T17:10:07.435323
567af7bc-4039-47e8-9361-5e70e3be02ba,21a910a3-2cef-4c5f-9a78-6fb8e680662b,4,6,3000,18000,,False,2026-02-15T17:10:07.435323,2026-02-15T17:10:07.435323
446b4757-cb03-4498-b16c-e23855b44448,21a910a3-2cef-4c5f-9a78-6fb8e680662b,7,6,3000,18000,,False,2026-02-15T17:10:07.435323,2026-02-15T17:10:07.435323
b694d33e-5614-4f23-ad7c-58d091882bd7,21a910a3-2cef-4c5f-9a78-6fb8e680662b,8,12,3000,36000,,False,2026-02-15T17:10:07.435323,2026-02-15T17:10:07.435323
da056f1b-1368-48bd-b668-0512ff1cd65f,21a910a3-2cef-4c5f-9a78-6fb8e680662b,38,3,2500,7500,,False,2026-02-15T17:10:07.435323,2026-02-15T17:10:07.435323
7cc1b75c-1f55-4ea8-bbe3-85f45d5d9e73,3211cda3-fd50-4141-bb8e-9e32518a067c,1,8,1200,9600,,False,2026-02-15T17:10:07.435323,2026-02-15T17:10:07.435323
f5813b31-56cb-4d9a-be5a-637135ebb2f6,3211cda3-fd50-4141-bb8e-9e32518a067c,2,1,3000,3000,,False,2026-02-15T17:10:07.435323,2026-02-15T17:10:07.435323
1f36a3c4-7281-4d17-be33-9f3a107280c1,3211cda3-fd50-4141-bb8e-9e32518a067c,4,2,3000,6000,,False,2026-02-15T17:10:07.435323,2026-02-15T17:10:07.435323
88bb5eeb-2fed-422f-a0b1-f4ca93848e39,3211cda3-fd50-4141-bb8e-9e32518a067c,7,3,3000,9000,,False,2026-02-15T17:10:07.435323,2026-02-15T17:10:07.435323
6ea16f49-9e44-4394-bc18-b98b092018ca,3211cda3-fd50-4141-bb8e-9e32518a067c,8,4,3000,12000,,False,2026-02-15T17:10:07.435323,2026-02-15T17:10:07.435323
72b7e48b-100e-4be8-9953-7fa3eb79f8f8,3211cda3-fd50-4141-bb8e-9e32518a067c,11,2,3000,6000,,False,2026-02-15T17:10:07.435323,2026-02-15T17:10:07.435323
937d7849-1e3c-433a-a9d8-b60859e1abd1,3211cda3-fd50-4141-bb8e-9e32518a067c,15,1,3000,3000,,False,2026-02-15T17:10:07.435323,2026-02-15T17:10:07.435323
f8c143e4-babf-4d15-ac1d-38f578afff28,3166d2e8-e422-4b72-afb0-96315435103a,8,10,3000,30000,,False,2026-02-15T17:10:07.435323,2026-02-15T17:10:07.435323
75c67573-a2a8-4079-a63e-54bf978a86f1,3166d2e8-e422-4b72-afb0-96315435103a,39,1,2500,2500,,False,2026-02-15T17:10:07.435323,2026-02-15T17:10:07.435323
a6702875-b527-412a-9b91-2f08dce87133,f3d683a4-8164-4848-9e77-0ba59107f255,1,6,1200,7200,,False,2026-02-15T17:10:07.435323,2026-02-15T17:10:07.435323
3d5a9dca-4f70-4f2e-94b8-f1054b59ca97,f3d683a4-8164-4848-9e77-0ba59107f255,5,2,3500,7000,,False,2026-02-15T17:10:07.435323,2026-02-15T17:10:07.435323
034112f3-ed2c-4508-bcd3-af9cfa76fa4b,f3d683a4-8164-4848-9e77-0ba59107f255,9,1,3000,3000,,False,2026-02-15T17:10:07.435323,2026-02-15T17:10:07.435323
104edcd2-3311-4012-bd29-9249947d2e51,d80522b8-691f-4878-b614-5a466d3cee51,15,1,3000,3000,,False,2026-02-15T17:10:07.435323,2026-02-15T17:10:07.435323
7c4f6b67-387b-4da6-8226-67ff63de92e3,61dc3ce5-211a-4e43-ac86-adc8e272aea2,1,24,1200,28800,,False,2026-02-15T17:10:07.435323,2026-02-15T17:10:07.435323
4c258704-550a-4d84-8218-a3ddb9ce7342,61dc3ce5-211a-4e43-ac86-adc8e272aea2,2,6,3000,18000,,False,2026-02-15T17:10:07.435323,2026-02-15T17:10:07.435323
a557ad9d-b732-4e86-b390-d8f1b14991c2,61dc3ce5-211a-4e43-ac86-adc8e272aea2,3,6,3000,18000,,False,2026-02-15T17:10:07.435323,2026-02-15T17:10:07.435323
748c5e2d-67c0-4c54-9934-f6e701c5c915,61dc3ce5-211a-4e43-ac86-adc8e272aea2,4,6,3000,18000,,False,2026-02-15T17:10:07.435323,2026-02-15T17:10:07.435323
d2e758ca-abb9-4da5-8d3e-23f68a969e68,61dc3ce5-211a-4e43-ac86-adc8e272aea2,5,6,3500,21000,,False,2026-02-15T17:10:07.435323,2026-02-15T17:10:07.435323
b0511ddd-ad27-4ca8-b271-5d348a775dce,61dc3ce5-211a-4e43-ac86-adc8e272aea2,6,1,5000,5000,,False,2026-02-15T17:10:07.435323,2026-02-15T17:10:07.435323
fd355d35-3093-48ee-979d-88d021d4a3f0,61dc3ce5-211a-4e43-ac86-adc8e272aea2,7,6,3000,18000,,False,2026-02-15T17:10:07.435323,2026-02-15T17:10:07.435323
3f8c5548-d1d3-441a-a9c3-bf6bfe4facac,101d751c-5d6a-4989-a579-5ce53620dc64,19,1,4500,4500,,False,2026-02-15T17:10:07.435323,2026-02-15T17:10:07.435323
963bfdb8-ca31-4d39-8a7e-8395f608680d,101d751c-5d6a-4989-a579-5ce53620dc64,14,1,5000,5000,,False,2026-02-15T17:10:07.435323,2026-02-15T17:10:07.435323
b3a7f51a-6ad5-4995-a503-a0ecc354f441,101d751c-5d6a-4989-a579-5ce53620dc64,2,2,3000,6000,,False,2026-02-15T17:10:07.435323,2026-02-15T17:10:07.436323
bbd565ba-fac3-4cc4-9ec5-1421ac1b8de9,1163f18d-79cd-4d64-961a-d3046455f3df,8,18,3000,54000,,False,2026-02-15T17:10:07.436323,2026-02-15T17:10:07.436323
f375f020-3e45-42b2-9e3e-46004992dd77,1163f18d-79cd-4d64-961a-d3046455f3df,9,6,3000,18000,,False,2026-02-15T17:10:07.436323,2026-02-15T17:10:07.436323
2b2a9cd9-2978-43f6-a037-95fa8424787e,1163f18d-79cd-4d64-961a-d3046455f3df,39,6,2500,15000,,False,2026-02-15T17:10:07.436323,2026-02-15T17:10:07.436323
e79a9ea9-7b05-418c-8ca5-cbd859ffb7fa,1163f18d-79cd-4d64-961a-d3046455f3df,8,6,3000,18000,,False,2026-02-15T17:10:07.436323,2026-02-15T17:10:07.436323
7889a309-a36e-4a0e-a1a5-94a4a1e5251b,1163f18d-79cd-4d64-961a-d3046455f3df,9,6,3000,18000,,False,2026-02-15T17:10:07.436323,2026-02-15T17:10:07.436323
1931957b-7973-4929-b6e9-d759cb2caffd,1163f18d-79cd-4d64-961a-d3046455f3df,8,24,3000,72000,,False,2026-02-15T17:10:07.436323,2026-02-15T17:10:07.436323
d7306f2b-1ee7-459d-850a-026a6ff84891,1163f18d-79cd-4d64-961a-d3046455f3df,4,12,3000,36000,,False,2026-02-15T17:10:07.436323,2026-02-15T17:10:07.436323
9fdc399a-65d4-4908-8654-756187dfcef0,f7463551-ba03-4e4d-86d9-0117550f65a8,3,1,3000,3000,,False,2026-02-15T17:10:07.436323,2026-02-15T17:10:07.436323
593b66d1-d4d9-46f6-ae41-6bda0cacc4a8,139cb859-8cbe-4e44-b844-7c9bce79f6a8,1,6,1200,7200,,False,2026-02-15T17:10:07.436323,2026-02-15T17:10:07.436323
a11122e9-2370-4616-bc17-88c78b62dc7c,91506af1-dca5-47f3-9128-d4d2b5c173c9,1,1,1200,1200,,False,2026-02-15T17:10:07.436323,2026-02-15T17:10:07.436323
a1f2c327-ca3a-4cf8-8d42-25cf05a100a2,91506af1-dca5-47f3-9128-d4d2b5c173c9,2,2,3000,6000,,False,2026-02-15T17:10:07.436323,2026-02-15T17:10:07.436323
2515309d-59a0-464c-84db-79f06892e181,91506af1-dca5-47f3-9128-d4d2b5c173c9,8,2,3000,6000,,False,2026-02-15T17:10:07.436323,2026-02-15T17:10:07.436323
8002f030-bbad-4982-875f-6d99a1761bdb,91506af1-dca5-47f3-9128-d4d2b5c173c9,14,1,5000,5000,,False,2026-02-15T17:10:07.436323,2026-02-15T17:10:07.436323
d117555f-2abc-4200-8a39-69a56578a502,a9f3161e-9b35-48f4-9cb9-3c2795166681,1,6,1200,7200,,False,2026-02-15T17:10:07.436323,2026-02-15T17:10:07.436323
5ae80632-7c1b-42d9-b112-dfa1d618accd,a9f3161e-9b35-48f4-9cb9-3c2795166681,3,6,3000,18000,,False,2026-02-15T17:10:07.436323,2026-02-15T17:10:07.436323
1bf86e1b-358c-4870-af98-2d8aeec3c900,f0813d8b-50e1-432d-889f-f848df590b31,1,2,1200,2400,,False,2026-02-15T17:10:07.436323,2026-02-15T17:10:07.436323
5e28e755-9144-4f56-8883-0e14f80e8d1f,f0813d8b-50e1-432d-889f-f848df590b31,8,2,3000,6000,,False,2026-02-15T17:10:07.436323,2026-02-15T17:10:07.436323
1165d3ab-b590-4c54-b701-d570e6c31225,9266fe1e-9225-4e4e-a1a9-7da7395977c4,8,12,3000,36000,,False,2026-02-15T17:10:07.436323,2026-02-15T17:10:07.436323
a4958808-d88b-46e1-b499-183c2728835d,9266fe1e-9225-4e4e-a1a9-7da7395977c4,4,6,3000,18000,,False,2026-02-15T17:10:07.436323,2026-02-15T17:10:07.436323
2c8417d8-c580-4679-a394-e7ed2ef14f1f,9266fe1e-9225-4e4e-a1a9-7da7395977c4,1,6,1200,7200,,False,2026-02-15T17:10:07.436323,2026-02-15T17:10:07.436323
5fdfd90a-2f3a-4bfd-984f-d320b7f38a5c,9266fe1e-9225-4e4e-a1a9-7da7395977c4,38,6,2500,15000,,False,2026-02-15T17:10:07.436323,2026-02-15T17:10:07.436323
dc8e342d-e4ea-4169-b56d-e9c5414986f8,9266fe1e-9225-4e4e-a1a9-7da7395977c4,7,6,3000,18000,,False,2026-02-15T17:10:07.436323,2026-02-15T17:10:07.436323
d539dd35-e02d-439c-a28d-2f50a4717c6f,9266fe1e-9225-4e4e-a1a9-7da7395977c4,2,6,3000,18000,,False,2026-02-15T17:10:07.436323,2026-02-15T17:10:07.436323
8beb473f-46f8-451f-a4a2-08fb4134b1c4,9266fe1e-9225-4e4e-a1a9-7da7395977c4,8,6,3000,18000,,False,2026-02-15T17:10:07.436323,2026-02-15T17:10:07.436323
e62ca288-5c8e-4abc-9f4f-4f23eb2efabb,c13b2fa8-5e25-4a54-843d-e98765572039,1,1,1200,1200,,False,2026-02-15T17:10:07.436323,2026-02-15T17:10:07.436323
cdeebce0-44b3-4fca-9b25-f1806b334f04,c13b2fa8-5e25-4a54-843d-e98765572039,2,1,3000,3000,,False,2026-02-15T17:10:07.436323,2026-02-15T17:10:07.436323
5e9d0a08-ca40-499e-aef8-b49261efaae3,c13b2fa8-5e25-4a54-843d-e98765572039,3,1,3000,3000,,False,2026-02-15T17:10:07.436323,2026-02-15T17:10:07.436323
bd7ed9aa-0a2f-4b92-98e3-f8e16d386edb,c13b2fa8-5e25-4a54-843d-e98765572039,8,1,3000,3000,,False,2026-02-15T17:10:07.436323,2026-02-15T17:10:07.436323
8865a120-7049-44f9-a019-483484a67952,17b389c6-d814-4e74-bc86-8b6f3f9fd3a3,14,2,5000,10000,,False,2026-02-15T17:10:07.436323,2026-02-15T17:10:07.436323
81ac2f4e-3a38-4cfe-b2e0-4b58641a1f96,17b389c6-d814-4e74-bc86-8b6f3f9fd3a3,11,2,3000,6000,,False,2026-02-15T17:10:07.436323,2026-02-15T17:10:07.436323
23479d88-b92e-54ba-9fe4-46401d437024,0432e36f-e731-5917-ab90-43741c14ebe6,33,10,100,1000,,False,2026-02-15T17:10:07.436323,2026-02-15T17:10:07.436323
39e7026d-98fa-5389-9ee3-f86bf47d7bfd,0432e36f-e731-5917-ab90-43741c14ebe6,1,12,1200,14400,,False,2026-02-15T17:10:07.436323,2026-02-15T17:10:07.436323
776fb89d-70ea-5de6-bceb-51d985701701,0432e36f-e731-5917-ab90-43741c14ebe6,10,1,3000,3000,,False,2026-02-15T17:10:07.436323,2026-02-15T17:10:07.436323
b1662c42-221d-5062-b3e9-69861278cf63,0432e36f-e731-5917-ab90-43741c14ebe6,5,3,3500,10500,,False,2026-02-15T17:10:07.436323,2026-02-15T17:10:07.436323
67d7d1bc-43a4-5017-86a2-ed50aaea90bc,0432e36f-e731-5917-ab90-43741c14ebe6,11,2,3000,6000,,False,2026-02-15T17:10:07.436323,2026-02-15T17:10:07.436323
e6449b41-bbf8-5c50-9957-33174b357755,bda4ba7f-7b75-542c-bf22-4f70d06e4a5f,11,2,3000,6000,,False,2026-02-15T17:10:07.436323,2026-02-15T17:10:07.436323
85cb5293-ef32-58c7-b0cb-ead88dd77b5f,bda4ba7f-7b75-542c-bf22-4f70d06e4a5f,24,1,3000,3000,,False,2026-02-15T17:10:07.436323,2026-02-15T17:10:07.436323
8241e5c3-395b-59e4-863c-da6b139e8ca9,d53a74eb-8a17-5082-830c-e6a31383180b,11,1,3000,3000,,False,2026-02-15T17:10:07.436323,2026-02-15T17:10:07.436323
f040883f-8198-5478-8c60-d5dfd1ceb69d,d53a74eb-8a17-5082-830c-e6a31383180b,1,6,1200,7200,,False,2026-02-15T17:10:07.436323,2026-02-15T17:10:07.436323
855c06a3-38ba-5e4f-a9f5-89b2228aefdc,d53a74eb-8a17-5082-830c-e6a31383180b,2,2,3000,6000,,False,2026-02-15T17:10:07.436323,2026-02-15T17:10:07.436323
1c50977e-adba-561c-9b0a-dd542938a002,d53a74eb-8a17-5082-830c-e6a31383180b,3,2,3000,6000,,False,2026-02-15T17:10:07.436323,2026-02-15T17:10:07.436323
f771c59c-be5c-508c-a854-33432bcfed30,d53a74eb-8a17-5082-830c-e6a31383180b,8,4,3000,12000,,False,2026-02-15T17:10:07.436323,2026-02-15T17:10:07.436323
53ad059f-8aa1-5614-8fac-79867a424058,d53a74eb-8a17-5082-830c-e6a31383180b,22,1,4500,4500,,False,2026-02-15T17:10:07.436323,2026-02-15T17:10:07.436323
7106374c-eba6-53bb-bcc7-d35bf67ae801,3f0b0d04-5ed2-5200-a191-ab91dfb6c3e4,17,1,3000,3000,,False,2026-02-15T17:10:07.436323,2026-02-15T17:10:07.436323
c47f99ec-19b3-5383-8c19-6524423d35c5,3f0b0d04-5ed2-5200-a191-ab91dfb6c3e4,4,1,3000,3000,,False,2026-02-15T17:10:07.436323,2026-02-15T17:10:07.436323
7d1586e5-f056-5897-a3f5-e283342c6e12,3f0b0d04-5ed2-5200-a191-ab91dfb6c3e4,11,1,3000,3000,,False,2026-02-15T17:10:07.436323,2026-02-15T17:10:07.436323
2ce96c13-ea8b-5e3e-8440-4f221d047b8a,3f0b0d04-5ed2-5200-a191-ab91dfb6c3e4,20,1,4500,4500,,False,2026-02-15T17:10:07.436323,2026-02-15T17:10:07.436323
caa3005f-9fac-554e-bd19-bbc8083217a5,3f0b0d04-5ed2-5200-a191-ab91dfb6c3e4,8,2,3000,6000,,False,2026-02-15T17:10:07.436323,2026-02-15T17:10:07.436323
e0bfff52-ba3f-5973-84f6-3e62516cb166,185a2cef-e147-5d39-a9c6-16c4f01302d1,33,10,100,1000,,False,2026-02-15T17:10:07.436323,2026-02-15T17:10:07.436323
6c2566f8-9f4d-50f1-aea8-3a1ab978f0a6,dc400e00-64ee-5a0e-860a-771795f40b74,39,12,2500,30000,,False,2026-02-15T17:10:07.436323,2026-02-15T17:10:07.436323
9195a6f3-96de-5f25-bc94-db2ba3192f72,dc400e00-64ee-5a0e-860a-771795f40b74,10,6,3000,18000,,False,2026-02-15T17:10:07.436323,2026-02-15T17:10:07.436323
5344c666-93fd-5259-a13a-699a5a7febf7,dc400e00-64ee-5a0e-860a-771795f40b74,38,12,2500,30000,,False,2026-02-15T17:10:07.436323,2026-02-15T17:10:07.436323
c0e7aa14-915d-5eab-b963-0cadf457ffba,dc400e00-64ee-5a0e-860a-771795f40b74,8,48,3000,144000,,False,2026-02-15T17:10:07.436323,2026-02-15T17:10:07.436323
adae57c7-0867-5b1f-8740-e0543084ae89,dc400e00-64ee-5a0e-860a-771795f40b74,11,12,3000,36000,,False,2026-02-15T17:10:07.436323,2026-02-15T17:10:07.436323
83e625f8-77c4-5a32-8627-425c57c534cd,dc400e00-64ee-5a0e-860a-771795f40b74,19,3,4500,13500,,False,2026-02-15T17:10:07.436323,2026-02-15T17:10:07.436323
cc67c19c-d510-53b2-b5fa-c0bb00af45cd,bcbacf9d-5d59-5953-ace5-e02f53c2d5cc,38,1,2500,2500,,False,2026-02-15T17:10:07.436323,2026-02-15T17:10:07.436323
15456f7e-b951-5946-bb1b-5384aff8423f,bcbacf9d-5d59-5953-ace5-e02f53c2d5cc,1,1,1200,1200,,False,2026-02-15T17:10:07.436323,2026-02-15T17:10:07.436323
06b894df-e9ec-57c4-b6c4-9e5bdf5be486,bcbacf9d-5d59-5953-ace5-e02f53c2d5cc,4,2,3000,6000,,False,2026-02-15T17:10:07.436323,2026-02-15T17:10:07.436323
be3a629c-de99-52dc-998e-197666a0c3c9,0c2a0b6a-bac0-5338-ab0c-652375218761,2,6,3000,18000,,False,2026-02-15T17:10:07.436323,2026-02-15T17:10:07.436323
1478944f-9a29-5c69-825c-1bdae5093440,0c2a0b6a-bac0-5338-ab0c-652375218761,14,6,5000,30000,,False,2026-02-15T17:10:07.436323,2026-02-15T17:10:07.436323
c15b486e-d9fe-5f77-bb15-c4d8244762d5,fe535e0c-e881-502e-8c52-a83d2f1ac0c6,2,2,3000,6000,,False,2026-02-15T17:10:07.436323,2026-02-15T17:10:07.436323
1ef5a0f1-ef38-5758-b93e-624b301ea45a,fe535e0c-e881-502e-8c52-a83d2f1ac0c6,4,2,3000,6000,,False,2026-02-15T17:10:07.436323,2026-02-15T17:10:07.436323
61095202-94cf-5266-8bfd-9c8c1d47c721,fe535e0c-e881-502e-8c52-a83d2f1ac0c6,8,6,3000,18000,,False,2026-02-15T17:10:07.436323,2026-02-15T17:10:07.436323
c3ee753a-7202-5e9a-aed8-31f382fbbe27,fe535e0c-e881-502e-8c52-a83d2f1ac0c6,3,4,3000,12000,,False,2026-02-15T17:10:07.436323,2026-02-15T17:10:07.436323
2e3fd99b-73fd-5d8e-a404-46a03a1b43bb,46985a10-4b90-5a80-bb09-a7b9b0f953d1,6,1,5000,5000,,False,2026-02-15T17:10:07.436323,2026-02-15T17:10:07.436323
3f43273f-9da3-595b-ae1d-7fe90afdd511,46985a10-4b90-5a80-bb09-a7b9b0f953d1,2,18,3000,54000,,False,2026-02-15T17:10:07.436323,2026-02-15T17:10:07.436323
7d094b75-1ec0-5e4c-8d3d-ad62d9490baf,46985a10-4b90-5a80-bb09-a7b9b0f953d1,3,6,3000,18000,,False,2026-02-15T17:10:07.436323,2026-02-15T17:10:07.436323
0db9ef54-6e68-5d43-a473-5d5fe254fd11,46985a10-4b90-5a80-bb09-a7b9b0f953d1,1,18,1200,21600,,False,2026-02-15T17:10:07.437323,2026-02-15T17:10:07.437323
aed71ca5-5b4c-5137-9e58-f535b421bfc6,46985a10-4b90-5a80-bb09-a7b9b0f953d1,4,18,3000,54000,,False,2026-02-15T17:10:07.437323,2026-02-15T17:10:07.437323
39cef887-0b41-543f-908a-94121f8fab8e,46985a10-4b90-5a80-bb09-a7b9b0f953d1,5,2,3500,7000,,False,2026-02-15T17:10:07.437323,2026-02-15T17:10:07.437323
ffcdd2e0-43ea-5053-8daa-4c6f7cc15b8a,46985a10-4b90-5a80-bb09-a7b9b0f953d1,7,24,3000,72000,,False,2026-02-15T17:10:07.437323,2026-02-15T17:10:07.437323
30f90dc8-f770-5037-8aa0-fb8ff75af121,a47d399a-b61e-5f81-ae08-49a0aca4576b,7,1,3000,3000,,False,2026-02-15T17:10:07.437323,2026-02-15T17:10:07.437323
fca91f55-c345-439c-8352-dfd261cd3ef1,e2d7fd32-52ff-47af-aa9f-15a7c566f17c,1,12,1200,14400,,False,2026-02-15T17:10:07.437323,2026-02-15T17:10:07.437323
49900b7d-40a8-4884-9386-b564172954e7,e2d7fd32-52ff-47af-aa9f-15a7c566f17c,8,6,3000,18000,,False,2026-02-15T17:10:07.437323,2026-02-15T17:10:07.437323
6f8f6209-05fd-4904-a29f-3393cc21ae20,e2d7fd32-52ff-47af-aa9f-15a7c566f17c,4,1,3000,3000,,False,2026-02-15T17:10:07.437323,2026-02-15T17:10:07.437323
009e7c2f-f01d-4aba-84d6-4d1913652d36,40e4f977-a19a-4e66-a323-160ddbcc9abf,14,6,5000,30000,,False,2026-02-15T17:10:07.437323,2026-02-15T17:10:07.437323
4e79faa1-db1e-4788-ae90-bfefd232d71b,40e4f977-a19a-4e66-a323-160ddbcc9abf,16,3,3000,9000,,False,2026-02-15T17:10:07.437323,2026-02-15T17:10:07.437323
9f17b69f-b16c-4d3a-ad7f-68012592fdba,40e4f977-a19a-4e66-a323-160ddbcc9abf,17,3,3000,9000,,False,2026-02-15T17:10:07.437323,2026-02-15T17:10:07.437323
ac9c940a-352a-4086-a835-6250ed3b08db,117451fa-7a15-4cdd-a19e-981c1b2ef364,1,3,1200,3600,,False,2026-02-15T17:10:07.437323,2026-02-15T17:10:07.437323
aea8f9e7-a5a2-4224-a7b7-1663d57680f5,117451fa-7a15-4cdd-a19e-981c1b2ef364,2,2,3000,6000,,False,2026-02-15T17:10:07.437323,2026-02-15T17:10:07.437323
a8f47046-61fa-42a3-9ff6-0d62639bd992,117451fa-7a15-4cdd-a19e-981c1b2ef364,3,1,3000,3000,,False,2026-02-15T17:10:07.437323,2026-02-15T17:10:07.437323
800cd8e6-165d-4a6a-becb-311eabcd2d22,117451fa-7a15-4cdd-a19e-981c1b2ef364,4,1,3000,3000,,False,2026-02-15T17:10:07.437323,2026-02-15T17:10:07.437323
caffcef8-99e4-421f-b9d2-041325c0eb41,117451fa-7a15-4cdd-a19e-981c1b2ef364,7,4,3000,12000,,False,2026-02-15T17:10:07.437323,2026-02-15T17:10:07.437323
596396ad-47e2-445f-b8a6-aabd787fe8e6,117451fa-7a15-4cdd-a19e-981c1b2ef364,8,3,3000,9000,,False,2026-02-15T17:10:07.437323,2026-02-15T17:10:07.437323
92b04d2d-f73f-4b46-ab09-530bebe3f3c1,117451fa-7a15-4cdd-a19e-981c1b2ef364,14,1,5000,5000,,False,2026-02-15T17:10:07.437323,2026-02-15T17:10:07.437323
762a0ce2-bd28-4542-8af2-d94db45450c4,0e77f5cc-f632-4cf7-a3ee-aaf0ea947362,1,4,1200,4800,,False,2026-02-15T17:10:07.437323,2026-02-15T17:10:07.437323
0d33b745-c662-442c-b128-3d55c90d502e,0e77f5cc-f632-4cf7-a3ee-aaf0ea947362,2,2,3000,6000,,False,2026-02-15T17:10:07.437323,2026-02-15T17:10:07.437323
c9f536c8-d08b-4f5f-813e-c6de0c6c7f8e,0e77f5cc-f632-4cf7-a3ee-aaf0ea947362,7,1,3000,3000,,False,2026-02-15T17:10:07.437323,2026-02-15T17:10:07.437323
23780e0a-f475-411c-8726-757f772c21ea,0e77f5cc-f632-4cf7-a3ee-aaf0ea947362,8,5,3000,15000,,False,2026-02-15T17:10:07.437323,2026-02-15T17:10:07.437323
e0ab33fb-3a00-4c8b-ae45-24c7a080d283,0e77f5cc-f632-4cf7-a3ee-aaf0ea947362,3,1,3000,3000,,False,2026-02-15T17:10:07.437323,2026-02-15T17:10:07.437323
4936c918-93fc-4e4e-a5a5-33fef640bb6a,62838762-642c-425b-9481-884021e34163,3,1,3000,3000,,False,2026-02-15T17:10:07.437323,2026-02-15T17:10:07.437323
ca617b19-de0d-458e-9228-9c9563bb046f,62838762-642c-425b-9481-884021e34163,4,1,3000,3000,,False,2026-02-15T17:10:07.437323,2026-02-15T17:10:07.437323
0e997c0b-7e98-49f8-9b9e-436ec669f830,62838762-642c-425b-9481-884021e34163,7,2,3000,6000,,False,2026-02-15T17:10:07.437323,2026-02-15T17:10:07.437323
b80c4333-a0ec-42d1-95bc-5a9a0ccc1ee3,fca9a178-a54b-432b-b8fe-c41d3d9e8258,4,3,3000,9000,,False,2026-02-15T17:10:07.437323,2026-02-15T17:10:07.437323
bd582e9f-9b11-4693-bd3f-6d52bb4b01cd,11aeae3d-ca07-42f8-a085-47691ec5ff04,2,3,3000,9000,,False,2026-02-15T17:10:07.437323,2026-02-15T17:10:07.437323
6fbe9fae-7ed6-46c9-8eab-34201b3403bc,11aeae3d-ca07-42f8-a085-47691ec5ff04,3,2,3000,6000,,False,2026-02-15T17:10:07.437323,2026-02-15T17:10:07.437323
8715af79-d813-46ad-8ce6-d2d4b95d1856,11aeae3d-ca07-42f8-a085-47691ec5ff04,5,2,3500,7000,,False,2026-02-15T17:10:07.437323,2026-02-15T17:10:07.437323
1f27c6b8-0992-4c4c-b473-db4d5ec99239,11aeae3d-ca07-42f8-a085-47691ec5ff04,8,5,3000,15000,,False,2026-02-15T17:10:07.437323,2026-02-15T17:10:07.437323
4c712a40-f0a0-48a3-914f-0795e0e1a6dd,14c2494b-9884-4b9b-84e8-f1125f25bd91,1,4,1200,4800,,False,2026-02-15T17:10:07.437323,2026-02-15T17:10:07.437323
836e6bd0-5bfe-4fc5-b522-8c178a4d9e18,14c2494b-9884-4b9b-84e8-f1125f25bd91,2,4,3000,12000,,False,2026-02-15T17:10:07.437323,2026-02-15T17:10:07.437323
6189c9fa-c346-4185-88ed-e0f56fd15cd0,14c2494b-9884-4b9b-84e8-f1125f25bd91,3,3,3000,9000,,False,2026-02-15T17:10:07.437323,2026-02-15T17:10:07.437323
6b228581-a59a-429e-9ac4-172aae02d8c7,14c2494b-9884-4b9b-84e8-f1125f25bd91,8,4,3000,12000,,False,2026-02-15T17:10:07.437323,2026-02-15T17:10:07.437323
8fcee7cf-814e-4c26-8caf-00bcadec000b,14c2494b-9884-4b9b-84e8-f1125f25bd91,10,1,3000,3000,,False,2026-02-15T17:10:07.437323,2026-02-15T17:10:07.437323
c07d5d01-1610-4dda-b94c-ed3cf35b4b8c,14c2494b-9884-4b9b-84e8-f1125f25bd91,14,1,5000,5000,,False,2026-02-15T17:10:07.437323,2026-02-15T17:10:07.437323
c684c7d1-7409-4768-94e2-ba8dbb64c115,cdb53151-06ef-431e-99f2-65fb85c8c887,1,12,1200,14400,,False,2026-02-15T17:10:07.437323,2026-02-15T17:10:07.437323
96006890-a5f0-4b82-8139-2f28a6a51eaf,cdb53151-06ef-431e-99f2-65fb85c8c887,2,6,3000,18000,,False,2026-02-15T17:10:07.437323,2026-02-15T17:10:07.437323
9d2ea0a8-5469-4fd9-8471-33e8b8c4ab38,cdb53151-06ef-431e-99f2-65fb85c8c887,6,3,5000,15000,,False,2026-02-15T17:10:07.437323,2026-02-15T17:10:07.437323
776ec620-b712-4014-abc5-0d851c4c8af5,cdb53151-06ef-431e-99f2-65fb85c8c887,8,6,3000,18000,,False,2026-02-15T17:10:07.437323,2026-02-15T17:10:07.437323
0991c792-efad-44aa-940c-5ba880152f85,cdb53151-06ef-431e-99f2-65fb85c8c887,11,1,3000,3000,,False,2026-02-15T17:10:07.437323,2026-02-15T17:10:07.437323
31349398-667f-4baa-b7f1-93f662c87230,a316a60f-245f-433c-b883-4f084feb229e,8,10,3000,30000,,False,2026-02-15T17:10:07.437323,2026-02-15T17:10:07.437323
bbdb1bda-7142-4986-891a-f05f1a77f127,a316a60f-245f-433c-b883-4f084feb229e,38,3,2500,7500,,False,2026-02-15T17:10:07.437323,2026-02-15T17:10:07.437323
2e529456-3fe5-4fd1-a8de-47e1ec0bc9ff,a316a60f-245f-433c-b883-4f084feb229e,39,2,2500,5000,,False,2026-02-15T17:10:07.437323,2026-02-15T17:10:07.437323
8f9ac031-4675-4156-abd7-b1841a618520,12e684b7-f0da-4141-869c-b544e283e618,1,12,1200,14400,,False,2026-02-15T17:10:07.437323,2026-02-15T17:10:07.437323
a946d8f1-d109-4400-84e1-6fd5f4cfa715,12e684b7-f0da-4141-869c-b544e283e618,2,6,3000,18000,,False,2026-02-15T17:10:07.437323,2026-02-15T17:10:07.437323
d6b99e3c-0a0d-4ff6-9291-95bd4dec01e0,12e684b7-f0da-4141-869c-b544e283e618,3,3,3000,9000,,False,2026-02-15T17:10:07.437323,2026-02-15T17:10:07.437323
f2a08617-6f9a-41af-851e-45829beb0e8e,12e684b7-f0da-4141-869c-b544e283e618,4,3,3000,9000,,False,2026-02-15T17:10:07.437323,2026-02-15T17:10:07.437323
ad0ce3fa-0ac4-4be8-a8a9-9055b7116717,12e684b7-f0da-4141-869c-b544e283e618,7,6,3000,18000,,False,2026-02-15T17:10:07.437323,2026-02-15T17:10:07.437323
76814800-98c1-451c-a7fc-f768878debcb,12e684b7-f0da-4141-869c-b544e283e618,8,6,3000,18000,,False,2026-02-15T17:10:07.437323,2026-02-15T17:10:07.437323
6a0bc674-e8a9-4c98-9cf3-891decbaa9ff,6517782c-d142-451e-899e-d1ed848b7a32,8,2,3000,6000,,False,2026-02-15T17:10:07.437323,2026-02-15T17:10:07.437323
5e3e8490-0fc2-4921-bc78-80cc01b82e41,6517782c-d142-451e-899e-d1ed848b7a32,15,1,3000,3000,,False,2026-02-15T17:10:07.437323,2026-02-15T17:10:07.437323
291f2ae9-5f94-4f6f-8fd2-2a99b86c1108,2bd6d19f-d37d-4b69-bb4e-a4a9ea1d6dcc,1,30,1200,36000,,False,2026-02-15T17:10:07.437323,2026-02-15T17:10:07.437323
c1965c90-7c1f-4104-a784-c682a2d9c41c,2bd6d19f-d37d-4b69-bb4e-a4a9ea1d6dcc,4,5,3000,15000,,False,2026-02-15T17:10:07.437323,2026-02-15T17:10:07.437323
45162e2c-0289-46bc-b685-595bf556d62f,2bd6d19f-d37d-4b69-bb4e-a4a9ea1d6dcc,8,18,3000,54000,,False,2026-02-15T17:10:07.437323,2026-02-15T17:10:07.437323
8eb0bba0-a52b-4a25-b1fb-ac23fe865830,2bd6d19f-d37d-4b69-bb4e-a4a9ea1d6dcc,38,2,2500,5000,,False,2026-02-15T17:10:07.437323,2026-02-15T17:10:07.437323
c6c460da-8657-42a5-ae05-e172c2494902,2bd6d19f-d37d-4b69-bb4e-a4a9ea1d6dcc,39,1,2500,2500,,False,2026-02-15T17:10:07.437323,2026-02-15T17:10:07.437323
c7f3a0ae-4889-4c3c-b84b-564c8114fdbd,2bd6d19f-d37d-4b69-bb4e-a4a9ea1d6dcc,14,2,5000,10000,,False,2026-02-15T17:10:07.437323,2026-02-15T17:10:07.437323
6bed3da0-50f9-49b2-bdad-f3a8fec5dc09,17b9afbc-7c0f-4a51-b8b8-508c3ad4be67,39,1,2500,2500,,False,2026-02-15T17:10:07.437323,2026-02-15T17:10:07.437323
7ebce40e-fb5e-44b3-ac14-5c78299021ce,17b9afbc-7c0f-4a51-b8b8-508c3ad4be67,14,1,5000,5000,,False,2026-02-15T17:10:07.437323,2026-02-15T17:10:07.437323
1a92103c-7173-4f25-9f13-9f4624563600,93e0e1d2-a3bb-4f88-8164-ce7c883f40ce,1,4,1200,4800,,False,2026-02-15T17:10:07.437323,2026-02-15T17:10:07.437323
8fa1ea59-101e-4703-a9ff-e0039ff4db30,93e0e1d2-a3bb-4f88-8164-ce7c883f40ce,2,1,3000,3000,,False,2026-02-15T17:10:07.437323,2026-02-15T17:10:07.437323
8054175d-6adb-48a4-8d9e-f0fd20f4b08e,93e0e1d2-a3bb-4f88-8164-ce7c883f40ce,3,1,3000,3000,,False,2026-02-15T17:10:07.437323,2026-02-15T17:10:07.437323
160e23dc-a110-4c5b-b77e-d840189a5c8a,93e0e1d2-a3bb-4f88-8164-ce7c883f40ce,4,3,3000,9000,,False,2026-02-15T17:10:07.437323,2026-02-15T17:10:07.437323
a673b928-d703-4e66-9388-42bd33d57da1,93e0e1d2-a3bb-4f88-8164-ce7c883f40ce,7,1,3000,3000,,False,2026-02-15T17:10:07.437323,2026-02-15T17:10:07.437323
9e0ac9c9-c383-47a3-a445-cc5281b58023,93e0e1d2-a3bb-4f88-8164-ce7c883f40ce,8,5,3000,15000,,False,2026-02-15T17:10:07.437323,2026-02-15T17:10:07.437323
be191f63-0885-4b33-8842-c5dec805eab0,93e0e1d2-a3bb-4f88-8164-ce7c883f40ce,14,1,5000,5000,,False,2026-02-15T17:10:07.437323,2026-02-15T17:10:07.437323
72d9cf54-a492-41d0-b59f-91ea7c186bb5,0cbfbbfe-f188-498a-abad-04687057bf94,9,1,3000,3000,,False,2026-02-15T17:10:07.437323,2026-02-15T17:10:07.437323
939f1a20-b72c-4c4d-8967-351dd72a5be7,3542e16a-fa24-484b-83ff-87b274fb8e6a,1,4,1200,4800,,False,2026-02-15T17:10:07.437323,2026-02-15T17:10:07.437323
2dc46b69-dbc6-4ca4-83d3-d7a9c87b8f7a,3542e16a-fa24-484b-83ff-87b274fb8e6a,2,2,3000,6000,,False,2026-02-15T17:10:07.437323,2026-02-15T17:10:07.437323
4ae81b25-467c-4aba-9e24-1afad582c25c,3542e16a-fa24-484b-83ff-87b274fb8e6a,8,2,3000,6000,,False,2026-02-15T17:10:07.437323,2026-02-15T17:10:07.437323
51346338-2660-4a3c-85a1-6731e6db6bcc,3542e16a-fa24-484b-83ff-87b274fb8e6a,11,2,3000,6000,,False,2026-02-15T17:10:07.437323,2026-02-15T17:10:07.437323
f5f2ca24-7ed3-4e7b-98dd-2dc3e81e7c08,b6d6acad-e5a1-4c95-818d-a8fd954a7d9c,2,6,3000,18000,,False,2026-02-15T17:10:07.437323,2026-02-15T17:10:07.437323
aa7898ca-b010-4a5e-bf7f-ca80b91f8b27,b6d6acad-e5a1-4c95-818d-a8fd954a7d9c,4,2,3000,6000,,False,2026-02-15T17:10:07.437323,2026-02-15T17:10:07.437323
a136499e-31ff-4b8d-8b0f-cea90fe4db15,b6d6acad-e5a1-4c95-818d-a8fd954a7d9c,8,6,3000,18000,,False,2026-02-15T17:10:07.437323,2026-02-15T17:10:07.437323
d8154644-7001-4e6a-bd11-e156d15785a0,9b20d627-3150-492e-8a28-8d2d1ac28b7d,1,2,1200,2400,,False,2026-02-15T17:10:07.437323,2026-02-15T17:10:07.437323
d9fb69cc-4e1c-43c3-bf92-9930fc9d99c2,9b20d627-3150-492e-8a28-8d2d1ac28b7d,2,1,3000,3000,,False,2026-02-15T17:10:07.437323,2026-02-15T17:10:07.437323
02562215-65e9-4292-b46c-c39e45a7df9f,9b20d627-3150-492e-8a28-8d2d1ac28b7d,4,1,3000,3000,,False,2026-02-15T17:10:07.437323,2026-02-15T17:10:07.437323
d3fbcd38-99e6-49cc-a187-ac66112bbb52,9b20d627-3150-492e-8a28-8d2d1ac28b7d,5,1,3500,3500,,False,2026-02-15T17:10:07.437323,2026-02-15T17:10:07.437323
52473f28-1c69-4a53-bfa5-b3ea135ce865,9b20d627-3150-492e-8a28-8d2d1ac28b7d,7,4,3000,12000,,False,2026-02-15T17:10:07.437323,2026-02-15T17:10:07.437323
0c0ac3cd-567a-4761-9867-2e9babc3190b,9b20d627-3150-492e-8a28-8d2d1ac28b7d,8,3,3000,9000,,False,2026-02-15T17:10:07.437323,2026-02-15T17:10:07.437323
edfd5896-31e8-4584-9b8b-71bd7f652c28,9b20d627-3150-492e-8a28-8d2d1ac28b7d,10,1,3000,3000,,False,2026-02-15T17:10:07.437323,2026-02-15T17:10:07.437323
a605dbe7-8440-4cae-8273-3d9591c954de,36f1c41c-2a3f-41c9-90e5-c54eaf3b2513,1,4,1200,4800,,False,2026-02-15T17:10:07.437323,2026-02-15T17:10:07.437323
c36c6829-5245-41d5-bafb-c1b4503b16ab,36f1c41c-2a3f-41c9-90e5-c54eaf3b2513,2,5,3000,15000,,False,2026-02-15T17:10:07.437323,2026-02-15T17:10:07.437323
443ee54c-9092-4f0e-9295-664be627d5fe,36f1c41c-2a3f-41c9-90e5-c54eaf3b2513,3,1,3000,3000,,False,2026-02-15T17:10:07.437323,2026-02-15T17:10:07.437323
e0998035-9bfd-4874-b98e-45de147eaac7,36f1c41c-2a3f-41c9-90e5-c54eaf3b2513,4,3,3000,9000,,False,2026-02-15T17:10:07.437323,2026-02-15T17:10:07.437323
2f03cdb5-9445-4ed1-a29b-5c067b1bb6e8,36f1c41c-2a3f-41c9-90e5-c54eaf3b2513,7,5,3000,15000,,False,2026-02-15T17:10:07.437323,2026-02-15T17:10:07.437323
ed32a918-ac57-4cf4-abe8-2e05e6c7ec54,36f1c41c-2a3f-41c9-90e5-c54eaf3b2513,8,5,3000,15000,,False,2026-02-15T17:10:07.437323,2026-02-15T17:10:07.437323
27f138e8-0341-43d0-be3f-9bdcb362db39,36f1c41c-2a3f-41c9-90e5-c54eaf3b2513,38,1,2500,2500,,False,2026-02-15T17:10:07.437323,2026-02-15T17:10:07.437323
2bc1f4ae-bdb5-486c-aa04-51cfd2d37014,273c3126-6f9f-47da-a3ed-b51f2e80ddaa,1,18,1200,22600,,False,2026-02-15T17:10:07.437323,2026-02-15T17:10:07.437323
385d2712-f5ef-4d0c-8d3c-d2b6a4782abb,273c3126-6f9f-47da-a3ed-b51f2e80ddaa,8,6,3000,18000,,False,2026-02-15T17:10:07.437323,2026-02-15T17:10:07.437323
7a558b6f-e136-4541-be67-039361b8c5a3,273c3126-6f9f-47da-a3ed-b51f2e80ddaa,14,2,5000,10000,,False,2026-02-15T17:10:07.437323,2026-02-15T17:10:07.437323
388986bf-3734-4822-86f7-85d86d1996fa,33d95562-e68a-4d7f-8386-52f3e361eb18,33,5,200,1000,,False,2026-02-15T17:10:07.437323,2026-02-15T17:10:07.437323
47b609b4-f740-4bfa-bc6a-089ab7f74f8c,33d95562-e68a-4d7f-8386-52f3e361eb18,34,5,200,1000,,False,2026-02-15T17:10:07.437323,2026-02-15T17:10:07.437323
2084e4bc-17c6-4183-a376-99dd2b03d89a,9a5fd298-92a4-48c3-88cd-f9c3f19c2fa0,2,18,3000,54000,,False,2026-02-15T17:10:07.437323,2026-02-15T17:10:07.437323
5022a10d-0567-4779-af08-4819cd1ed33d,9a5fd298-92a4-48c3-88cd-f9c3f19c2fa0,4,18,3000,54000,,False,2026-02-15T17:10:07.437323,2026-02-15T17:10:07.437323
a91d4880-90fc-4277-bfad-c9b6cd030cab,9a5fd298-92a4-48c3-88cd-f9c3f19c2fa0,5,6,3500,21000,,False,2026-02-15T17:10:07.437323,2026-02-15T17:10:07.437323
8e29728c-bb8f-4aae-8265-91882c3d03c3,9a5fd298-92a4-48c3-88cd-f9c3f19c2fa0,7,12,3000,36000,,False,2026-02-15T17:10:07.437323,2026-02-15T17:10:07.437323
a8635f0f-2463-4357-bc74-b53df0ed42bb,9a5fd298-92a4-48c3-88cd-f9c3f19c2fa0,8,30,3000,90000,,False,2026-02-15T17:10:07.437323,2026-02-15T17:10:07.437323
701639cb-8291-43f1-b683-da87e4557f35,9a5fd298-92a4-48c3-88cd-f9c3f19c2fa0,38,6,2500,15000,,False,2026-02-15T17:10:07.438324,2026-02-15T17:10:07.438324
6e61d3e7-a5dd-4ab0-a691-d7ed506a1b77,9a5fd298-92a4-48c3-88cd-f9c3f19c2fa0,39,6,2500,15000,,False,2026-02-15T17:10:07.438324,2026-02-15T17:10:07.438324
4c28d6ca-d825-4d32-aeff-079415845afb,09f4ae91-686a-496e-a88f-d881fb3c044e,1,3,1200,3600,,False,2026-02-15T17:10:07.438324,2026-02-15T17:10:07.438324
ba634ed0-f749-4146-bac0-ea316f48668a,09f4ae91-686a-496e-a88f-d881fb3c044e,8,3,3000,9000,,False,2026-02-15T17:10:07.438324,2026-02-15T17:10:07.438324
e3bc0e86-7a12-4b77-ad95-d586b3c1811e,09f4ae91-686a-496e-a88f-d881fb3c044e,38,2,2500,5000,,False,2026-02-15T17:10:07.438324,2026-02-15T17:10:07.438324
fbf973c1-6597-49d3-88bc-a966565542f1,09f4ae91-686a-496e-a88f-d881fb3c044e,39,2,2500,5000,,False,2026-02-15T17:10:07.438324,2026-02-15T17:10:07.438324
2db93387-3ebf-4812-8ccf-2b10d170a520,09f4ae91-686a-496e-a88f-d881fb3c044e,3,1,3000,3000,,False,2026-02-15T17:10:07.438324,2026-02-15T17:10:07.438324
5ac47340-5c1e-4603-8dc0-ee22438a710c,e5539a30-ecad-4a24-b610-6f7c39148150,1,6,1200,7200,,False,2026-02-15T17:10:07.438324,2026-02-15T17:10:07.438324
be48c40d-52d1-4786-8f34-3d790afe19ee,e5539a30-ecad-4a24-b610-6f7c39148150,8,6,3000,18000,,False,2026-02-15T17:10:07.438324,2026-02-15T17:10:07.438324
20e3e329-e2ac-49d0-9f4f-0e0e3d4bdc00,e5539a30-ecad-4a24-b610-6f7c39148150,4,1,3000,3000,,False,2026-02-15T17:10:07.438324,2026-02-15T17:10:07.438324
6d497236-8915-4ad6-86ff-1d51aea6e247,56e5e85c-03c4-45cb-b29e-b7e6b6c99afd,3,3,3000,9000,,False,2026-02-15T17:10:07.438324,2026-02-15T17:10:07.438324
6a239fdc-80cf-4d93-8eaf-91e24f267e95,56e5e85c-03c4-45cb-b29e-b7e6b6c99afd,4,2,3000,6000,,False,2026-02-15T17:10:07.438324,2026-02-15T17:10:07.438324
38c442ed-d72b-4371-b7da-71d47e273fc6,56e5e85c-03c4-45cb-b29e-b7e6b6c99afd,8,2,3000,6000,,False,2026-02-15T17:10:07.438324,2026-02-15T17:10:07.438324
e7048127-8fcd-4121-92ed-bde24b7bb4d1,56e5e85c-03c4-45cb-b29e-b7e6b6c99afd,7,2,3000,6000,,False,2026-02-15T17:10:07.438324,2026-02-15T17:10:07.438324
4fd2d09f-30a5-47c1-be29-f5da89c228fa,c01aef24-01de-4e94-b28c-a303dcca8458,1,4,1200,4800,,False,2026-02-15T17:10:07.438324,2026-02-15T17:10:07.438324
5dc1eef2-5026-486a-81da-153c66e99c0b,c01aef24-01de-4e94-b28c-a303dcca8458,2,1,3000,3000,,False,2026-02-15T17:10:07.438324,2026-02-15T17:10:07.438324
41dc77b7-a972-4829-a3a7-26cabdd41dbc,c01aef24-01de-4e94-b28c-a303dcca8458,4,3,3000,9000,,False,2026-02-15T17:10:07.438324,2026-02-15T17:10:07.438324
e3f208f4-fe67-463a-b5c1-a22ce13bfe77,c01aef24-01de-4e94-b28c-a303dcca8458,17,1,3000,3000,,False,2026-02-15T17:10:07.438324,2026-02-15T17:10:07.438324
a696b65a-b861-4131-b702-f38c54bb5e10,26f090b9-81b5-4918-9f62-97967c2715da,2,6,3000,18000,,False,2026-02-15T17:10:07.438324,2026-02-15T17:10:07.438324
a971667c-8c1d-491e-b785-a3d104e515bb,26f090b9-81b5-4918-9f62-97967c2715da,3,2,3000,6000,,False,2026-02-15T17:10:07.438324,2026-02-15T17:10:07.438324
147966c6-601b-4046-90be-c780d8e75d89,26f090b9-81b5-4918-9f62-97967c2715da,4,2,3000,6000,,False,2026-02-15T17:10:07.438324,2026-02-15T17:10:07.438324
3ab1797d-eeae-4c99-b2e8-67bfb9007213,26f090b9-81b5-4918-9f62-97967c2715da,7,6,3000,18000,,False,2026-02-15T17:10:07.438324,2026-02-15T17:10:07.438324
2c92a238-752b-4757-9762-234ed4b9a4e0,26f090b9-81b5-4918-9f62-97967c2715da,8,6,3000,18000,,False,2026-02-15T17:10:07.438324,2026-02-15T17:10:07.438324
756ecdba-e0fb-4912-a147-d234013c3080,26f090b9-81b5-4918-9f62-97967c2715da,27,1,3000,3000,,False,2026-02-15T17:10:07.438324,2026-02-15T17:10:07.438324
a4e7e66b-8869-4628-91d5-ccb90aec1d18,2460e003-0c08-4f28-a4d5-aedb7772ac48,1,2,1200,2400,,False,2026-02-15T17:10:07.438324,2026-02-15T17:10:07.438324
e353091e-cf57-4341-b0da-89a8df8ca09d,2460e003-0c08-4f28-a4d5-aedb7772ac48,2,1,3000,3000,,False,2026-02-15T17:10:07.438324,2026-02-15T17:10:07.438324
98554b66-1de2-48d9-afdb-24884aeabc65,2460e003-0c08-4f28-a4d5-aedb7772ac48,8,3,3000,9000,,False,2026-02-15T17:10:07.438324,2026-02-15T17:10:07.438324
65de424b-3f0c-4560-8554-352e4b1ebc91,54a38553-46de-405c-a853-741a2994ee5b,1,8,1200,9600,,False,2026-02-15T17:10:07.438324,2026-02-15T17:10:07.438324
5bbe5b5b-7994-4c24-bd48-746850f263de,54a38553-46de-405c-a853-741a2994ee5b,2,2,3000,6000,,False,2026-02-15T17:10:07.438324,2026-02-15T17:10:07.438324
34103f4b-38bc-455b-a899-5a0dbfca92f7,54a38553-46de-405c-a853-741a2994ee5b,3,1,3000,3000,,False,2026-02-15T17:10:07.438324,2026-02-15T17:10:07.438324
1d39ef5a-37b6-4850-b00e-3bc3c6ca685f,54a38553-46de-405c-a853-741a2994ee5b,4,2,3000,6000,,False,2026-02-15T17:10:07.438324,2026-02-15T17:10:07.438324
66c4ed5d-157d-4a15-bc7c-5ef99cb8070f,54a38553-46de-405c-a853-741a2994ee5b,8,5,3000,15000,,False,2026-02-15T17:10:07.438324,2026-02-15T17:10:07.438324
fdfbdc0a-ca4a-440a-8b34-839c933c27d3,54a38553-46de-405c-a853-741a2994ee5b,11,2,3000,6000,,False,2026-02-15T17:10:07.438324,2026-02-15T17:10:07.438324
4fe4b7de-c3a8-42db-b76b-fcf2bfdba438,54a38553-46de-405c-a853-741a2994ee5b,24,1,3000,3000,,False,2026-02-15T17:10:07.438324,2026-02-15T17:10:07.438324
52e8ec8c-9aaf-4a35-aaea-0afeb1249fab,f63d6af2-702c-43ef-be3d-e4921947f9c1,2,1,3000,3000,,False,2026-02-15T17:10:07.438324,2026-02-15T17:10:07.438324
5e73a827-2f65-4b01-8b28-83195be7a61e,f63d6af2-702c-43ef-be3d-e4921947f9c1,3,2,3000,6000,,False,2026-02-15T17:10:07.438324,2026-02-15T17:10:07.438324
298cb0f4-b3ab-4409-b5b1-3cb167780883,f63d6af2-702c-43ef-be3d-e4921947f9c1,8,6,3000,18000,,False,2026-02-15T17:10:07.438324,2026-02-15T17:10:07.438324
bfcbb327-4cfe-458d-86df-186c57e228d4,f63d6af2-702c-43ef-be3d-e4921947f9c1,14,1,5000,5000,,False,2026-02-15T17:10:07.438324,2026-02-15T17:10:07.438324
c6e994a1-8141-4026-b737-7fcd0e514766,0902d44d-7793-433b-ab98-df1d0210b427,1,5,1200,6000,,False,2026-02-15T17:10:07.438324,2026-02-15T17:10:07.438324
a072593d-37d6-428f-8c33-7a7feecce967,0902d44d-7793-433b-ab98-df1d0210b427,2,4,3000,12000,,False,2026-02-15T17:10:07.438324,2026-02-15T17:10:07.438324
038a3828-2b31-4dc3-9ee6-3a4586547aee,0902d44d-7793-433b-ab98-df1d0210b427,38,1,2500,2500,,False,2026-02-15T17:10:07.438324,2026-02-15T17:10:07.438324
2553973c-e411-4849-897c-974260b7649b,0902d44d-7793-433b-ab98-df1d0210b427,39,1,2500,2500,,False,2026-02-15T17:10:07.438324,2026-02-15T17:10:07.438324
cab695a0-eecb-454d-bf18-c9972dec3f4c,ba66d269-5ab7-4101-a7c4-b94128329b72,28,80,100,8000,,False,2026-02-15T17:10:07.438324,2026-02-15T17:10:07.438324
ad221a91-6aec-42fd-aed3-e8243e1cac6c,ba66d269-5ab7-4101-a7c4-b94128329b72,33,5,200,1000,,False,2026-02-15T17:10:07.438324,2026-02-15T17:10:07.438324
6368b896-5a96-47c9-984d-73742359d483,ba66d269-5ab7-4101-a7c4-b94128329b72,34,5,200,1000,,False,2026-02-15T17:10:07.438324,2026-02-15T17:10:07.438324
0f1bc287-e80c-41c9-9a9b-ee1e6f388296,5f7c7245-0818-4757-ad57-d097517577c2,3,6,3000,18000,,False,2026-02-15T17:10:07.438324,2026-02-15T17:10:07.438324
8e8b5776-8c2c-4a9c-9eeb-ad4d19c1f9bf,5f7c7245-0818-4757-ad57-d097517577c2,6,1,5000,5000,,False,2026-02-15T17:10:07.438324,2026-02-15T17:10:07.438324
e8b02e91-7971-49c4-8967-ad1d2499e3ce,5f7c7245-0818-4757-ad57-d097517577c2,38,1,2500,2500,,False,2026-02-15T17:10:07.438324,2026-02-15T17:10:07.438324
027a2c2d-6338-4175-b6a2-50812d33a736,5f7c7245-0818-4757-ad57-d097517577c2,39,1,2500,2500,,False,2026-02-15T17:10:07.438324,2026-02-15T17:10:07.438324
0ac3b5be-dc20-4913-a7dd-f417ac7609b0,5f7c7245-0818-4757-ad57-d097517577c2,8,6,3000,18000,,False,2026-02-15T17:10:07.438324,2026-02-15T17:10:07.438324
37927956-b722-4aa1-9935-8c8c364345fe,1fd5c95d-fe3e-4c32-9121-a4ae662b9e16,1,60,1200,72000,,False,2026-02-15T17:10:07.438324,2026-02-15T17:10:07.438324
c63cf8d5-abc7-4e6e-b1e2-e3e335691f4e,1fd5c95d-fe3e-4c32-9121-a4ae662b9e16,2,12,3000,36000,,False,2026-02-15T17:10:07.438324,2026-02-15T17:10:07.438324
c1a7b62a-c87b-411b-aed6-bc42daf7b4b6,1fd5c95d-fe3e-4c32-9121-a4ae662b9e16,3,18,3000,54000,,False,2026-02-15T17:10:07.438324,2026-02-15T17:10:07.438324
4f53711d-6bc6-44e4-a693-196bc7b41f5e,1fd5c95d-fe3e-4c32-9121-a4ae662b9e16,4,24,3000,72000,,False,2026-02-15T17:10:07.438324,2026-02-15T17:10:07.438324
c1776200-fb2b-43f8-912f-f048c740e7e7,1fd5c95d-fe3e-4c32-9121-a4ae662b9e16,5,6,3500,21000,,False,2026-02-15T17:10:07.438324,2026-02-15T17:10:07.438324
278119e9-d7d8-4cf4-8489-4c614246f56a,1fd5c95d-fe3e-4c32-9121-a4ae662b9e16,6,3,5000,15000,,False,2026-02-15T17:10:07.438324,2026-02-15T17:10:07.438324
221636c2-4f7c-44fb-b443-fc41638b81d9,1fd5c95d-fe3e-4c32-9121-a4ae662b9e16,7,12,3000,36000,,False,2026-02-15T17:10:07.438324,2026-02-15T17:10:07.438324
58072947-8464-462f-943f-72c1ad059d65,0d867ba2-70ea-4d2d-a362-ccefc94939b0,8,5,3000,15000,,False,2026-02-15T17:10:07.438324,2026-02-15T17:10:07.438324
a7c3551d-f983-4644-af02-dd027c4e8915,bb66cdef-384f-45d5-8402-f413641f293e,6,1,5000,5000,,False,2026-02-15T17:10:07.438324,2026-02-15T17:10:07.438324
09b54835-da34-43c8-af97-731f8de14908,bb66cdef-384f-45d5-8402-f413641f293e,4,1,3000,3000,,False,2026-02-15T17:10:07.438324,2026-02-15T17:10:07.438324
b90b24c9-19f3-4a6f-871d-ce58873a1ac9,bb66cdef-384f-45d5-8402-f413641f293e,8,4,3000,12000,,False,2026-02-15T17:10:07.438324,2026-02-15T17:10:07.438324
40935714-ff3e-4de5-a227-0f0774937531,6a776d98-ed5d-430e-b9ac-f55c120344b4,2,6,3000,18000,,False,2026-02-15T17:10:07.438324,2026-02-15T17:10:07.438324
78699df5-f66c-4fb0-a56f-2f14ea17657f,6a776d98-ed5d-430e-b9ac-f55c120344b4,2,6,3000,18000,,False,2026-02-15T17:10:07.438324,2026-02-15T17:10:07.438324
c1abe248-5a9b-4901-b53f-f0219c20c7e0,6a776d98-ed5d-430e-b9ac-f55c120344b4,8,6,3000,18000,,False,2026-02-15T17:10:07.438324,2026-02-15T17:10:07.438324
0d3145c3-1154-4b1c-8c14-d003701dc00c,6a776d98-ed5d-430e-b9ac-f55c120344b4,11,3,3000,9000,,False,2026-02-15T17:10:07.438324,2026-02-15T17:10:07.438324
290319ef-4a81-4d7a-88b5-4156995b8a9b,db759975-6bc4-4e8a-b5d8-271aaadb776e,11,3,3000,9000,,False,2026-02-15T17:10:07.438324,2026-02-15T17:10:07.438324
15d1ae77-88b0-4b5e-9ac3-f2d1a96e53bc,db759975-6bc4-4e8a-b5d8-271aaadb776e,14,1,5000,5000,,False,2026-02-15T17:10:07.438324,2026-02-15T17:10:07.438324
be3ceb67-00cd-4b56-8e7f-9cda6f5761f4,db759975-6bc4-4e8a-b5d8-271aaadb776e,21,1,4500,4500,,False,2026-02-15T17:10:07.438324,2026-02-15T17:10:07.438324
526125d8-2b30-40b1-8331-a695ca35ea84,df9e6cd4-2fbe-4b30-b4dd-90567d3b3ff2,2,1,3000,3000,,False,2026-02-15T17:10:07.438324,2026-02-15T17:10:07.438324
ac08fdb0-6b0f-4a70-bd18-65d2f2327b25,df9e6cd4-2fbe-4b30-b4dd-90567d3b3ff2,8,2,3000,6000,,False,2026-02-15T17:10:07.438324,2026-02-15T17:10:07.438324
486d816f-c2e7-4b07-950b-5e9419108467,df9e6cd4-2fbe-4b30-b4dd-90567d3b3ff2,38,1,2500,2500,,False,2026-02-15T17:10:07.438324,2026-02-15T17:10:07.438324
72236815-206d-40b7-8b53-0cc6aa42712a,df9e6cd4-2fbe-4b30-b4dd-90567d3b3ff2,39,1,2500,2500,,False,2026-02-15T17:10:07.438324,2026-02-15T17:10:07.438324
db1dfaf5-9d52-4ac2-9ff8-745a80e615ac,407333ee-c975-4553-9ad1-52b4f9736659,11,2,3000,6000,,False,2026-02-15T17:10:07.438324,2026-02-15T17:10:07.438324
2e6e8097-e015-49a2-a4e5-83ac33bc50c3,0e637e14-a8ab-446b-a611-3589d9c95485,2,6,3000,18000,,False,2026-02-15T17:10:07.438324,2026-02-15T17:10:07.438324
198887c2-361c-4b7e-975e-fe1ca5e9ed55,0e637e14-a8ab-446b-a611-3589d9c95485,4,1,3000,3000,,False,2026-02-15T17:10:07.438324,2026-02-15T17:10:07.438324
4b1be271-6b97-41ec-9dfd-a5d56a858d7a,0e637e14-a8ab-446b-a611-3589d9c95485,7,6,3000,18000,,False,2026-02-15T17:10:07.438324,2026-02-15T17:10:07.438324
6a50f3e9-3ac1-4d2f-841c-315aea18444f,0e637e14-a8ab-446b-a611-3589d9c95485,8,12,3000,36000,,False,2026-02-15T17:10:07.438324,2026-02-15T17:10:07.438324
d4b86916-469f-4d71-835d-1941c3cf8f18,0e637e14-a8ab-446b-a611-3589d9c95485,10,2,3000,3000,,False,2026-02-15T17:10:07.438324,2026-02-15T17:10:07.438324
43b926ae-df5f-4d59-92c1-f57dcd0f01ef,0e637e14-a8ab-446b-a611-3589d9c95485,11,2,3000,9000,,False,2026-02-15T17:10:07.438324,2026-02-15T17:10:07.438324
de88ab08-d8c9-4a18-9bed-f914210226d4,66b160e1-0dfd-44e9-8e43-10f617685035,3,3,3000,9000,,False,2026-02-15T17:10:07.438324,2026-02-15T17:10:07.438324
9b987c8d-22c5-4f1d-826c-e1813fafe311,66b160e1-0dfd-44e9-8e43-10f617685035,6,1,5000,5000,,False,2026-02-15T17:10:07.438324,2026-02-15T17:10:07.438324
56600d2a-5fca-43b8-925c-c939f164fc82,66b160e1-0dfd-44e9-8e43-10f617685035,38,1,2500,2500,,False,2026-02-15T17:10:07.438324,2026-02-15T17:10:07.438324
436147c1-30c8-4205-87dc-0be9dc112629,66b160e1-0dfd-44e9-8e43-10f617685035,11,2,3000,6000,,False,2026-02-15T17:10:07.438324,2026-02-15T17:10:07.438324
e99759f6-7a22-41b1-a606-a2a60bd7af6c,66b160e1-0dfd-44e9-8e43-10f617685035,19,1,4500,4500,,False,2026-02-15T17:10:07.438324,2026-02-15T17:10:07.438324
de450660-af5d-4c79-843e-8e9a3e44a0ef,b35526b5-52ac-4832-82be-65ea92a1e499,11,1,3000,3000,,False,2026-02-15T17:10:07.438324,2026-02-15T17:10:07.438324
64709fd8-9448-4cb0-ad2f-794889658720,b35526b5-52ac-4832-82be-65ea92a1e499,38,1,2500,2500,,False,2026-02-15T17:10:07.438324,2026-02-15T17:10:07.438324
4bf31b07-4728-4a09-ac6a-759d70effdcd,b35526b5-52ac-4832-82be-65ea92a1e499,39,1,2500,2500,,False,2026-02-15T17:10:07.438324,2026-02-15T17:10:07.438324
17873b5e-6908-4d05-9734-103a611ca90f,a4c93f47-734c-4382-92fa-c5c1050ffcc1,1,6,1200,7200,,False,2026-02-15T17:10:07.438324,2026-02-15T17:10:07.438324
938444be-c158-4028-90f7-abd7f85be9cf,a4c93f47-734c-4382-92fa-c5c1050ffcc1,2,2,3000,6000,,False,2026-02-15T17:10:07.438324,2026-02-15T17:10:07.438324
4cacd758-5ae0-4d5a-a1f4-3caf69f0d227,a4c93f47-734c-4382-92fa-c5c1050ffcc1,3,2,3000,6000,,False,2026-02-15T17:10:07.438324,2026-02-15T17:10:07.438324
634d8a75-e7a6-4caa-9eb7-42065dcf7193,a4c93f47-734c-4382-92fa-c5c1050ffcc1,8,3,3000,9000,,False,2026-02-15T17:10:07.438324,2026-02-15T17:10:07.438324
6096a3f4-0c26-48e2-900e-dc7f0048d70c,a4c93f47-734c-4382-92fa-c5c1050ffcc1,5,1,3500,3500,,False,2026-02-15T17:10:07.438324,2026-02-15T17:10:07.438324
35e12c3a-fac2-46bb-96ba-bf856851cce8,27a76b72-2552-4a38-ad4e-5cbfa8c1da24,8,60,3000,180000,,False,2026-02-15T17:10:07.438324,2026-02-15T17:10:07.438324
8f5dbda8-36f4-40bc-bc34-db521ba02a4c,27a76b72-2552-4a38-ad4e-5cbfa8c1da24,11,6,3000,18000,,False,2026-02-15T17:10:07.438324,2026-02-15T17:10:07.438324
c08cee5b-619a-452b-b096-e34ee5c161ca,27a76b72-2552-4a38-ad4e-5cbfa8c1da24,38,6,2500,15000,,False,2026-02-15T17:10:07.438324,2026-02-15T17:10:07.438324
cb4f3c45-c669-4ddf-a924-a00ad09fee3e,27a76b72-2552-4a38-ad4e-5cbfa8c1da24,39,6,2500,15000,,False,2026-02-15T17:10:07.438324,2026-02-15T17:10:07.438324
308de7d1-472b-40d0-a86f-c96af0547e58,a9177e30-6c05-4f32-8527-fdf27924e15c,1,3,1200,3600,,False,2026-02-15T17:10:07.438324,2026-02-15T17:10:07.438324
92e2d2f4-7c21-41f7-a502-c5e847272596,21dd2c3d-6c05-411d-994d-664cb89edce9,14,1,5000,5000,,False,2026-02-15T17:10:07.438324,2026-02-15T17:10:07.438324
1245cf83-4441-5235-8cf6-eb44fbf47c42,80c7df71-3457-589d-a6a6-040cefc7baff,8,12,3000,36000,,False,2026-02-15T17:10:07.439324,2026-02-15T17:10:07.439324
83cbeba6-5df4-5df6-8361-6b08bafdd407,80c7df71-3457-589d-a6a6-040cefc7baff,7,12,3000,36000,,False,2026-02-15T17:10:07.439324,2026-02-15T17:10:07.439324
bc3973f6-d33c-54e1-994d-b30201db3dd5,80c7df71-3457-589d-a6a6-040cefc7baff,1,11,1200,13200,,False,2026-02-15T17:10:07.439324,2026-02-15T17:10:07.439324
db6c21d0-f1bd-46e3-9b1a-621886f2f931,e9634320-fad0-4236-b89c-40857d727987,10,6,3000,18000,,False,2026-02-15T17:10:07.439324,2026-02-15T17:10:07.439324
1e50b73f-61dc-431f-a9c0-bd9c0c1cefb7,e9634320-fad0-4236-b89c-40857d727987,1,12,1200,14400,,False,2026-02-15T17:10:07.439324,2026-02-15T17:10:07.439324
36f0b93f-4158-473b-8cf4-268029c14bad,e9634320-fad0-4236-b89c-40857d727987,2,6,3000,18000,,False,2026-02-15T17:10:07.439324,2026-02-15T17:10:07.439324
3f56f05c-6d6e-4cff-9426-36464d55d0c8,e9634320-fad0-4236-b89c-40857d727987,4,6,3000,18000,,False,2026-02-15T17:10:07.439324,2026-02-15T17:10:07.439324
7662e017-9231-47fb-a10d-60a7c515baa2,e9634320-fad0-4236-b89c-40857d727987,8,6,3000,18000,,False,2026-02-15T17:10:07.439324,2026-02-15T17:10:07.439324
176c80da-5635-4fcb-953d-73fadddc4aff,e9634320-fad0-4236-b89c-40857d727987,14,6,5000,30000,,False,2026-02-15T17:10:07.439324,2026-02-15T17:10:07.439324
484b1a03-7b3e-405a-bb39-aa2496130399,e9634320-fad0-4236-b89c-40857d727987,8,6,3000,18000,,False,2026-02-15T17:10:07.439324,2026-02-15T17:10:07.439324
3df2c705-e1c0-4f24-a996-556a4d3cd6fa,39d75cac-6fa5-4f8a-b743-2d56c4d81c8c,1,30,1200,36000,,False,2026-02-15T17:10:07.439324,2026-02-15T17:10:07.439324
c1ad8035-67aa-42a8-825f-df4d2ffb96d3,39d75cac-6fa5-4f8a-b743-2d56c4d81c8c,2,12,3000,36000,,False,2026-02-15T17:10:07.439324,2026-02-15T17:10:07.439324
d0eeb92c-8faf-4488-8464-dcf4d2ff89d6,39d75cac-6fa5-4f8a-b743-2d56c4d81c8c,3,12,3000,36000,,False,2026-02-15T17:10:07.439324,2026-02-15T17:10:07.439324
212087d8-a208-4e37-90bb-7b9081013ef1,39d75cac-6fa5-4f8a-b743-2d56c4d81c8c,4,6,3000,18000,,False,2026-02-15T17:10:07.439324,2026-02-15T17:10:07.439324
48524d02-e0b8-4d0d-8fe7-200c48ad03c1,39d75cac-6fa5-4f8a-b743-2d56c4d81c8c,8,24,3000,72000,,False,2026-02-15T17:10:07.439324,2026-02-15T17:10:07.439324
a2365b56-2d0c-4c6d-8b5b-741d710b8ee3,39d75cac-6fa5-4f8a-b743-2d56c4d81c8c,38,6,2500,15000,,False,2026-02-15T17:10:07.439324,2026-02-15T17:10:07.439324
0bee568f-188a-4058-84dd-2becd93445e2,39d75cac-6fa5-4f8a-b743-2d56c4d81c8c,39,12,2500,30000,,False,2026-02-15T17:10:07.439324,2026-02-15T17:10:07.439324
497b9c60-19d1-4da3-b4dd-f4d074e54a3d,4e9da521-a99c-4e4d-9693-3d35e5d5f190,3,1,3000,3000,,False,2026-02-15T17:10:07.439324,2026-02-15T17:10:07.439324
88e1afb2-2197-4763-941f-076a4822f8c0,4e9da521-a99c-4e4d-9693-3d35e5d5f190,4,6,3000,18000,,False,2026-02-15T17:10:07.439324,2026-02-15T17:10:07.439324
38f691a4-22df-4d2e-b967-23c83fb49f67,4e9da521-a99c-4e4d-9693-3d35e5d5f190,11,2,3000,6000,,False,2026-02-15T17:10:07.439324,2026-02-15T17:10:07.439324
fed9654e-b548-42e3-bd75-c8f42a038eaa,4e9da521-a99c-4e4d-9693-3d35e5d5f190,8,6,3000,18000,,False,2026-02-15T17:10:07.439324,2026-02-15T17:10:07.439324
5d0d7a13-5f44-4d1c-8f36-605b6cec29c0,4e9da521-a99c-4e4d-9693-3d35e5d5f190,2,6,3000,18000,,False,2026-02-15T17:10:07.439324,2026-02-15T17:10:07.439324
821739de-dcc4-44a2-87af-8071ca7f7ba6,4e9da521-a99c-4e4d-9693-3d35e5d5f190,14,1,5000,5000,,False,2026-02-15T17:10:07.439324,2026-02-15T17:10:07.439324
dbec8b0a-a5c9-4ca9-82ab-f99fd14f9577,ccd44df3-7eda-4881-8ae0-934e7de10d2e,1,12,1200,14400,,False,2026-02-15T17:10:07.439324,2026-02-15T17:10:07.439324
4aae90c9-13b2-48f1-bd75-080a373c5997,ccd44df3-7eda-4881-8ae0-934e7de10d2e,7,6,3000,18000,,False,2026-02-15T17:10:07.439324,2026-02-15T17:10:07.439324
d7b8aa9c-f125-45d8-abd8-f3ab405e2515,ccd44df3-7eda-4881-8ae0-934e7de10d2e,8,6,3000,18000,,False,2026-02-15T17:10:07.439638,2026-02-15T17:10:07.439638
ed3eed65-6f5c-49d7-b8b5-08f1749602c6,0855b2de-176d-4c92-b469-8616572a4d7f,1,30,1200,36000,,False,2026-02-15T17:10:07.439638,2026-02-15T17:10:07.439638
205b9312-3244-4105-a295-7cfa13a6727e,0855b2de-176d-4c92-b469-8616572a4d7f,2,12,3000,36000,,False,2026-02-15T17:10:07.439638,2026-02-15T17:10:07.439638
7e38f977-1041-4a41-9223-fd86e4c175bf,0855b2de-176d-4c92-b469-8616572a4d7f,3,6,3000,18000,,False,2026-02-15T17:10:07.439638,2026-02-15T17:10:07.439638
8c576545-4bdd-4e0e-9b1e-9277bf0b2412,0855b2de-176d-4c92-b469-8616572a4d7f,4,6,3000,18000,,False,2026-02-15T17:10:07.439638,2026-02-15T17:10:07.439638
e1f64799-6823-4e17-bd26-9368cc23e8e1,0855b2de-176d-4c92-b469-8616572a4d7f,5,3,3500,10500,,False,2026-02-15T17:10:07.439638,2026-02-15T17:10:07.439638
7a3e230f-e605-4638-80c9-78ebda73cc8f,0855b2de-176d-4c92-b469-8616572a4d7f,6,1,5000,5000,,False,2026-02-15T17:10:07.439638,2026-02-15T17:10:07.439638
2e7781b0-79cb-4da9-9b4a-e79dc9fc3f1b,0855b2de-176d-4c92-b469-8616572a4d7f,7,6,3000,18000,,False,2026-02-15T17:10:07.439638,2026-02-15T17:10:07.439638
6177733d-c9d9-46ef-b912-8fb2546a96ea,8ce2d162-8109-4573-9b6a-c0c6412a8eea,8,24,3000,72000,,False,2026-02-15T17:10:07.439638,2026-02-15T17:10:07.439638
6727a3e7-63e9-46a2-a9ce-a239e0e6dc57,8ce2d162-8109-4573-9b6a-c0c6412a8eea,11,6,3000,18000,,False,2026-02-15T17:10:07.439638,2026-02-15T17:10:07.439638
6fa29658-1583-46df-8e8e-32f81b23e800,8ce2d162-8109-4573-9b6a-c0c6412a8eea,38,2,2500,5000,,False,2026-02-15T17:10:07.439638,2026-02-15T17:10:07.439638
7131b50e-9cfc-4e8d-a999-c4b7983b7644,8ce2d162-8109-4573-9b6a-c0c6412a8eea,39,1,2500,2500,,False,2026-02-15T17:10:07.439638,2026-02-15T17:10:07.439638
09c1e8e6-abce-4710-822e-44e4ead05d2f,8ce2d162-8109-4573-9b6a-c0c6412a8eea,14,2,5000,5000,,False,2026-02-15T17:10:07.439638,2026-02-15T17:10:07.439638
6f04237b-c843-4884-9698-826d2b2c49f3,7253c203-82f3-4ff9-8a2f-3369f4a5cbb6,5,6,3500,21000,,False,2026-02-15T17:10:07.439638,2026-02-15T17:10:07.439638
f3887e7f-2a61-49ba-abdd-7d6bb8fe5d79,7253c203-82f3-4ff9-8a2f-3369f4a5cbb6,3,6,3000,18000,,False,2026-02-15T17:10:07.439638,2026-02-15T17:10:07.439638
756356ab-793d-4046-877d-270152b90917,7253c203-82f3-4ff9-8a2f-3369f4a5cbb6,4,6,3000,18000,,False,2026-02-15T17:10:07.439638,2026-02-15T17:10:07.439638
6391fd7d-163a-468b-869e-d2e0207fe857,7253c203-82f3-4ff9-8a2f-3369f4a5cbb6,7,6,3000,18000,,False,2026-02-15T17:10:07.439638,2026-02-15T17:10:07.439638
b5a020b7-14f2-49de-bfca-12d3f20ffca1,7253c203-82f3-4ff9-8a2f-3369f4a5cbb6,15,5,3000,15000,,False,2026-02-15T17:10:07.439638,2026-02-15T17:10:07.439638
9e21a17e-8676-4446-be41-a195ed09089e,7253c203-82f3-4ff9-8a2f-3369f4a5cbb6,1,12,1200,14400,,False,2026-02-15T17:10:07.439638,2026-02-15T17:10:07.439638
e92b51e9-804d-464e-bdd4-09f3134965b9,7253c203-82f3-4ff9-8a2f-3369f4a5cbb6,8,6,3000,18000,,False,2026-02-15T17:10:07.439638,2026-02-15T17:10:07.439638
b84f6f05-ad2c-4007-aa95-d35318e8a093,7bfc3c19-9ef2-498a-a215-d8c5df3c4d2f,1,1,1200,1200,,False,2026-02-15T17:10:07.439638,2026-02-15T17:10:07.439638
8b86e271-4760-4017-ab6e-f5d4af2b4fac,7bfc3c19-9ef2-498a-a215-d8c5df3c4d2f,2,2,3000,6000,,False,2026-02-15T17:10:07.439638,2026-02-15T17:10:07.439638
9b3d81da-a2ac-4afe-a767-76f39be0dded,7bfc3c19-9ef2-498a-a215-d8c5df3c4d2f,3,1,3000,3000,,False,2026-02-15T17:10:07.439638,2026-02-15T17:10:07.439638
947ad90e-bfc9-4f1a-b6de-91e83e519ae5,7bfc3c19-9ef2-498a-a215-d8c5df3c4d2f,8,2,3000,6000,,False,2026-02-15T17:10:07.439638,2026-02-15T17:10:07.439638
996b94ba-0600-4069-b362-b733b41e105b,987bf060-e5f3-4986-bf1a-0a0254497420,4,6,3000,18000,,False,2026-02-15T17:10:07.439638,2026-02-15T17:10:07.439638
fafc21dc-d3bd-4ecc-887d-45bb354b34c1,987bf060-e5f3-4986-bf1a-0a0254497420,2,6,3000,18000,,False,2026-02-15T17:10:07.440008,2026-02-15T17:10:07.440008
f807897a-3d10-48f5-8df7-b6ecbc7f29ba,987bf060-e5f3-4986-bf1a-0a0254497420,4,6,3000,18000,,False,2026-02-15T17:10:07.440008,2026-02-15T17:10:07.440008
eb225241-8fc5-45a5-ba4b-58e3ef4da55c,987bf060-e5f3-4986-bf1a-0a0254497420,6,1,5000,5000,,False,2026-02-15T17:10:07.440008,2026-02-15T17:10:07.440008
e1cee7b9-f290-4b86-8391-e0f539df14c5,987bf060-e5f3-4986-bf1a-0a0254497420,8,18,3000,54000,,False,2026-02-15T17:10:07.440008,2026-02-15T17:10:07.440008
cdd863c5-a17d-4121-8baf-1707e849b884,987bf060-e5f3-4986-bf1a-0a0254497420,1,6,1200,7200,,False,2026-02-15T17:10:07.440008,2026-02-15T17:10:07.440008
de715ad2-f138-4538-b8e2-7195ec7b8511,987bf060-e5f3-4986-bf1a-0a0254497420,3,6,3000,18000,,False,2026-02-15T17:10:07.440008,2026-02-15T17:10:07.440008
13ad2e39-ebd3-4c9e-9bdf-4e251de59672,71a1d579-0d05-4ed7-b9fe-49114401eb4b,32,10,200,2000,,False,2026-02-15T17:10:07.440008,2026-02-15T17:10:07.440008
f1fb5576-8183-43d2-a7d9-20d020a10e30,71a1d579-0d05-4ed7-b9fe-49114401eb4b,33,10,200,2000,,False,2026-02-15T17:10:07.440008,2026-02-15T17:10:07.440008
ce1cbcb3-ae7c-4444-8b72-921e1a2862bc,71a1d579-0d05-4ed7-b9fe-49114401eb4b,34,5,200,1000,,False,2026-02-15T17:10:07.440008,2026-02-15T17:10:07.440008
477d0bf4-5ee7-48f2-bf8d-2a51f0d9523c,858556d5-e990-4fe5-bccf-d13e167e7ebd,1,60,1200,72000,,False,2026-02-15T17:10:07.440008,2026-02-15T17:10:07.440008
a47a2564-405c-455b-9d0d-4d72d1d6bfb6,858556d5-e990-4fe5-bccf-d13e167e7ebd,3,24,3000,72000,,False,2026-02-15T17:10:07.440008,2026-02-15T17:10:07.440008
76bed9f6-4875-4766-8f88-371910083757,858556d5-e990-4fe5-bccf-d13e167e7ebd,4,12,3000,36000,,False,2026-02-15T17:10:07.440008,2026-02-15T17:10:07.440008
6d9684fd-546e-452e-a2c4-39be02110b75,858556d5-e990-4fe5-bccf-d13e167e7ebd,5,3,3500,10500,,False,2026-02-15T17:10:07.440008,2026-02-15T17:10:07.440008
f73d07a6-f3f5-4294-8927-5c6c36087a03,858556d5-e990-4fe5-bccf-d13e167e7ebd,6,1,5000,5000,,False,2026-02-15T17:10:07.440008,2026-02-15T17:10:07.440008
d9dc79e7-1903-427c-9938-1a7a237c989b,858556d5-e990-4fe5-bccf-d13e167e7ebd,7,24,3000,72000,,False,2026-02-15T17:10:07.440008,2026-02-15T17:10:07.440008
91721270-378b-438f-8f54-b98cf91f6abc,858556d5-e990-4fe5-bccf-d13e167e7ebd,8,36,3000,108000,,False,2026-02-15T17:10:07.440008,2026-02-15T17:10:07.440008
73d4225b-f488-460d-8a36-aff05b7d3407,9555184b-6cc8-4d65-bd02-8112bbdfbcc4,2,1,3000,3000,,False,2026-02-15T17:10:07.440008,2026-02-15T17:10:07.440008
c319c557-e86d-4d75-a5ec-8b0afcc400c7,9555184b-6cc8-4d65-bd02-8112bbdfbcc4,8,2,3000,6000,,False,2026-02-15T17:10:07.440008,2026-02-15T17:10:07.440008
7481987a-f49c-4dab-b2c0-2fc16886e18d,1cb09555-44a5-4589-96ee-ec1a2879a8a3,33,10,200,2000,,False,2026-02-15T17:10:07.440008,2026-02-15T17:10:07.440008
a30572c8-9535-4fa0-a4c7-82a56244edf8,1cb09555-44a5-4589-96ee-ec1a2879a8a3,34,10,200,2000,,False,2026-02-15T17:10:07.440008,2026-02-15T17:10:07.440008
6c3b98d6-0d6c-472d-a008-824de08fdcd2,e4d635da-6246-4fa9-bcad-6fbfe6dd684b,5,2,3500,7000,,False,2026-02-15T17:10:07.440008,2026-02-15T17:10:07.440008
18144e8e-ceb3-4c41-a4c7-6686e780595c,e4d635da-6246-4fa9-bcad-6fbfe6dd684b,6,2,5000,10000,,False,2026-02-15T17:10:07.440008,2026-02-15T17:10:07.440008
ce23c8ac-d3cd-4808-934e-bf36db6d6b0f,e4d635da-6246-4fa9-bcad-6fbfe6dd684b,11,2,3000,6000,,False,2026-02-15T17:10:07.440008,2026-02-15T17:10:07.440008
89ef16ca-d8ae-4f72-9c50-2ee4ba27b17b,86843e68-c573-4545-a751-bdc2c720a82a,38,1,2500,2500,,False,2026-02-15T17:10:07.440008,2026-02-15T17:10:07.440008
e3ed27aa-1b07-454e-9f12-f3181bb492c4,86843e68-c573-4545-a751-bdc2c720a82a,39,2,2500,5000,,False,2026-02-15T17:10:07.440008,2026-02-15T17:10:07.440008
c5b16778-c8fe-4751-a5b3-798f86f0a734,9e2fccc2-9c02-4b4f-ad33-2f250a7ae4c5,9,3,3000,9000,,False,2026-02-15T17:10:07.440008,2026-02-15T17:10:07.440008
1b28d826-a7b4-4b48-87cb-f5b150e78a30,9e2fccc2-9c02-4b4f-ad33-2f250a7ae4c5,10,6,3000,18000,,False,2026-02-15T17:10:07.440008,2026-02-15T17:10:07.440008
09e5d16e-f89a-4124-b9fd-95f2bcd94523,9e2fccc2-9c02-4b4f-ad33-2f250a7ae4c5,11,6,3000,18000,,False,2026-02-15T17:10:07.440008,2026-02-15T17:10:07.440008
f9d81136-bd0c-44a4-ab6a-4258b7db5804,9e2fccc2-9c02-4b4f-ad33-2f250a7ae4c5,38,6,2500,15000,,False,2026-02-15T17:10:07.440008,2026-02-15T17:10:07.440008
b175d156-11f1-428b-b851-99ce91daff5d,9e2fccc2-9c02-4b4f-ad33-2f250a7ae4c5,39,6,2500,15000,,False,2026-02-15T17:10:07.440008,2026-02-15T17:10:07.440008
11421fe2-09cc-456a-bd95-c8547e46edb1,9e2fccc2-9c02-4b4f-ad33-2f250a7ae4c5,14,1,5000,5000,,False,2026-02-15T17:10:07.440008,2026-02-15T17:10:07.440008
337dbd90-f286-493a-b852-53742cc056d7,7bb1da51-46ce-4a3a-be09-3c3344cce7fd,24,1,3000,3000,,False,2026-02-15T17:10:07.440008,2026-02-15T17:10:07.440008
48a2e3d9-6720-41cd-a95b-e4f3224f951e,7bb1da51-46ce-4a3a-be09-3c3344cce7fd,15,1,3000,3000,,False,2026-02-15T17:10:07.440008,2026-02-15T17:10:07.440008
410a74b5-425c-4950-9db5-e421aae30d66,5f775425-0ebc-4c48-9d3d-92877a5498df,8,9,3000,27000,,False,2026-02-15T17:10:07.440008,2026-02-15T17:10:07.440008
6e4c1f45-8a96-44d7-8dfa-993087cb19bd,5f775425-0ebc-4c48-9d3d-92877a5498df,14,1,5000,5000,,False,2026-02-15T17:10:07.440008,2026-02-15T17:10:07.440008
406d4860-e7d6-48cf-bc86-646fed89e556,997019c8-7c21-4fa6-964e-285daee790b6,1,90,1200,108000,,False,2026-02-15T17:10:07.440008,2026-02-15T17:10:07.440008
97faeac1-e4bf-400e-bf62-c64e1e32228a,997019c8-7c21-4fa6-964e-285daee790b6,2,18,3000,54000,,False,2026-02-15T17:10:07.440008,2026-02-15T17:10:07.440008
8ca4127b-a08e-415b-8763-59307a0f4547,997019c8-7c21-4fa6-964e-285daee790b6,3,18,3000,54000,,False,2026-02-15T17:10:07.440008,2026-02-15T17:10:07.440008
e5c2570c-0576-4315-af3d-83b617ad2717,997019c8-7c21-4fa6-964e-285daee790b6,4,24,3000,72000,,False,2026-02-15T17:10:07.440008,2026-02-15T17:10:07.440008
cdd4d56c-9983-45d4-9cfa-e0e08c53c093,997019c8-7c21-4fa6-964e-285daee790b6,5,6,3500,21000,,False,2026-02-15T17:10:07.440008,2026-02-15T17:10:07.440008
8e5ad798-d7ba-43d5-8c26-c0c69ee948ec,997019c8-7c21-4fa6-964e-285daee790b6,6,4,5000,20000,,False,2026-02-15T17:10:07.440008,2026-02-15T17:10:07.440008
feb3815c-8b71-4127-b5a6-7bbd5c362092,997019c8-7c21-4fa6-964e-285daee790b6,7,18,3000,54000,,False,2026-02-15T17:10:07.440008,2026-02-15T17:10:07.440008
37e92478-d072-49d1-b245-112ab821068b,efb01c1c-b746-4b73-8a80-482fe6a2c684,38,3,2500,7500,,False,2026-02-15T17:10:07.440008,2026-02-15T17:10:07.440008
f5874777-6b0d-44dd-ae66-319d5eb68274,efb01c1c-b746-4b73-8a80-482fe6a2c684,39,3,2500,7500,,False,2026-02-15T17:10:07.440008,2026-02-15T17:10:07.440008
d06dc394-95e3-46d1-87a9-f90fa2787420,9bc924fa-d2e6-41cb-a418-e98f8d18ab3f,8,60,3000,180000,,False,2026-02-15T17:10:07.440008,2026-02-15T17:10:07.440008
a392d346-cd1b-40fa-bdd4-ce9f72e7a9f4,9bc924fa-d2e6-41cb-a418-e98f8d18ab3f,9,2,3000,6000,,False,2026-02-15T17:10:07.440008,2026-02-15T17:10:07.440008
fd3a2f1a-11fc-48f2-8402-49beabe59dbe,9bc924fa-d2e6-41cb-a418-e98f8d18ab3f,11,6,3000,18000,,False,2026-02-15T17:10:07.440008,2026-02-15T17:10:07.440008
1975f231-296c-4e82-b5d4-80927f4b020c,9bc924fa-d2e6-41cb-a418-e98f8d18ab3f,38,6,2500,15000,,False,2026-02-15T17:10:07.440008,2026-02-15T17:10:07.440008
47c06baa-4cef-4f90-b505-a424e816e381,9bc924fa-d2e6-41cb-a418-e98f8d18ab3f,39,4,2500,10000,,False,2026-02-15T17:10:07.440008,2026-02-15T17:10:07.440008
7fdb9c0e-89c7-4eba-b688-bfd94fde1f46,9bc924fa-d2e6-41cb-a418-e98f8d18ab3f,14,2,5000,10000,,False,2026-02-15T17:10:07.440008,2026-02-15T17:10:07.440008
77941aa4-4e5b-4926-94d8-26c1131d25bc,9bc924fa-d2e6-41cb-a418-e98f8d18ab3f,15,2,3000,6000,,False,2026-02-15T17:10:07.440008,2026-02-15T17:10:07.440008
ca85cf9e-4605-4946-b66c-885d03aabbc4,d3d602ba-5cb1-4ebf-a85a-6a3616df25a5,11,1,3000,3000,,False,2026-02-15T17:10:07.440008,2026-02-15T17:10:07.440008
fb009f53-0c79-4657-bbfd-36404eda8d51,0eb2d7a9-689e-4c7f-8f19-e7b3c9a75d45,4,3,3000,9000,,False,2026-02-15T17:10:07.440008,2026-02-15T17:10:07.440008
201e3b75-422c-4071-9de2-9281ba2f8cf1,0eb2d7a9-689e-4c7f-8f19-e7b3c9a75d45,8,6,3000,18000,,False,2026-02-15T17:10:07.440008,2026-02-15T17:10:07.440008
8dc8fff0-0ec9-49c8-901d-9da95c5fd5cb,0eb2d7a9-689e-4c7f-8f19-e7b3c9a75d45,1,2,1200,2400,,False,2026-02-15T17:10:07.440008,2026-02-15T17:10:07.440008
20dd0653-2037-40b5-96f3-7c61c319c8bc,0eb2d7a9-689e-4c7f-8f19-e7b3c9a75d45,6,1,5000,5000,,False,2026-02-15T17:10:07.440008,2026-02-15T17:10:07.440008
7165218a-9dbe-40f3-a8d6-2d19e0af9f91,0eb2d7a9-689e-4c7f-8f19-e7b3c9a75d45,11,2,3000,6000,,False,2026-02-15T17:10:07.440008,2026-02-15T17:10:07.440008
9dec33a1-2425-4d69-b17d-8f430ede70c2,0eb2d7a9-689e-4c7f-8f19-e7b3c9a75d45,14,2,5000,10000,,False,2026-02-15T17:10:07.440008,2026-02-15T17:10:07.440008
96a34e9d-81b2-46c8-9d68-9b3ff077cea2,0eb2d7a9-689e-4c7f-8f19-e7b3c9a75d45,3,6,3000,18000,,False,2026-02-15T17:10:07.440008,2026-02-15T17:10:07.440008
110ec574-8204-4726-b422-c69349864632,5644f923-6047-41a2-b22e-38d293d21bbe,1,60,1200,72000,,False,2026-02-15T17:10:07.440008,2026-02-15T17:10:07.440008
60680e34-9f66-459f-a2fb-f75d10de8f6b,5644f923-6047-41a2-b22e-38d293d21bbe,2,24,3000,72000,,False,2026-02-15T17:10:07.440008,2026-02-15T17:10:07.440008
43b91899-086f-4e52-beea-00c8af2b971a,5644f923-6047-41a2-b22e-38d293d21bbe,3,6,3000,18000,,False,2026-02-15T17:10:07.440008,2026-02-15T17:10:07.440008
b05a6974-1aa5-4e89-ab54-6f7ba9116995,5644f923-6047-41a2-b22e-38d293d21bbe,4,24,3000,72000,,False,2026-02-15T17:10:07.440008,2026-02-15T17:10:07.440008
cff0968f-0858-4972-92a0-37129e0aff25,5644f923-6047-41a2-b22e-38d293d21bbe,5,5,3500,17500,,False,2026-02-15T17:10:07.440008,2026-02-15T17:10:07.440008
b2bd8f1c-5af9-4fdc-b686-f87fcd71bdf8,5644f923-6047-41a2-b22e-38d293d21bbe,6,2,5000,10000,,False,2026-02-15T17:10:07.440008,2026-02-15T17:10:07.440008
1813e2e3-3857-4496-b54d-30b17ec44a6a,5644f923-6047-41a2-b22e-38d293d21bbe,7,24,3000,72000,,False,2026-02-15T17:10:07.440008,2026-02-15T17:10:07.440008
31a99053-97d9-40c8-af14-6a0d7f812bfc,ba586a2d-9d55-4186-901d-dc1ca2743577,6,3,5000,15000,,False,2026-02-15T17:10:07.440008,2026-02-15T17:10:07.440008
8d4278b4-8320-4827-b405-c549049b044f,336ad11b-cca1-464f-ab43-21f051c70a4c,17,1,3000,3000,,False,2026-02-15T17:10:07.440008,2026-02-15T17:10:07.440008
884550d2-8834-4fbf-b297-41ff42be4351,336ad11b-cca1-464f-ab43-21f051c70a4c,11,1,3000,3000,,False,2026-02-15T17:10:07.440008,2026-02-15T17:10:07.440008
715a2e9c-9728-4068-b942-102dfed9b46c,336ad11b-cca1-464f-ab43-21f051c70a4c,11,1,3000,3000,,False,2026-02-15T17:10:07.440008,2026-02-15T17:10:07.440008
14661fb5-daae-4b2f-a366-2fac76270779,a1094a32-7692-40af-ba77-e904bfc5e1ba,1,7,1200,8400,,False,2026-02-15T17:10:07.440008,2026-02-15T17:10:07.440008
d97d8734-5771-4ded-8ade-c6c7be960f40,a1094a32-7692-40af-ba77-e904bfc5e1ba,2,2,3000,6000,,False,2026-02-15T17:10:07.440008,2026-02-15T17:10:07.440008
518abcdc-303a-47c7-9761-8c6ed67ce753,a1094a32-7692-40af-ba77-e904bfc5e1ba,3,1,3000,3000,,False,2026-02-15T17:10:07.440008,2026-02-15T17:10:07.440008
6eeae4d7-5b98-43a6-a613-a51b2ef86684,a1094a32-7692-40af-ba77-e904bfc5e1ba,4,4,3000,12000,,False,2026-02-15T17:10:07.440008,2026-02-15T17:10:07.440008
4a0f77cc-2023-4153-a85e-3394cd6510f2,a1094a32-7692-40af-ba77-e904bfc5e1ba,7,1,3000,3000,,False,2026-02-15T17:10:07.440008,2026-02-15T17:10:07.440008
a3d702e3-045d-4c21-a8a6-c9a539359c7f,a1094a32-7692-40af-ba77-e904bfc5e1ba,8,6,3000,18000,,False,2026-02-15T17:10:07.440008,2026-02-15T17:10:07.440008
e1597168-aee0-48c8-a204-f0f0cf518693,a1094a32-7692-40af-ba77-e904bfc5e1ba,15,1,3000,3000,,False,2026-02-15T17:10:07.440008,2026-02-15T17:10:07.440008
f86d3b49-7063-48d6-8254-4314af7d5716,1d3fcc91-e2ac-4e56-8850-addf6b9264c4,2,2,3000,6000,,False,2026-02-15T17:10:07.440008,2026-02-15T17:10:07.440008
fef9261c-c78a-4aad-9351-8e15db927728,1d3fcc91-e2ac-4e56-8850-addf6b9264c4,6,3,5000,15000,,False,2026-02-15T17:10:07.440008,2026-02-15T17:10:07.440008
4d6dd3f7-af95-40ea-b08f-930dafc482d4,1d3fcc91-e2ac-4e56-8850-addf6b9264c4,8,10,3000,30000,,False,2026-02-15T17:10:07.440008,2026-02-15T17:10:07.440008
b532a079-5e51-4447-b787-1246a1c2e75f,e2bda62b-e040-4fd6-b232-ac109c88d894,1,4,1200,4800,,False,2026-02-15T17:10:07.440008,2026-02-15T17:10:07.440008
cd011b11-5952-4f08-b3af-53197c48fe79,e2bda62b-e040-4fd6-b232-ac109c88d894,2,4,3000,12000,,False,2026-02-15T17:10:07.440008,2026-02-15T17:10:07.440008
a43b36d0-74b4-4531-bdfd-036d30d38093,e2bda62b-e040-4fd6-b232-ac109c88d894,7,1,3000,3000,,False,2026-02-15T17:10:07.440008,2026-02-15T17:10:07.440008
0d84ef63-9b3c-4b55-b71c-174a7d7807fc,e2bda62b-e040-4fd6-b232-ac109c88d894,8,5,3000,15000,,False,2026-02-15T17:10:07.440008,2026-02-15T17:10:07.440008
04e210cf-7e5c-41ec-b1b8-9f021e2db1ec,e2bda62b-e040-4fd6-b232-ac109c88d894,39,1,2500,2500,,False,2026-02-15T17:10:07.440008,2026-02-15T17:10:07.440008
61d61eb7-26d6-4e4a-9529-b28eb3c9dee8,e2bda62b-e040-4fd6-b232-ac109c88d894,14,1,5000,5000,,False,2026-02-15T17:10:07.440008,2026-02-15T17:10:07.440008
22c54508-ecc0-46a2-89a1-76217e70170d,4f2edc7f-5290-4245-a23f-716ad29cbeff,39,1,2500,2500,,False,2026-02-15T17:10:07.440008,2026-02-15T17:10:07.440008
66a07b42-13e3-4a14-a059-6385d1fa5e3e,d5b96bcc-3477-460a-91c1-76645044b156,3,1,3000,3000,,False,2026-02-15T17:10:07.440008,2026-02-15T17:10:07.440008
faf282cc-01ac-43bb-8705-e696d2d7b8ef,d5b96bcc-3477-460a-91c1-76645044b156,4,1,3000,3000,,False,2026-02-15T17:10:07.440008,2026-02-15T17:10:07.440008
eda1788b-cfd5-4296-83d3-77f164750628,d5b96bcc-3477-460a-91c1-76645044b156,6,1,5000,5000,,False,2026-02-15T17:10:07.440008,2026-02-15T17:10:07.440008
fed91a8f-63e0-41ec-95bd-ac57908f25bc,d5b96bcc-3477-460a-91c1-76645044b156,8,6,3000,18000,,False,2026-02-15T17:10:07.440008,2026-02-15T17:10:07.440008
6525cc86-17a1-4e93-9df5-0702fcdb6e65,3952cef8-be7d-4d13-ac33-376fccbe2659,1,3,1200,3600,,False,2026-02-15T17:10:07.440008,2026-02-15T17:10:07.440008
9bcb8c8b-c651-4604-8247-d4dfecac289c,3952cef8-be7d-4d13-ac33-376fccbe2659,3,1,3000,3000,,False,2026-02-15T17:10:07.440008,2026-02-15T17:10:07.440008
524c38b6-ff48-43dc-94c9-8ee1825771c5,3952cef8-be7d-4d13-ac33-376fccbe2659,8,2,3000,6000,,False,2026-02-15T17:10:07.440008,2026-02-15T17:10:07.440008
2155456f-45bc-41d4-aad9-af1aea8ef3bc,5ce0c138-0678-4c7e-a2bf-5b65a596442d,1,6,1200,7200,,False,2026-02-15T17:10:07.440008,2026-02-15T17:10:07.440008
049d15dd-45aa-46a8-845b-ed54735eae57,5ce0c138-0678-4c7e-a2bf-5b65a596442d,4,1,3000,3000,,False,2026-02-15T17:10:07.440008,2026-02-15T17:10:07.440008
842599ba-e141-4a41-9fc5-8aca61ec368d,5ce0c138-0678-4c7e-a2bf-5b65a596442d,6,1,5000,5000,,False,2026-02-15T17:10:07.440008,2026-02-15T17:10:07.440008
11b8c4dd-5546-4b8a-b576-b50941457ef6,5ce0c138-0678-4c7e-a2bf-5b65a596442d,7,2,3000,6000,,False,2026-02-15T17:10:07.440008,2026-02-15T17:10:07.440008
b596d6d2-b988-4e6f-9a03-06340c79caa9,5ce0c138-0678-4c7e-a2bf-5b65a596442d,8,2,3000,6000,,False,2026-02-15T17:10:07.440008,2026-02-15T17:10:07.440008
2e0a605b-bdd0-4409-9ec3-9402f037bf09,5ce0c138-0678-4c7e-a2bf-5b65a596442d,11,1,3000,3000,,False,2026-02-15T17:10:07.440008,2026-02-15T17:10:07.440008
fbc4dbe1-fa5a-48e3-b2c9-d0586792dd1f,3f80e172-4f64-4cb1-a675-97c6f88aeb4e,2,3,3000,9000,,False,2026-02-15T17:10:07.440008,2026-02-15T17:10:07.440008
99a69c5f-96c2-4aa2-a7ce-4eb8a4aeff91,3f80e172-4f64-4cb1-a675-97c6f88aeb4e,8,2,3000,6000,,False,2026-02-15T17:10:07.440008,2026-02-15T17:10:07.440008
156326f9-1d6f-4835-9649-0fb41cc4bc3a,3f80e172-4f64-4cb1-a675-97c6f88aeb4e,38,2,2500,5000,,False,2026-02-15T17:10:07.440008,2026-02-15T17:10:07.440008
82b122de-e5a9-44dd-be69-5ab915aace7d,3f80e172-4f64-4cb1-a675-97c6f88aeb4e,39,1,2500,2500,,False,2026-02-15T17:10:07.440008,2026-02-15T17:10:07.440008
4ad8281a-8c18-48c6-b704-ae4aad0bb5ae,c1104382-168f-4e10-88fc-8f72c14be64e,1,5,1200,6000,,False,2026-02-15T17:10:07.440008,2026-02-15T17:10:07.440008
87bca294-e676-4475-bb87-d7b9b003fa95,c1104382-168f-4e10-88fc-8f72c14be64e,2,3,3000,9000,,False,2026-02-15T17:10:07.440008,2026-02-15T17:10:07.440008
db531070-92d3-4fa1-a8c1-37c8172fdb13,c1104382-168f-4e10-88fc-8f72c14be64e,4,2,3000,6000,,False,2026-02-15T17:10:07.440008,2026-02-15T17:10:07.440008
76daee55-cb6d-4af4-aa6d-9e61510e4f36,c1104382-168f-4e10-88fc-8f72c14be64e,8,4,3000,12000,,False,2026-02-15T17:10:07.440008,2026-02-15T17:10:07.440008
9f17ae4f-6579-4fb1-a575-c1390ca87546,26096775-08ba-48bb-8636-17c994516b96,1,2,1200,2400,,False,2026-02-15T17:10:07.440008,2026-02-15T17:10:07.440008
3655bad6-bd5f-40ae-9506-f87ebee1daa5,26096775-08ba-48bb-8636-17c994516b96,2,5,3000,15000,,False,2026-02-15T17:10:07.440008,2026-02-15T17:10:07.440008
bc68ddff-ca14-4e65-b82d-ec1301f92ab2,26096775-08ba-48bb-8636-17c994516b96,8,14,3000,42000,,False,2026-02-15T17:10:07.440008,2026-02-15T17:10:07.441081
9e3071e1-dc06-4b47-9872-8c1cba0314ce,26096775-08ba-48bb-8636-17c994516b96,14,1,5000,5000,,False,2026-02-15T17:10:07.441081,2026-02-15T17:10:07.441081
c8544357-5b5b-490b-989c-d179b5182c7a,0adae088-053d-42fe-bc4f-a6ce086c25dd,1,7,1200,8400,,False,2026-02-15T17:10:07.441081,2026-02-15T17:10:07.441081
e5788cca-e81d-4e72-9419-6cb1f1542f23,0adae088-053d-42fe-bc4f-a6ce086c25dd,2,4,3000,12000,,False,2026-02-15T17:10:07.441081,2026-02-15T17:10:07.441081
eb7dfbc5-6948-4e13-a7c7-5ff5a87c6409,0adae088-053d-42fe-bc4f-a6ce086c25dd,3,2,3000,6000,,False,2026-02-15T17:10:07.441081,2026-02-15T17:10:07.441081
1f4f54f1-a6e7-48b0-8f5e-8f52c59f5f5c,0adae088-053d-42fe-bc4f-a6ce086c25dd,4,3,3000,9000,,False,2026-02-15T17:10:07.441081,2026-02-15T17:10:07.441081
c4226aa8-edeb-4378-8ca4-b27b25cfea83,0adae088-053d-42fe-bc4f-a6ce086c25dd,7,7,3000,21000,,False,2026-02-15T17:10:07.441081,2026-02-15T17:10:07.441081
e1e185f6-3659-44a2-81e8-ce0c416f764f,0adae088-053d-42fe-bc4f-a6ce086c25dd,8,14,3000,42000,,False,2026-02-15T17:10:07.441081,2026-02-15T17:10:07.441081
81f96e39-8524-462a-9043-1a73a8252107,0adae088-053d-42fe-bc4f-a6ce086c25dd,14,1,5000,5000,,False,2026-02-15T17:10:07.441081,2026-02-15T17:10:07.441081
9744465d-9cf1-4953-a101-682cadbdbf3d,bd2d2b6c-3c11-40a4-90c0-39ee42baadef,1,5,1200,6000,,True,2026-02-15T17:10:07.441081,2026-02-15T17:10:07.441081
15380dd1-7a59-45d9-ae4c-fe8eac9388fc,bd2d2b6c-3c11-40a4-90c0-39ee42baadef,2,5,3000,15000,,True,2026-02-15T17:10:07.441081,2026-02-15T17:10:07.441081
8695c87e-9313-4fa5-a0f4-e48301f2eebd,bd2d2b6c-3c11-40a4-90c0-39ee42baadef,8,5,3000,15000,,True,2026-02-15T17:10:07.441081,2026-02-15T17:10:07.441081
ad4c6bba-c14a-4c6d-b6b3-13ec5e4cd533,bd2d2b6c-3c11-40a4-90c0-39ee42baadef,38,2,2500,5000,,True,2026-02-15T17:10:07.441081,2026-02-15T17:10:07.441081
78807970-cb1e-41f2-8f67-6d8ed768db52,bd2d2b6c-3c11-40a4-90c0-39ee42baadef,39,2,2500,5000,,True,2026-02-15T17:10:07.441081,2026-02-15T17:10:07.441081
90feadc5-1d02-42d6-afa0-4a779c518ec1,4406ce2b-2cd8-47bf-8c03-d0e6c2c500ab,2,3,3000,9000,,False,2026-02-15T17:10:07.441081,2026-02-15T17:10:07.441081
21ee6aff-1ce5-4405-bcb1-952a86c7c8a8,4406ce2b-2cd8-47bf-8c03-d0e6c2c500ab,3,3,3000,9000,,False,2026-02-15T17:10:07.441081,2026-02-15T17:10:07.441081
562a6cf9-2d8e-459d-836b-71f13ca7c36f,4406ce2b-2cd8-47bf-8c03-d0e6c2c500ab,8,3,3000,9000,,False,2026-02-15T17:10:07.441081,2026-02-15T17:10:07.441081
ddad9165-7da3-41a5-8b94-6fd089bb76e6,4406ce2b-2cd8-47bf-8c03-d0e6c2c500ab,11,1,3000,3000,,False,2026-02-15T17:10:07.441081,2026-02-15T17:10:07.441081
46754ae9-0ae6-44ca-9fa7-0f79a322f85b,fede2745-01d8-457d-8452-4a0baa0abaab,3,2,3000,6000,,False,2026-02-15T17:10:07.441081,2026-02-15T17:10:07.441081
70b62107-a078-424c-858a-7b0524ea3445,fede2745-01d8-457d-8452-4a0baa0abaab,8,6,3000,18000,,False,2026-02-15T17:10:07.441081,2026-02-15T17:10:07.441081
0a83860b-1f86-4245-bb1b-cc90c75a57d5,8405c49e-d298-4b3b-8f0b-af79cb4da799,1,2,1200,2400,,False,2026-02-15T17:10:07.441081,2026-02-15T17:10:07.441081
7c9d5e03-9b7b-40bc-93c1-aa5084226fbd,8405c49e-d298-4b3b-8f0b-af79cb4da799,5,3,3500,10500,,False,2026-02-15T17:10:07.441081,2026-02-15T17:10:07.441081
c26b9189-1ebc-48e7-9dc9-3ef7752f4c49,8405c49e-d298-4b3b-8f0b-af79cb4da799,7,2,3000,6000,,False,2026-02-15T17:10:07.441081,2026-02-15T17:10:07.441081
644df81b-471b-4ac0-81f5-89a3f3d9a82d,160fc459-115a-4fb3-ae10-c6f531282383,1,2,1200,2400,,False,2026-02-15T17:10:07.441081,2026-02-15T17:10:07.441081
8aefd5d9-ee8d-4006-b210-41ee2d8f01ce,160fc459-115a-4fb3-ae10-c6f531282383,4,3,3000,9000,,False,2026-02-15T17:10:07.441081,2026-02-15T17:10:07.441081
2aa8a09d-858e-4718-900c-5b3c565a8cc0,160fc459-115a-4fb3-ae10-c6f531282383,7,2,3000,6000,,False,2026-02-15T17:10:07.441081,2026-02-15T17:10:07.441081
eb344462-09f0-4681-a32d-fea1c6e5b711,160fc459-115a-4fb3-ae10-c6f531282383,38,2,2500,5000,,False,2026-02-15T17:10:07.441081,2026-02-15T17:10:07.441081
c77dad08-04a1-4f80-acaa-6edad48e56e3,160fc459-115a-4fb3-ae10-c6f531282383,39,2,2500,5000,,False,2026-02-15T17:10:07.441081,2026-02-15T17:10:07.441081
3f4ec81f-1c3c-46da-bb23-fef74bc15062,7c3d65e3-cc0b-46e4-8961-5a4d52324f65,1,6,1200,7200,,False,2026-02-15T17:10:07.441081,2026-02-15T17:10:07.441081
02c068e3-f0e4-41be-b8e1-5ecab9df66c4,7c3d65e3-cc0b-46e4-8961-5a4d52324f65,2,3,3000,9000,,False,2026-02-15T17:10:07.441081,2026-02-15T17:10:07.441081
3dce214b-bb67-4792-a912-6e7583108e88,7c3d65e3-cc0b-46e4-8961-5a4d52324f65,3,2,3000,6000,,False,2026-02-15T17:10:07.441081,2026-02-15T17:10:07.441081
06da8865-7292-4d57-887a-c84419cc4bbe,7c3d65e3-cc0b-46e4-8961-5a4d52324f65,5,1,3500,3500,,False,2026-02-15T17:10:07.441081,2026-02-15T17:10:07.441081
1f35c5db-59f9-4e04-9d7f-7638f15d5757,7c3d65e3-cc0b-46e4-8961-5a4d52324f65,8,7,3000,21000,,False,2026-02-15T17:10:07.441081,2026-02-15T17:10:07.441081
15a3def3-e743-4073-bdc8-cae284794f10,7c3d65e3-cc0b-46e4-8961-5a4d52324f65,11,2,3000,6000,,False,2026-02-15T17:10:07.441081,2026-02-15T17:10:07.441081
0bf9803d-6561-4421-a45b-c006ea35a645,b8378675-f45b-42dd-b0f8-70ae17b207a2,11,3,3000,9000,,False,2026-02-15T17:10:07.441081,2026-02-15T17:10:07.441081
69dc6787-8947-4591-81bc-712a5b24e56b,2d3e9f8a-85b1-4680-8caa-28e201898bc2,1,18,1200,21600,,False,2026-02-15T17:10:07.441081,2026-02-15T17:10:07.441081
2d56c81a-38b2-45cb-9951-fa55204be7f6,2d3e9f8a-85b1-4680-8caa-28e201898bc2,2,6,3000,18000,,False,2026-02-15T17:10:07.441081,2026-02-15T17:10:07.441081
52f8628d-38fe-419b-9152-8d41d47ac942,2d3e9f8a-85b1-4680-8caa-28e201898bc2,4,3,3000,9000,,False,2026-02-15T17:10:07.441081,2026-02-15T17:10:07.441081
91be7956-66cc-495a-8fca-deb6d4e3f1d2,2d3e9f8a-85b1-4680-8caa-28e201898bc2,6,2,5000,10000,,False,2026-02-15T17:10:07.441081,2026-02-15T17:10:07.441081
a1d95f49-23bc-458c-bfa2-d15084969810,2d3e9f8a-85b1-4680-8caa-28e201898bc2,7,6,3000,18000,,False,2026-02-15T17:10:07.441081,2026-02-15T17:10:07.441081
22371cbe-d685-43c1-b8d5-71eb6ab1753c,2d3e9f8a-85b1-4680-8caa-28e201898bc2,8,6,3000,18000,,False,2026-02-15T17:10:07.441081,2026-02-15T17:10:07.441081
319570e2-1d7d-4286-bff5-e6fb2426a636,2d3e9f8a-85b1-4680-8caa-28e201898bc2,10,1,3000,3000,,False,2026-02-15T17:10:07.441081,2026-02-15T17:10:07.441081
bcd2e59a-b3e9-4c75-b7cc-454c8bb16757,93fd08fd-4a40-4fdb-b69f-f03549b9e54f,2,6,3000,18000,,False,2026-02-15T17:10:07.441081,2026-02-15T17:10:07.441081
8a59a182-531d-41c1-859c-ff7b17814122,93fd08fd-4a40-4fdb-b69f-f03549b9e54f,3,6,3000,18000,,False,2026-02-15T17:10:07.441081,2026-02-15T17:10:07.441081
28b8d5d6-bcec-477f-8129-d2276972677e,93fd08fd-4a40-4fdb-b69f-f03549b9e54f,7,6,3000,18000,,False,2026-02-15T17:10:07.441081,2026-02-15T17:10:07.441081
bf14d46b-9e18-441c-912d-50c7890eb652,93fd08fd-4a40-4fdb-b69f-f03549b9e54f,8,12,3000,36000,,False,2026-02-15T17:10:07.441081,2026-02-15T17:10:07.441081
63371da0-5886-46bc-9275-f07f93ad2c09,1a9a1db0-7997-4630-8467-edff6d811a03,1,18,1200,21600,,False,2026-02-15T17:10:07.441081,2026-02-15T17:10:07.441081
4ac0ebbd-8385-4440-b3cd-f8dd30412585,1a9a1db0-7997-4630-8467-edff6d811a03,2,6,3000,18000,,False,2026-02-15T17:10:07.441081,2026-02-15T17:10:07.441081
93ed08f5-685e-4e49-9019-c72112eb53e1,1a9a1db0-7997-4630-8467-edff6d811a03,3,3,3000,9000,,False,2026-02-15T17:10:07.441081,2026-02-15T17:10:07.441081
4f808341-bb0c-41b4-8a8a-8df13b91f962,1a9a1db0-7997-4630-8467-edff6d811a03,4,3,3000,9000,,False,2026-02-15T17:10:07.441081,2026-02-15T17:10:07.441081
4a967c21-d428-4ebd-a2e5-cb5a7fa59733,1a9a1db0-7997-4630-8467-edff6d811a03,6,2,5000,10000,,False,2026-02-15T17:10:07.441081,2026-02-15T17:10:07.441081
f0c711ed-8f8c-450e-9c0d-09107531c5f2,1a9a1db0-7997-4630-8467-edff6d811a03,7,6,3000,18000,,False,2026-02-15T17:10:07.441081,2026-02-15T17:10:07.441081
d581cf8a-ea7a-4ae2-8789-a692eb536ab6,1a9a1db0-7997-4630-8467-edff6d811a03,8,6,3000,18000,,False,2026-02-15T17:10:07.441081,2026-02-15T17:10:07.441081
87e75c0e-9781-4f0e-b800-70aa33c4b285,811d91b3-a845-4e47-ab2e-575a5ea0ad21,4,6,3000,18000,,False,2026-02-15T17:10:07.441081,2026-02-15T17:10:07.441081
747ea399-7bba-416a-ba65-e7a6169fde92,811d91b3-a845-4e47-ab2e-575a5ea0ad21,5,3,3500,10500,,False,2026-02-15T17:10:07.441081,2026-02-15T17:10:07.441081
edd00a32-4940-4210-b668-babdbb1a71f3,5bcd35c9-a55e-446d-b141-4d7ea30b7216,10,1,3000,3000,,False,2026-02-15T17:10:07.441081,2026-02-15T17:10:07.441081
8c9fae36-7df9-4ea5-9248-aba074404d8f,5bcd35c9-a55e-446d-b141-4d7ea30b7216,11,1,3000,3000,,False,2026-02-15T17:10:07.441081,2026-02-15T17:10:07.441081
911c7787-21b8-406a-9810-ff70af60be86,5bcd35c9-a55e-446d-b141-4d7ea30b7216,15,1,3000,3000,,False,2026-02-15T17:10:07.441081,2026-02-15T17:10:07.441081
81e993bb-8892-4d0a-bb8b-7e80b400a3ae,f438f26f-c666-4fc3-9565-6770fc4b5bb2,1,12,1200,14400,,False,2026-02-15T17:10:07.441081,2026-02-15T17:10:07.441081
a8b4ed89-9626-45b8-9289-24fe296d8772,f438f26f-c666-4fc3-9565-6770fc4b5bb2,2,6,3000,18000,,False,2026-02-15T17:10:07.441081,2026-02-15T17:10:07.441081
0b1ddeed-167f-451f-b24f-1c9c2aae2d4f,f438f26f-c666-4fc3-9565-6770fc4b5bb2,3,1,3000,3000,,False,2026-02-15T17:10:07.441081,2026-02-15T17:10:07.441081
105a54a3-7514-4afc-97f8-0a59d3088879,f438f26f-c666-4fc3-9565-6770fc4b5bb2,4,1,3000,3000,,False,2026-02-15T17:10:07.441081,2026-02-15T17:10:07.441081
db454529-9daf-4db8-85c5-f97f7586985a,f438f26f-c666-4fc3-9565-6770fc4b5bb2,6,1,5000,5000,,False,2026-02-15T17:10:07.441081,2026-02-15T17:10:07.441081
515a44aa-bc33-43f3-9af3-25401a57ba59,f438f26f-c666-4fc3-9565-6770fc4b5bb2,7,6,3000,18000,,False,2026-02-15T17:10:07.441081,2026-02-15T17:10:07.441081
26611c9f-ba87-4c44-8394-18daa415346b,f438f26f-c666-4fc3-9565-6770fc4b5bb2,8,10,3000,30000,,False,2026-02-15T17:10:07.441081,2026-02-15T17:10:07.441081
1af50828-9eab-46af-932e-f908c10a98bc,bbfee893-38da-445a-b401-cd156eddff59,7,6,3000,18000,,False,2026-02-15T17:10:07.441081,2026-02-15T17:10:07.441081
eec12002-27c2-4ccb-b983-a3edd627db47,bbfee893-38da-445a-b401-cd156eddff59,6,1,5000,5000,,False,2026-02-15T17:10:07.441081,2026-02-15T17:10:07.441081
3106dd62-1e41-4889-aa95-34a8eda83ee0,bbfee893-38da-445a-b401-cd156eddff59,17,2,3000,6000,,False,2026-02-15T17:10:07.441081,2026-02-15T17:10:07.441081
788682e8-cffd-4bfd-9859-ccd8f25366a1,c59d0e6a-89d0-4517-93d3-8bc14ebbf07e,2,6,3000,18000,,False,2026-02-15T17:10:07.441081,2026-02-15T17:10:07.441081
2df1f1d0-7474-4dad-ae97-b7297004b0f6,c59d0e6a-89d0-4517-93d3-8bc14ebbf07e,3,2,3000,6000,,False,2026-02-15T17:10:07.441081,2026-02-15T17:10:07.441081
89a06962-a99c-429c-95ca-c7d0a20b2e8a,c59d0e6a-89d0-4517-93d3-8bc14ebbf07e,4,1,3000,3000,,False,2026-02-15T17:10:07.441081,2026-02-15T17:10:07.441081
7cdec663-3d0d-4ebf-94bf-79f79080e238,c59d0e6a-89d0-4517-93d3-8bc14ebbf07e,8,18,3000,54000,,False,2026-02-15T17:10:07.441081,2026-02-15T17:10:07.441081
385c1561-4747-464d-9892-da046b3eb1bc,c59d0e6a-89d0-4517-93d3-8bc14ebbf07e,10,1,3000,3000,,False,2026-02-15T17:10:07.441081,2026-02-15T17:10:07.441081
df431860-08df-4da5-bb7b-62f8a6936660,c898aac9-b248-433d-974e-09d704572b8b,1,15,1200,18000,,False,2026-02-15T17:10:07.441081,2026-02-15T17:10:07.441081
4e085a45-b3c4-4d40-a19d-a4e2f1b029aa,c898aac9-b248-433d-974e-09d704572b8b,3,2,3000,6000,,False,2026-02-15T17:10:07.441081,2026-02-15T17:10:07.441081
fc04438d-1439-4183-8aba-f34f8ce5a7f6,c898aac9-b248-433d-974e-09d704572b8b,4,1,3000,3000,,False,2026-02-15T17:10:07.441081,2026-02-15T17:10:07.441081
e9473843-5373-4eab-9341-001ff4c6570f,c898aac9-b248-433d-974e-09d704572b8b,6,1,5000,5000,,False,2026-02-15T17:10:07.441081,2026-02-15T17:10:07.441081
dc9eaadf-7776-4bbb-a2c7-4f3c9d2f6d2e,c898aac9-b248-433d-974e-09d704572b8b,8,15,3000,45000,,False,2026-02-15T17:10:07.441081,2026-02-15T17:10:07.441081
50f61359-37c6-4392-9b14-ba5bd704169d,c898aac9-b248-433d-974e-09d704572b8b,38,1,2500,2500,,False,2026-02-15T17:10:07.441081,2026-02-15T17:10:07.441081
c38b8366-61f6-4397-9e54-4cb76ce171c4,c898aac9-b248-433d-974e-09d704572b8b,39,1,2500,2500,,False,2026-02-15T17:10:07.441081,2026-02-15T17:10:07.441081
eb286456-204f-4eaf-8f95-073241b9b7dd,6b229dd7-1778-4c7a-be55-03db289fedf0,3,3,3000,9000,,False,2026-02-15T17:10:07.441081,2026-02-15T17:10:07.441081
14a236ef-bfd3-405c-bce5-622d6db63cad,6b229dd7-1778-4c7a-be55-03db289fedf0,5,3,3500,10500,,False,2026-02-15T17:10:07.441081,2026-02-15T17:10:07.441081
324ff5fb-21a1-4872-acfe-814ee4588494,6b229dd7-1778-4c7a-be55-03db289fedf0,38,1,2500,2500,,False,2026-02-15T17:10:07.441081,2026-02-15T17:10:07.441081
0c27af24-62b3-4a9f-989c-9670114a0f63,6b229dd7-1778-4c7a-be55-03db289fedf0,39,2,2500,5000,,False,2026-02-15T17:10:07.441081,2026-02-15T17:10:07.441081
97ede4c4-d5eb-485a-9d18-418baf1d5b91,6b229dd7-1778-4c7a-be55-03db289fedf0,14,1,5000,5000,,False,2026-02-15T17:10:07.441081,2026-02-15T17:10:07.441081
a3a6d2cf-ff84-403e-9b1e-9e83235a4a61,8bab937e-d85a-4a8b-868c-bafeca9703af,3,2,3000,6000,,False,2026-02-15T17:10:07.441081,2026-02-15T17:10:07.441081
ac84a7e0-bb25-4515-91e3-22e7c0507cf2,9418e654-4841-40ce-83ce-c042d39343ce,1,12,1200,14400,,False,2026-02-15T17:10:07.441081,2026-02-15T17:10:07.441081
71365fdf-9249-4042-83f9-d4b815499af6,9418e654-4841-40ce-83ce-c042d39343ce,3,2,3000,6000,,False,2026-02-15T17:10:07.441081,2026-02-15T17:10:07.441081
11cf730e-4f75-4e9a-b9cf-47092b58963b,9418e654-4841-40ce-83ce-c042d39343ce,4,1,3000,3000,,False,2026-02-15T17:10:07.441081,2026-02-15T17:10:07.441081
92d9e0a3-efec-4bf3-babf-17cc1cb420d4,9418e654-4841-40ce-83ce-c042d39343ce,5,1,3000,3000,,False,2026-02-15T17:10:07.441081,2026-02-15T17:10:07.441081
0f6e4661-e49c-4e75-9ea0-db4e4d3455bf,9418e654-4841-40ce-83ce-c042d39343ce,8,12,3000,36000,,False,2026-02-15T17:10:07.441081,2026-02-15T17:10:07.441081
473408e3-e4da-4308-a6d8-547570c3f6be,9418e654-4841-40ce-83ce-c042d39343ce,38,2,2500,5000,,False,2026-02-15T17:10:07.441081,2026-02-15T17:10:07.441081
4c5715ad-396a-47b9-b6de-a8387687e6dc,9418e654-4841-40ce-83ce-c042d39343ce,39,2,2500,5000,,False,2026-02-15T17:10:07.441081,2026-02-15T17:10:07.441081
7639c366-d723-4e28-9498-e48046484d8a,0ba6d79f-c363-4d45-abb0-4a47656a8dae,17,1,3000,3000,,False,2026-02-15T17:10:07.441081,2026-02-15T17:10:07.441081
dec155ae-08e3-42b6-be01-01f00cd5337f,0ba6d79f-c363-4d45-abb0-4a47656a8dae,24,1,3000,3000,,False,2026-02-15T17:10:07.441081,2026-02-15T17:10:07.441081
594132fd-7d99-4fc9-be96-bb96e08c60f4,ae2e8572-7fea-4df0-a285-15ad8a80f50e,1,18,1200,21600,,False,2026-02-15T17:10:07.441081,2026-02-15T17:10:07.441081
a6982f7b-b2f8-4fa9-b524-c56b235111b3,ae2e8572-7fea-4df0-a285-15ad8a80f50e,2,6,3000,18000,,False,2026-02-15T17:10:07.441081,2026-02-15T17:10:07.441081
bb3e4470-9bb0-491c-8b40-8d4dce73e7bd,ae2e8572-7fea-4df0-a285-15ad8a80f50e,3,6,3000,18000,,False,2026-02-15T17:10:07.441081,2026-02-15T17:10:07.441081
f48c62de-e9c2-484b-bb15-00ccbff64018,ae2e8572-7fea-4df0-a285-15ad8a80f50e,5,2,3500,7000,,False,2026-02-15T17:10:07.441081,2026-02-15T17:10:07.441081
8e855a8e-9bbb-4782-b426-f3f03559bf08,ae2e8572-7fea-4df0-a285-15ad8a80f50e,8,12,3000,36000,,False,2026-02-15T17:10:07.441081,2026-02-15T17:10:07.441081
f7827e56-5316-4cb2-809a-6ee0ecfc30d4,ae2e8572-7fea-4df0-a285-15ad8a80f50e,10,1,3000,3000,,False,2026-02-15T17:10:07.441081,2026-02-15T17:10:07.441081
882ae75a-3f9c-4dc5-9e50-1233a55e1568,ae2e8572-7fea-4df0-a285-15ad8a80f50e,11,1,3000,3000,,False,2026-02-15T17:10:07.441081,2026-02-15T17:10:07.441081
e3e466a1-7064-4d3b-b075-ce1131aa4ffb,59b62d38-6d7d-4919-b141-dc723457abee,3,3,3000,9000,,False,2026-02-15T17:10:07.441081,2026-02-15T17:10:07.441081
e11f492e-658c-429e-85dc-cfc576803902,59b62d38-6d7d-4919-b141-dc723457abee,4,3,3000,9000,,False,2026-02-15T17:10:07.441081,2026-02-15T17:10:07.441081
6e4065ae-517c-4c1f-a3d7-cad754f2b5e0,59b62d38-6d7d-4919-b141-dc723457abee,7,1,3000,3000,,False,2026-02-15T17:10:07.442067,2026-02-15T17:10:07.442067
32cfc94e-a13b-4b3d-b108-b8cd898ff2b2,59b62d38-6d7d-4919-b141-dc723457abee,8,6,3000,18000,,False,2026-02-15T17:10:07.442067,2026-02-15T17:10:07.442067
b6495761-2746-4582-b92f-623621e36450,59b62d38-6d7d-4919-b141-dc723457abee,9,1,3000,3000,,False,2026-02-15T17:10:07.442067,2026-02-15T17:10:07.442067
90e6c0a2-b3c3-4edd-b57d-5da90450cc0a,59b62d38-6d7d-4919-b141-dc723457abee,17,1,3000,3000,,False,2026-02-15T17:10:07.442067,2026-02-15T17:10:07.442067
cc8b06b5-26e4-43ca-bea8-41a76b1f76ec,539cab2f-24dd-4224-8701-3bc8a1d1a7f4,1,6,1200,7200,,False,2026-02-15T17:10:07.442067,2026-02-15T17:10:07.442067
e081d71e-3fae-4d01-b338-53fac39bc27a,539cab2f-24dd-4224-8701-3bc8a1d1a7f4,3,3,3000,9000,,False,2026-02-15T17:10:07.442067,2026-02-15T17:10:07.442067
ddfdabf2-72ef-4034-9d41-591eff8b4143,539cab2f-24dd-4224-8701-3bc8a1d1a7f4,4,3,3000,9000,,False,2026-02-15T17:10:07.442067,2026-02-15T17:10:07.442067
f2746ca1-8d00-41e8-9ff2-94c634467445,539cab2f-24dd-4224-8701-3bc8a1d1a7f4,6,2,5000,10000,,False,2026-02-15T17:10:07.442067,2026-02-15T17:10:07.442067
209a0ba1-248f-4836-a9bc-974ce76871a6,539cab2f-24dd-4224-8701-3bc8a1d1a7f4,8,6,3000,18000,,False,2026-02-15T17:10:07.442067,2026-02-15T17:10:07.442067
b23891dd-3a4f-4b7f-ab18-228670334efb,c9f9c449-3860-4294-ac25-f4ac6f4c22d5,1,30,1200,36000,,False,2026-02-15T17:10:07.442067,2026-02-15T17:10:07.442067
7266082f-797d-42fd-988b-6d4e62f8bc4c,c9f9c449-3860-4294-ac25-f4ac6f4c22d5,2,12,3000,36000,,False,2026-02-15T17:10:07.442067,2026-02-15T17:10:07.442067
16d6fcae-ca85-4e92-82ff-06d68e733ef4,c9f9c449-3860-4294-ac25-f4ac6f4c22d5,3,12,3000,36000,,False,2026-02-15T17:10:07.442067,2026-02-15T17:10:07.442067
f127e8bc-48a4-4c1a-bffa-b91b4714d80a,c9f9c449-3860-4294-ac25-f4ac6f4c22d5,4,12,3000,36000,,False,2026-02-15T17:10:07.442067,2026-02-15T17:10:07.442067
025a9afa-6493-4c78-917c-b23514432878,c9f9c449-3860-4294-ac25-f4ac6f4c22d5,7,18,3000,54000,,False,2026-02-15T17:10:07.442067,2026-02-15T17:10:07.442067
122aa3ba-48a7-454c-9516-cf678a816b32,c9f9c449-3860-4294-ac25-f4ac6f4c22d5,8,30,3000,90000,,False,2026-02-15T17:10:07.442067,2026-02-15T17:10:07.442067
e82a444a-d1a4-45e1-946d-48e0a2f4802c,c9f9c449-3860-4294-ac25-f4ac6f4c22d5,11,6,3000,18000,,False,2026-02-15T17:10:07.442067,2026-02-15T17:10:07.442067
abdb881e-f5d6-4235-b328-15edf2df2daf,7616d72e-dc20-40a9-84de-3cd105709adc,8,30,3000,90000,,False,2026-02-15T17:10:07.442067,2026-02-15T17:10:07.442067
05106542-b732-427b-86cc-bcdbe73a42a5,7616d72e-dc20-40a9-84de-3cd105709adc,14,6,5000,30000,,False,2026-02-15T17:10:07.442067,2026-02-15T17:10:07.442067
d8618944-d471-44ff-8f59-205a6fc013ff,7616d72e-dc20-40a9-84de-3cd105709adc,21,2,4500,9000,,False,2026-02-15T17:10:07.442067,2026-02-15T17:10:07.442067
56b4a544-893e-4392-8355-2f37508853e3,7616d72e-dc20-40a9-84de-3cd105709adc,26,3,3000,9000,,False,2026-02-15T17:10:07.442067,2026-02-15T17:10:07.442067
f34d87e5-9c70-48d6-905c-25e8352e4f6b,bea978ad-ec7d-4084-b67d-77b28f14908a,28,80,100,8000,,False,2026-02-15T17:10:07.442067,2026-02-15T17:10:07.442067
2572c86c-5298-42aa-a535-fc99a2ec7101,ce3d8d95-09c9-4e77-82f9-72bb51106c3e,11,3,3000,9000,,False,2026-02-15T17:10:07.442067,2026-02-15T17:10:07.442067
60bb4f6c-1d1e-47be-a6c0-4ca95eb153ab,ce3d8d95-09c9-4e77-82f9-72bb51106c3e,9,1,3000,3000,,False,2026-02-15T17:10:07.442067,2026-02-15T17:10:07.442067
6f636863-0d30-4aea-9bb8-4e72870dca34,ce3d8d95-09c9-4e77-82f9-72bb51106c3e,38,3,2500,7500,,False,2026-02-15T17:10:07.442067,2026-02-15T17:10:07.442067
2a29cd40-d820-4ea5-bd45-cb5be0d6a2d1,ce3d8d95-09c9-4e77-82f9-72bb51106c3e,39,2,2500,5000,,False,2026-02-15T17:10:07.442067,2026-02-15T17:10:07.442067
a296ac67-0648-4900-836b-346d9729911b,ce3d8d95-09c9-4e77-82f9-72bb51106c3e,15,2,3000,6000,,False,2026-02-15T17:10:07.442067,2026-02-15T17:10:07.442067
1bee4e50-af46-4620-aa9d-c62faebb5e8a,eea74eab-3d77-45d1-8d5b-d3540a1df724,1,6,1200,7200,,False,2026-02-15T17:10:07.442067,2026-02-15T17:10:07.442067
f61f09d3-bfbe-45a6-b7ee-f288b7f33076,eea74eab-3d77-45d1-8d5b-d3540a1df724,2,6,3000,18000,,False,2026-02-15T17:10:07.442067,2026-02-15T17:10:07.442067
eb5a163b-cb5e-40a9-943c-7cc3a97f6445,eea74eab-3d77-45d1-8d5b-d3540a1df724,3,6,3000,18000,,False,2026-02-15T17:10:07.442067,2026-02-15T17:10:07.442067
1ed2571f-8463-4f0e-8f77-b81687db7e26,eea74eab-3d77-45d1-8d5b-d3540a1df724,4,6,3000,18000,,False,2026-02-15T17:10:07.442067,2026-02-15T17:10:07.442067
4509505b-50a5-44f2-9fc6-caa58ede910b,eea74eab-3d77-45d1-8d5b-d3540a1df724,6,1,5000,5000,,False,2026-02-15T17:10:07.442067,2026-02-15T17:10:07.442067
37800bf6-13aa-44c1-bf7f-75e19660468c,eea74eab-3d77-45d1-8d5b-d3540a1df724,7,6,3000,18000,,False,2026-02-15T17:10:07.442067,2026-02-15T17:10:07.442067
7b2f13a9-9146-4d68-a6c1-abcba101e6d6,eea74eab-3d77-45d1-8d5b-d3540a1df724,8,18,3000,54000,,False,2026-02-15T17:10:07.442067,2026-02-15T17:10:07.442067
45fdc984-b18d-535e-9329-82f1e860ac64,b89c5986-88ba-57ca-96ac-f2df0ec9deb2,11,6,3000,18000,,False,2026-02-15T17:10:07.442067,2026-02-15T17:10:07.442067
ac498ec7-8dd3-50c2-9b64-f00acb880602,b89c5986-88ba-57ca-96ac-f2df0ec9deb2,38,6,2500,15000,,False,2026-02-15T17:10:07.442067,2026-02-15T17:10:07.442067
f4673284-dfc8-5de9-b3a2-07d01690610b,b89c5986-88ba-57ca-96ac-f2df0ec9deb2,39,6,2500,15000,,False,2026-02-15T17:10:07.442067,2026-02-15T17:10:07.442067
14d3677c-fa9a-55ab-9620-7c142c49569b,b89c5986-88ba-57ca-96ac-f2df0ec9deb2,8,60,3000,180000,,False,2026-02-15T17:10:07.442067,2026-02-15T17:10:07.442067
aa3d13da-14b8-5e1d-a88d-501c95fb01e6,e22dd823-7afd-5738-bb21-03db3bea5113,14,6,5000,30000,,False,2026-02-15T17:10:07.442067,2026-02-15T17:10:07.442067
79ad0363-8fc9-5881-9f92-249957f1e248,ced3309d-f72d-52df-bcb7-30ae27af510e,4,3,3000,9000,,False,2026-02-15T17:10:07.442067,2026-02-15T17:10:07.442067
60ea1abe-e941-517f-b290-20d46db0aabf,ced3309d-f72d-52df-bcb7-30ae27af510e,2,2,3000,6000,,False,2026-02-15T17:10:07.442067,2026-02-15T17:10:07.442067
289ae04e-20eb-5049-abf6-ca76321c1f63,ced3309d-f72d-52df-bcb7-30ae27af510e,8,3,3000,9000,,False,2026-02-15T17:10:07.442067,2026-02-15T17:10:07.442067
64e6d42d-d7b2-5b12-93ac-25133e39b736,ced3309d-f72d-52df-bcb7-30ae27af510e,1,3,1200,3600,,False,2026-02-15T17:10:07.442067,2026-02-15T17:10:07.442067
6e5cc3d3-40e0-4e81-8cdd-42d6f22bda79,39eee881-7cf7-48fe-b610-9d6ef711bffe,4,6,3000,18000,,False,2026-02-15T17:10:07.442067,2026-02-15T17:10:07.442067
faed88e2-223a-466b-8dc6-aca0e2aa875a,39eee881-7cf7-48fe-b610-9d6ef711bffe,8,12,3000,36000,,False,2026-02-15T17:10:07.442067,2026-02-15T17:10:07.442067
58909d32-9a3c-41df-8893-e7a470e75dd9,39eee881-7cf7-48fe-b610-9d6ef711bffe,4,6,3000,18000,,False,2026-02-15T17:10:07.442067,2026-02-15T17:10:07.442067
926380a2-7ece-4f4b-8a2a-82c303f02280,39eee881-7cf7-48fe-b610-9d6ef711bffe,2,6,3000,18000,,False,2026-02-15T17:10:07.442067,2026-02-15T17:10:07.442067
450c35f1-3094-4e53-8035-3ade05a71e7f,39eee881-7cf7-48fe-b610-9d6ef711bffe,8,18,3000,54000,,False,2026-02-15T17:10:07.442067,2026-02-15T17:10:07.442067
065b864e-558d-47ad-b0b8-03c66dc2c692,39eee881-7cf7-48fe-b610-9d6ef711bffe,38,6,2500,15000,,False,2026-02-15T17:10:07.442067,2026-02-15T17:10:07.442067
cfe148d6-6cbf-400f-81eb-a49b8e32940e,39eee881-7cf7-48fe-b610-9d6ef711bffe,39,6,2500,15000,,False,2026-02-15T17:10:07.442067,2026-02-15T17:10:07.442067
1e7b48af-6949-49f4-a214-ff7e1023fe04,571af589-b4a3-4297-b269-0404e1afb8e4,1,18,1200,21600,,False,2026-02-15T17:10:07.442067,2026-02-15T17:10:07.442067
e0107a1d-3731-42b6-9d57-dd12b5004fae,571af589-b4a3-4297-b269-0404e1afb8e4,3,6,3000,18000,,False,2026-02-15T17:10:07.442067,2026-02-15T17:10:07.442067
068eff83-9a4a-42bc-9c27-314270f4ba63,571af589-b4a3-4297-b269-0404e1afb8e4,8,12,3000,36000,,False,2026-02-15T17:10:07.442067,2026-02-15T17:10:07.442067
e1ba293a-f25c-4eb8-b8ee-acfe0a9ca896,571af589-b4a3-4297-b269-0404e1afb8e4,10,6,3000,18000,,False,2026-02-15T17:10:07.442067,2026-02-15T17:10:07.442067
1e05ce3f-1254-4ae9-a891-4f8b0ae6d4b5,571af589-b4a3-4297-b269-0404e1afb8e4,11,6,3000,18000,,False,2026-02-15T17:10:07.442067,2026-02-15T17:10:07.442067
768d2c17-7d3b-41b0-a48d-54ac3f96e669,571af589-b4a3-4297-b269-0404e1afb8e4,4,6,3000,18000,,False,2026-02-15T17:10:07.442067,2026-02-15T17:10:07.442067
f8f9864a-9465-4cd2-9d82-0130786ca37c,571af589-b4a3-4297-b269-0404e1afb8e4,1,18,1200,21600,,False,2026-02-15T17:10:07.442067,2026-02-15T17:10:07.442067
4bb1721c-8e44-40a8-a3de-9a73bd163f38,d654d794-b76f-4f7a-b2c5-745aa4c14b73,8,6,3000,18000,,False,2026-02-15T17:10:07.442067,2026-02-15T17:10:07.442067
7ad496b5-6f47-441d-929c-7a0e9d0a7fd3,d654d794-b76f-4f7a-b2c5-745aa4c14b73,14,6,5000,30000,,False,2026-02-15T17:10:07.442067,2026-02-15T17:10:07.442067
a11fc47c-b05e-46d6-9b21-b4c4839aed13,d654d794-b76f-4f7a-b2c5-745aa4c14b73,8,6,3000,18000,,False,2026-02-15T17:10:07.442067,2026-02-15T17:10:07.442067
96c56556-1c1c-400b-8e99-f96753d56868,d654d794-b76f-4f7a-b2c5-745aa4c14b73,2,6,3000,18000,,False,2026-02-15T17:10:07.442067,2026-02-15T17:10:07.442067
58d41202-fa39-4c3b-b53b-1b0bfde2fade,d654d794-b76f-4f7a-b2c5-745aa4c14b73,10,6,3000,18000,,False,2026-02-15T17:10:07.442067,2026-02-15T17:10:07.442067
7eea3fd3-35f2-4318-b2d8-020e9107a585,d654d794-b76f-4f7a-b2c5-745aa4c14b73,2,6,3000,18000,,False,2026-02-15T17:10:07.442067,2026-02-15T17:10:07.442067
2e738569-cc7f-4ec2-9a7c-7e4fd2845afb,d654d794-b76f-4f7a-b2c5-745aa4c14b73,8,12,3000,36000,,False,2026-02-15T17:10:07.442067,2026-02-15T17:10:07.442067
53088939-5f1c-4785-b285-2d365bd60f46,89632b48-0141-4805-9ff8-30d3f8bd2d88,8,12,3000,36000,,False,2026-02-15T17:10:07.442067,2026-02-15T17:10:07.442067
c4bc7cd4-f4a2-432a-bb3f-29c71bce7373,89632b48-0141-4805-9ff8-30d3f8bd2d88,6,1,5000,5000,,False,2026-02-15T17:10:07.442067,2026-02-15T17:10:07.442067
29128052-aeb8-4a7f-bec2-1838524aa254,89632b48-0141-4805-9ff8-30d3f8bd2d88,1,6,1200,7200,,False,2026-02-15T17:10:07.442067,2026-02-15T17:10:07.442067
3629822b-a48f-4704-b8d4-f29f6dfbd660,89632b48-0141-4805-9ff8-30d3f8bd2d88,4,6,3000,18000,,False,2026-02-15T17:10:07.442067,2026-02-15T17:10:07.442067
e4e1db04-4d17-4b4d-9f35-96dd0922f5de,89632b48-0141-4805-9ff8-30d3f8bd2d88,8,6,3000,18000,,False,2026-02-15T17:10:07.442067,2026-02-15T17:10:07.442067
58320a64-9a79-4129-9a78-68170893bc05,89632b48-0141-4805-9ff8-30d3f8bd2d88,6,1,5000,5000,,False,2026-02-15T17:10:07.442067,2026-02-15T17:10:07.442067
9e35e352-1f4e-49ac-b313-9ba1a61aed64,89632b48-0141-4805-9ff8-30d3f8bd2d88,24,1,3000,3000,,False,2026-02-15T17:10:07.442067,2026-02-15T17:10:07.442067
4fd5e76f-1c27-4568-b11b-d2ff297fa718,ec2b1f1a-d260-4c83-9291-cff82cfc263b,5,6,3500,21000,,False,2026-02-15T17:10:07.442067,2026-02-15T17:10:07.442067
a393202a-b3a7-4c56-a652-938ee08952c0,ec2b1f1a-d260-4c83-9291-cff82cfc263b,2,6,3000,18000,,False,2026-02-15T17:10:07.442067,2026-02-15T17:10:07.442067
44a976da-076d-4dab-a921-de7865ce6b96,ec2b1f1a-d260-4c83-9291-cff82cfc263b,4,6,3000,18000,,False,2026-02-15T17:10:07.442067,2026-02-15T17:10:07.442067
a6a4ded8-5268-4dc2-9b19-e37c0b676ce7,ec2b1f1a-d260-4c83-9291-cff82cfc263b,7,6,3000,18000,,False,2026-02-15T17:10:07.442067,2026-02-15T17:10:07.442067
8663dd4f-2534-45c9-896d-96ae63296c2c,ec2b1f1a-d260-4c83-9291-cff82cfc263b,1,6,1200,7200,,False,2026-02-15T17:10:07.442067,2026-02-15T17:10:07.442067
1e2958f3-d8a7-45f6-828e-e94ea678c801,ec2b1f1a-d260-4c83-9291-cff82cfc263b,4,6,3000,18000,,False,2026-02-15T17:10:07.442067,2026-02-15T17:10:07.442067
5710ac53-ece5-42fd-ac03-3f1f7d0b7469,ec2b1f1a-d260-4c83-9291-cff82cfc263b,8,6,3000,18000,,False,2026-02-15T17:10:07.442067,2026-02-15T17:10:07.442067
b0f469ca-35cf-4477-838f-22018a982e5f,1e4e34ad-7537-4dc9-b3c9-a39d5bf05f12,6,1,5000,5000,,False,2026-02-15T17:10:07.442067,2026-02-15T17:10:07.442067
398f8b52-5ea5-4abf-9ec8-c8afdc16f1c0,08395205-25e6-4ec3-9cf0-7adeb5c3268d,2,6,3000,18000,,True,2026-02-15T17:10:07.442067,2026-02-15T17:10:07.442067
ae3a11ad-fae3-4263-8f7e-7d27bb83e4ba,08395205-25e6-4ec3-9cf0-7adeb5c3268d,3,6,3000,18000,,True,2026-02-15T17:10:07.442067,2026-02-15T17:10:07.442067
67259a84-f71c-49af-a5fc-0bd997405a88,08395205-25e6-4ec3-9cf0-7adeb5c3268d,4,6,3000,18000,,True,2026-02-15T17:10:07.442067,2026-02-15T17:10:07.442067
1efbbb6d-45c9-4480-bf93-3c8184bdf85e,08395205-25e6-4ec3-9cf0-7adeb5c3268d,8,18,3000,54000,,True,2026-02-15T17:10:07.442067,2026-02-15T17:10:07.442067
eb0b42e8-2f64-46e9-a2e4-03f2ea7cfc38,08395205-25e6-4ec3-9cf0-7adeb5c3268d,9,6,3000,18000,,True,2026-02-15T17:10:07.442067,2026-02-15T17:10:07.442067
efa83a9f-1905-41aa-b0cc-f194c4585b0b,08395205-25e6-4ec3-9cf0-7adeb5c3268d,11,2,3000,6000,,True,2026-02-15T17:10:07.442067,2026-02-15T17:10:07.442067
6f5baded-eaa7-4376-b3b1-d9c2d8fe3158,08395205-25e6-4ec3-9cf0-7adeb5c3268d,1,18,1200,21600,,True,2026-02-15T17:10:07.442067,2026-02-15T17:10:07.442067
7fdc1080-f3f1-4969-8027-e947446da937,f8f78685-c3f6-499f-bcda-3109c627b622,1,2,1200,2400,,False,2026-02-15T17:10:07.442067,2026-02-15T17:10:07.442067
c9664368-0dda-4288-a009-4e92fcea3516,f8f78685-c3f6-499f-bcda-3109c627b622,2,5,3000,15000,,False,2026-02-15T17:10:07.442067,2026-02-15T17:10:07.442067
4bacb50e-0803-45e4-9e67-2f3a37900ba8,f8f78685-c3f6-499f-bcda-3109c627b622,8,5,3000,15000,,False,2026-02-15T17:10:07.442067,2026-02-15T17:10:07.442067
6fb5aa0f-f41f-492c-b3ea-8796cd61c0dc,f8f78685-c3f6-499f-bcda-3109c627b622,14,2,5000,10000,,False,2026-02-15T17:10:07.442067,2026-02-15T17:10:07.442067
76bbb844-3f19-577a-977b-924108d8c85a,f4ab3585-e562-5ac8-962b-24167fc0ea01,39,1,2500,2500,,False,2026-02-15T17:10:07.442067,2026-02-15T17:10:07.443067
0224392a-1a12-52cc-9c60-38bdd6712bc2,f4ab3585-e562-5ac8-962b-24167fc0ea01,8,2,3000,6000,,False,2026-02-15T17:10:07.443067,2026-02-15T17:10:07.443067
69a5b1a3-46b0-5d5b-a19c-ffe742640e60,1963a407-ff2d-5544-8fc8-4ac92a99f5eb,9,6,3000,18000,,False,2026-02-15T17:10:07.443067,2026-02-15T17:10:07.443067
5aac446f-5d5c-5942-855f-8866937f579f,1963a407-ff2d-5544-8fc8-4ac92a99f5eb,3,6,3000,18000,,False,2026-02-15T17:10:07.443067,2026-02-15T17:10:07.443067
33af9333-7d4e-5105-a8a9-e3784457cd58,1963a407-ff2d-5544-8fc8-4ac92a99f5eb,4,6,3000,18000,,False,2026-02-15T17:10:07.443067,2026-02-15T17:10:07.443067
59b801a1-a619-5451-a83e-b022ba376985,1963a407-ff2d-5544-8fc8-4ac92a99f5eb,1,18,1200,21600,,False,2026-02-15T17:10:07.443067,2026-02-15T17:10:07.443067
7890c6fa-c872-5eac-8f82-8e9d9f1d1b4d,1963a407-ff2d-5544-8fc8-4ac92a99f5eb,2,6,3000,18000,,False,2026-02-15T17:10:07.443067,2026-02-15T17:10:07.443067
b1fb45e3-f51f-54b0-8fbf-11acde8420af,1963a407-ff2d-5544-8fc8-4ac92a99f5eb,11,2,3000,6000,,False,2026-02-15T17:10:07.443067,2026-02-15T17:10:07.443067
4081b93e-afac-5b93-9a46-040e25b1ab0c,1963a407-ff2d-5544-8fc8-4ac92a99f5eb,8,18,3000,54000,,False,2026-02-15T17:10:07.443067,2026-02-15T17:10:07.443067
71455db2-ead9-545b-920a-165b2abab324,965ca590-c974-581c-a1ee-277a29ede649,4,3,3000,9000,,True,2026-02-15T17:10:07.443067,2026-02-15T17:10:07.443067
e0964654-7fbc-55ca-8b6c-f9a09ad0f0b2,965ca590-c974-581c-a1ee-277a29ede649,38,2,2500,5000,,False,2026-02-15T17:10:07.443067,2026-02-15T17:10:07.443067
b198c9ca-a98e-556a-a720-e3c09caf48bb,965ca590-c974-581c-a1ee-277a29ede649,7,2,3000,6000,,True,2026-02-15T17:10:07.443067,2026-02-15T17:10:07.443067
5a9679ac-e7b6-5dfd-b7c8-73675a59405c,965ca590-c974-581c-a1ee-277a29ede649,39,2,2500,5000,,False,2026-02-15T17:10:07.443067,2026-02-15T17:10:07.443067
5436341a-2e01-5f88-bc82-7f9fc60a4318,965ca590-c974-581c-a1ee-277a29ede649,1,2,1200,2400,,True,2026-02-15T17:10:07.443067,2026-02-15T17:10:07.443067
01552a08-ee21-516c-90c8-0d0408f87cc2,965ca590-c974-581c-a1ee-277a29ede649,2,5,3000,15000,,False,2026-02-15T17:10:07.443067,2026-02-15T17:10:07.443067
47db20fd-e1c7-510f-b555-de334fe51566,965ca590-c974-581c-a1ee-277a29ede649,8,5,3000,15000,,False,2026-02-15T17:10:07.443067,2026-02-15T17:10:07.443067
1d1a1406-9526-5fed-9240-9247be1ec5a6,965ca590-c974-581c-a1ee-277a29ede649,1,5,1200,6000,,False,2026-02-15T17:10:07.443067,2026-02-15T17:10:07.443067
a22aeb7c-6b7a-493f-99a8-eb45977345f9,a4a09d60-d022-4918-9782-8d8ef775c970,2,6,3000,18000,,False,2026-02-15T17:10:07.443067,2026-02-15T17:10:07.443067
2fe16dd7-1cb4-4d74-99d6-77eee8cc3bc6,a4a09d60-d022-4918-9782-8d8ef775c970,3,3,3000,9000,,False,2026-02-15T17:10:07.443067,2026-02-15T17:10:07.443067
df7ea0cc-e13d-46bf-93a4-55ff4f5fd534,a4a09d60-d022-4918-9782-8d8ef775c970,8,6,3000,18000,,False,2026-02-15T17:10:07.443067,2026-02-15T17:10:07.443067
a8e5ee8d-1813-4e96-8a93-e6451ee32264,396b09fa-caf1-4141-895a-3c004275911e,2,3,3000,9000,,False,2026-02-15T17:10:07.443067,2026-02-15T17:10:07.443067
fda34ef1-9552-4415-b200-3df4e5e79020,396b09fa-caf1-4141-895a-3c004275911e,8,12,3000,36000,,False,2026-02-15T17:10:07.443067,2026-02-15T17:10:07.443067
11ab7a96-663f-4b69-8a12-c70d7a7be51d,35d1688d-eee2-4471-924b-aec2a9a53f46,28,100,100,10000,,False,2026-02-15T17:10:07.443067,2026-02-15T17:10:07.443067
2626b26a-ca99-474a-9ff4-86b120d3c69c,35d1688d-eee2-4471-924b-aec2a9a53f46,29,50,50,2500,,False,2026-02-15T17:10:07.443067,2026-02-15T17:10:07.443067
d5402b76-526b-4820-aef7-213dfdd5da21,ace01d01-401c-43cf-9b21-52e597ecdd1a,11,6,3000,18000,,False,2026-02-15T17:10:07.443067,2026-02-15T17:10:07.443067
7b6b0fa1-77d2-42e4-b863-31d8270f164f,ace01d01-401c-43cf-9b21-52e597ecdd1a,38,6,2500,15000,,False,2026-02-15T17:10:07.443067,2026-02-15T17:10:07.443067
3e80f553-2b9b-4768-a67d-a0eae2d9fb60,ace01d01-401c-43cf-9b21-52e597ecdd1a,39,6,2500,15000,,False,2026-02-15T17:10:07.443067,2026-02-15T17:10:07.443067
aad41fca-abd6-4440-922c-1bf21d5febe4,ace01d01-401c-43cf-9b21-52e597ecdd1a,6,3,5000,15000,,False,2026-02-15T17:10:07.443067,2026-02-15T17:10:07.443067
111ac5b1-dc7c-42f4-a9dd-bc2e13673212,684a0f0e-c513-4528-8d71-99e215b4b1dc,9,6,3000,18000,,False,2026-02-15T17:10:07.443067,2026-02-15T17:10:07.443067
54e076c5-ce74-4e0e-ade3-00eda5455615,081fb93d-6cf4-495e-80e7-18bc98d5959e,1,90,1200,108000,,False,2026-02-15T17:10:07.443067,2026-02-15T17:10:07.443067
b8c768ab-bccc-4362-b157-63cbe20baf72,081fb93d-6cf4-495e-80e7-18bc98d5959e,2,18,3000,54000,,False,2026-02-15T17:10:07.443067,2026-02-15T17:10:07.443067
45fcc19f-d08a-45ba-b2bd-db97912c6e52,081fb93d-6cf4-495e-80e7-18bc98d5959e,3,18,3000,54000,,False,2026-02-15T17:10:07.443067,2026-02-15T17:10:07.443067
46f9db24-2d88-413b-a964-699403ab850d,081fb93d-6cf4-495e-80e7-18bc98d5959e,4,30,3000,90000,,False,2026-02-15T17:10:07.443067,2026-02-15T17:10:07.443067
9bb6feed-7bcb-44e9-9fbd-64a344c569f1,081fb93d-6cf4-495e-80e7-18bc98d5959e,7,18,3000,54000,,False,2026-02-15T17:10:07.443067,2026-02-15T17:10:07.443067
9cccec82-a651-40bc-8e9f-bceb8b16ae57,081fb93d-6cf4-495e-80e7-18bc98d5959e,8,60,3000,180000,,False,2026-02-15T17:10:07.443067,2026-02-15T17:10:07.443067
d7ad6825-97a1-4013-bf9c-c8e937b4a6ad,081fb93d-6cf4-495e-80e7-18bc98d5959e,10,6,3000,18000,,False,2026-02-15T17:10:07.443067,2026-02-15T17:10:07.443067
dafc26e5-433f-43c4-9d30-2d442cd47d8b,7c4d35bf-37c1-4a36-88be-d4fcd33b80fe,8,66,3000,198000,,False,2026-02-15T17:10:07.443067,2026-02-15T17:10:07.443067
6ca1c93c-165a-48d4-8e9a-30581829aa33,7c4d35bf-37c1-4a36-88be-d4fcd33b80fe,10,1,3000,3000,,False,2026-02-15T17:10:07.443067,2026-02-15T17:10:07.443067
c095e57f-7438-4bbd-b557-780705aff179,7c4d35bf-37c1-4a36-88be-d4fcd33b80fe,11,9,3000,27000,,False,2026-02-15T17:10:07.443067,2026-02-15T17:10:07.443067
a53660c6-c3f9-4f9e-a1ae-f18ad39d3e45,7c4d35bf-37c1-4a36-88be-d4fcd33b80fe,38,3,2500,7500,,False,2026-02-15T17:10:07.443067,2026-02-15T17:10:07.443067
ef24e783-cc70-4735-847c-9835286a09e4,7c4d35bf-37c1-4a36-88be-d4fcd33b80fe,39,3,2500,7500,,False,2026-02-15T17:10:07.443067,2026-02-15T17:10:07.443067
bd306f9d-1f99-413b-a39f-2690845cd846,7c4d35bf-37c1-4a36-88be-d4fcd33b80fe,14,5,5000,25000,,False,2026-02-15T17:10:07.443067,2026-02-15T17:10:07.443067
f3539be4-6053-40ed-8e83-29a28edac5e0,aaa2e6c8-f1ac-44a9-becb-34f776872700,1,18,1200,21600,,False,2026-02-15T17:10:07.443067,2026-02-15T17:10:07.443067
2900fa11-066b-47bb-aad4-4eb9e3a672cc,aaa2e6c8-f1ac-44a9-becb-34f776872700,2,6,3000,18000,,False,2026-02-15T17:10:07.443067,2026-02-15T17:10:07.443067
1c22e13d-95ad-4acf-b97b-10bf318808db,aaa2e6c8-f1ac-44a9-becb-34f776872700,3,6,3000,18000,,False,2026-02-15T17:10:07.443067,2026-02-15T17:10:07.443067
88fd2314-66a4-4d83-84c5-f34de458db83,aaa2e6c8-f1ac-44a9-becb-34f776872700,5,5,3500,17500,,False,2026-02-15T17:10:07.443067,2026-02-15T17:10:07.443067
32bd234e-f924-4a35-9556-506325396f99,aaa2e6c8-f1ac-44a9-becb-34f776872700,6,1,5000,5000,,False,2026-02-15T17:10:07.443067,2026-02-15T17:10:07.443067
4591d22a-06e3-4bcb-8bef-67721078d8c0,aaa2e6c8-f1ac-44a9-becb-34f776872700,8,18,3000,54000,,False,2026-02-15T17:10:07.443067,2026-02-15T17:10:07.443067
5ba604f6-d4d0-4c76-b784-8870f5aaa6c1,aaa2e6c8-f1ac-44a9-becb-34f776872700,11,6,3000,18000,,False,2026-02-15T17:10:07.443067,2026-02-15T17:10:07.443067
cdb6eb16-295c-4c91-8cbf-e050d2322793,afef8dcf-9afe-4b7f-bba2-ca88259c6b83,1,66,1200,79200,,False,2026-02-15T17:10:07.443067,2026-02-15T17:10:07.443067
18309b0a-fac6-4c80-8bfc-7790972e615e,afef8dcf-9afe-4b7f-bba2-ca88259c6b83,2,18,3000,54000,,False,2026-02-15T17:10:07.443067,2026-02-15T17:10:07.443067
df772bf9-d640-4d9d-9aa2-d6ff7a4e8cf5,afef8dcf-9afe-4b7f-bba2-ca88259c6b83,3,12,3000,36000,,False,2026-02-15T17:10:07.443067,2026-02-15T17:10:07.443067
1d60f0dc-a48d-4bda-bada-4bb188b8fd62,afef8dcf-9afe-4b7f-bba2-ca88259c6b83,4,12,3000,36000,,False,2026-02-15T17:10:07.443067,2026-02-15T17:10:07.443067
8d6f6742-7cdb-4ec1-82bf-abb4c13a6379,afef8dcf-9afe-4b7f-bba2-ca88259c6b83,5,5,3500,17500,,False,2026-02-15T17:10:07.443067,2026-02-15T17:10:07.443067
f4e00fe8-5794-4d4e-aaf5-4686594c9f12,afef8dcf-9afe-4b7f-bba2-ca88259c6b83,6,5,5000,25000,,False,2026-02-15T17:10:07.443067,2026-02-15T17:10:07.443067
e3053255-e276-4be5-bf0d-24a12de02b1e,afef8dcf-9afe-4b7f-bba2-ca88259c6b83,7,24,3000,72000,,False,2026-02-15T17:10:07.443067,2026-02-15T17:10:07.443067
f99a879d-97fd-4101-b4fe-c6190a210afe,488ddb5b-c93e-48f3-bd16-f9199976feed,3,5,3000,15000,,False,2026-02-15T17:10:07.443067,2026-02-15T17:10:07.443067
566e71b4-10eb-4956-b948-1014977b363c,488ddb5b-c93e-48f3-bd16-f9199976feed,8,10,3000,30000,,False,2026-02-15T17:10:07.443067,2026-02-15T17:10:07.443067
67671c56-161d-486c-8dfd-8cf13daaa11e,ff8b539d-896c-48d5-b05b-e1c0344949cd,32,1,200,200,,False,2026-02-15T17:10:07.443067,2026-02-15T17:10:07.443067
cf5c9213-abd3-4793-b7db-aeaf080efc33,ff8b539d-896c-48d5-b05b-e1c0344949cd,34,1,200,200,,False,2026-02-15T17:10:07.443067,2026-02-15T17:10:07.443067
7855836a-09de-4cac-b825-f22a405bd7a9,9e7f939b-9311-4b2e-8ae9-cda2cd62f4d2,1,8,1200,9600,,False,2026-02-15T17:10:07.443067,2026-02-15T17:10:07.443067
85810267-9ef4-45b7-a111-8f3798a9ea83,9e7f939b-9311-4b2e-8ae9-cda2cd62f4d2,3,3,3000,9000,,False,2026-02-15T17:10:07.443067,2026-02-15T17:10:07.443067
55e3953a-45c6-4e9e-b020-becc14c42b9d,9e7f939b-9311-4b2e-8ae9-cda2cd62f4d2,4,5,3000,15000,,False,2026-02-15T17:10:07.443067,2026-02-15T17:10:07.443067
92cb9eef-40a9-4ab9-90ff-9beb63bebf61,9e7f939b-9311-4b2e-8ae9-cda2cd62f4d2,7,3,3000,9000,,False,2026-02-15T17:10:07.443067,2026-02-15T17:10:07.443067
330c94a9-0309-402d-b2b4-58347b61202a,9e7f939b-9311-4b2e-8ae9-cda2cd62f4d2,8,13,3000,39000,,False,2026-02-15T17:10:07.443067,2026-02-15T17:10:07.443067
d0d6a83e-6d72-4dea-be6b-8da2e5cde8fc,62fa9eb7-ea53-4bc6-8638-ce3c29c30b17,3,2,3000,6000,,False,2026-02-15T17:10:07.443067,2026-02-15T17:10:07.443067
5b534319-d60a-4336-9ccb-e3bdb5863a07,62fa9eb7-ea53-4bc6-8638-ce3c29c30b17,4,2,3000,6000,,False,2026-02-15T17:10:07.443067,2026-02-15T17:10:07.443067
b5ad7db0-83f3-4183-a9d8-f1e8a54e1d30,62fa9eb7-ea53-4bc6-8638-ce3c29c30b17,8,10,3000,30000,,False,2026-02-15T17:10:07.443067,2026-02-15T17:10:07.443067
81e2bd88-4594-44e8-8ab2-aad2486cf7e8,7b7e5b01-8e08-456c-8197-346f8a05b8ae,1,18,1200,21600,,False,2026-02-15T17:10:07.443067,2026-02-15T17:10:07.443067
c267a09e-8051-4556-a356-cd556ba3b9ab,7b7e5b01-8e08-456c-8197-346f8a05b8ae,2,6,3000,18000,,False,2026-02-15T17:10:07.443067,2026-02-15T17:10:07.443067
6a79ce9a-2793-404e-8f8c-f56f5ae3fe11,7b7e5b01-8e08-456c-8197-346f8a05b8ae,5,1,3500,3500,,False,2026-02-15T17:10:07.443067,2026-02-15T17:10:07.443067
cd883501-0dd7-49e7-ba31-60c471226e02,7b7e5b01-8e08-456c-8197-346f8a05b8ae,38,2,2500,5000,,False,2026-02-15T17:10:07.443067,2026-02-15T17:10:07.443067
1e2e2bd3-5403-4180-a038-c740466d5a67,7b7e5b01-8e08-456c-8197-346f8a05b8ae,39,2,2500,5000,,False,2026-02-15T17:10:07.443067,2026-02-15T17:10:07.443067
e054dac2-fb73-4b2c-a7a5-d70a64e7a6e8,7b7e5b01-8e08-456c-8197-346f8a05b8ae,14,1,5000,5000,,False,2026-02-15T17:10:07.443067,2026-02-15T17:10:07.443067
d33ef1d4-8cd7-488f-9279-6a6ac77dc2ca,b0ed52d4-7d60-41a1-b250-4ecb5588773c,8,4,3000,12000,,False,2026-02-15T17:10:07.443067,2026-02-15T17:10:07.443067
ead17374-c46d-409c-8117-816619b37252,84546d3d-d7ba-4695-9be0-5a615d8d695d,2,6,3000,18000,,False,2026-02-15T17:10:07.443067,2026-02-15T17:10:07.443067
1e5332e5-9b69-4951-be91-acdcf7c4127d,84546d3d-d7ba-4695-9be0-5a615d8d695d,3,2,3000,6000,,False,2026-02-15T17:10:07.443067,2026-02-15T17:10:07.443067
7254f785-2e12-42f8-94e7-bde3ab2e762c,84546d3d-d7ba-4695-9be0-5a615d8d695d,4,2,3000,6000,,False,2026-02-15T17:10:07.443067,2026-02-15T17:10:07.443067
1693d80c-47a0-4bf7-aa1e-6baff68cbe82,84546d3d-d7ba-4695-9be0-5a615d8d695d,10,3,3000,9000,,False,2026-02-15T17:10:07.443067,2026-02-15T17:10:07.443067
5c14aefa-bdf2-47b3-8029-3486123727c3,84546d3d-d7ba-4695-9be0-5a615d8d695d,11,2,3000,3000,,False,2026-02-15T17:10:07.443067,2026-02-15T17:10:07.443067
bbd33218-77ec-4608-924b-40c5a009ab64,bd8b1851-7af7-413e-881b-50fae521da25,5,0,3500,0,,False,2026-02-15T17:10:07.443067,2026-02-15T17:10:07.443067
2cb98fbb-4e26-47de-9b40-9a26f3b02678,bd8b1851-7af7-413e-881b-50fae521da25,6,0,5000,0,,False,2026-02-15T17:10:07.443067,2026-02-15T17:10:07.443067
29e5a3c5-3966-4860-b80c-53100fcc0eae,bd8b1851-7af7-413e-881b-50fae521da25,7,0,3000,0,,False,2026-02-15T17:10:07.443067,2026-02-15T17:10:07.443067
b431465d-1433-4dc4-b449-11310bf5e1a7,bd8b1851-7af7-413e-881b-50fae521da25,10,0,3000,0,,False,2026-02-15T17:10:07.443067,2026-02-15T17:10:07.443067
7491b0a1-fb5e-4823-bfa3-2dae72ee5e60,bd8b1851-7af7-413e-881b-50fae521da25,11,0,3000,0,,False,2026-02-15T17:10:07.443067,2026-02-15T17:10:07.443067
e7c74e71-c52a-4707-ab5c-7f28cb5ae0a8,ac5aa76a-4b89-43f9-83a0-0b7643666ece,8,6,3000,18000,,False,2026-02-15T17:10:07.443067,2026-02-15T17:10:07.443067
6f456b6d-8c22-41d7-835f-3384c3f718bf,d7fb8f22-1aa2-461f-b75d-f743105c3890,11,0,3000,0,,False,2026-02-15T17:10:07.443067,2026-02-15T17:10:07.443067
56e5ee87-04f0-4a70-b299-ac3def3d5c29,d7fb8f22-1aa2-461f-b75d-f743105c3890,6,0,5000,0,,False,2026-02-15T17:10:07.443067,2026-02-15T17:10:07.443067
3c828051-efda-4ce9-9998-081a58de0eba,59d650e3-89e3-4927-bc19-21244fc776c9,1,10,1200,12000,,False,2026-02-15T17:10:07.443067,2026-02-15T17:10:07.443067
8db8cf5b-3c8f-4887-83f5-46e0b49f485a,59d650e3-89e3-4927-bc19-21244fc776c9,3,1,3000,3000,,False,2026-02-15T17:10:07.443067,2026-02-15T17:10:07.443067
32324f52-a190-4860-95c9-bb0d5d73c2b9,59d650e3-89e3-4927-bc19-21244fc776c9,4,1,3000,3000,,False,2026-02-15T17:10:07.443067,2026-02-15T17:10:07.443067
814f0183-e435-49b4-ac2a-3aecb90c4d62,59d650e3-89e3-4927-bc19-21244fc776c9,8,3,3000,9000,,False,2026-02-15T17:10:07.443067,2026-02-15T17:10:07.443067
43edf892-47b1-477e-a54b-fa8b4afee68f,49bfa561-04dc-4358-8e44-dab49ef4870a,4,3,3000,9000,,False,2026-02-15T17:10:07.443067,2026-02-15T17:10:07.443067
affe8151-ecdc-4215-9cc7-f7624e7af0ef,49bfa561-04dc-4358-8e44-dab49ef4870a,5,2,3500,7000,,False,2026-02-15T17:10:07.443067,2026-02-15T17:10:07.443067
796ad1ad-a2aa-4cdb-8a48-587f1c1f9ed6,49bfa561-04dc-4358-8e44-dab49ef4870a,7,2,3000,6000,,False,2026-02-15T17:10:07.444066,2026-02-15T17:10:07.444066
3782cf33-d75a-4585-8d71-deacc017da89,49bfa561-04dc-4358-8e44-dab49ef4870a,38,2,2500,5000,,False,2026-02-15T17:10:07.444066,2026-02-15T17:10:07.444066
ecbf0f46-757b-4a78-90b6-141418898196,624a3f95-09f0-483e-9daa-cfb097f88d97,3,1,3000,3000,,False,2026-02-15T17:10:07.444066,2026-02-15T17:10:07.444066
f251e21e-4f6f-4d77-80b7-c915452d3802,e969ea01-5a81-4630-a6be-7070c8336d5c,39,2,2500,5000,,False,2026-02-15T17:10:07.444066,2026-02-15T17:10:07.444066
dec3cb36-f911-460b-b791-6df190206452,184ea11b-151e-4c75-88f6-dd2c58396b73,1,15,1200,18000,,False,2026-02-15T17:10:07.444066,2026-02-15T17:10:07.444066
a06733de-11f1-4a96-b785-c75a596c49d3,184ea11b-151e-4c75-88f6-dd2c58396b73,2,12,3000,36000,,False,2026-02-15T17:10:07.444066,2026-02-15T17:10:07.444066
630a55d3-a3aa-4744-814e-158d640fc7a1,184ea11b-151e-4c75-88f6-dd2c58396b73,3,3,3000,9000,,False,2026-02-15T17:10:07.444066,2026-02-15T17:10:07.444066
aa62478d-2d9d-4e32-948c-337defc28a53,184ea11b-151e-4c75-88f6-dd2c58396b73,4,3,3000,9000,,False,2026-02-15T17:10:07.444066,2026-02-15T17:10:07.444066
9b36bd23-8b67-4c36-a746-76582b494a6b,184ea11b-151e-4c75-88f6-dd2c58396b73,7,1,3000,3000,,False,2026-02-15T17:10:07.444066,2026-02-15T17:10:07.444066
4bd4c1a5-fc42-47c2-9dab-4b35b46fb98c,184ea11b-151e-4c75-88f6-dd2c58396b73,8,12,3000,36000,,False,2026-02-15T17:10:07.444066,2026-02-15T17:10:07.444066
f42a6dd6-f25d-49c9-90e3-44d1808693c1,184ea11b-151e-4c75-88f6-dd2c58396b73,9,4,3000,12000,,False,2026-02-15T17:10:07.444066,2026-02-15T17:10:07.444066
34e3d94b-bc9f-4316-b02b-406f82854843,08c63af0-60f5-4465-a0b9-a8787d31cdb6,1,12,1200,14400,,False,2026-02-15T17:10:07.444066,2026-02-15T17:10:07.444066
9a11ffb6-e711-4023-9463-cec95f8b4e80,08c63af0-60f5-4465-a0b9-a8787d31cdb6,3,2,3000,6000,,False,2026-02-15T17:10:07.444066,2026-02-15T17:10:07.444066
6258c147-3661-419b-ace8-8f52c4433a48,08c63af0-60f5-4465-a0b9-a8787d31cdb6,4,2,3000,6000,,False,2026-02-15T17:10:07.444066,2026-02-15T17:10:07.444066
fa4780d2-fb5c-41f5-8e5e-bf62f13cd652,08c63af0-60f5-4465-a0b9-a8787d31cdb6,38,1,2500,2500,,False,2026-02-15T17:10:07.444066,2026-02-15T17:10:07.444066
e937f2f6-8885-4817-920e-353df8384155,08c63af0-60f5-4465-a0b9-a8787d31cdb6,39,2,2500,5000,,False,2026-02-15T17:10:07.444066,2026-02-15T17:10:07.444066
a4641aa3-c60a-400a-b3ef-d112c0af8523,08c63af0-60f5-4465-a0b9-a8787d31cdb6,8,18,3000,54000,,False,2026-02-15T17:10:07.444066,2026-02-15T17:10:07.444066
0529476b-958e-4d40-93d2-1e6d3f996a01,70c1b50a-bcdc-47cf-87c9-3011a089d8be,1,5,1200,6000,,False,2026-02-15T17:10:07.444066,2026-02-15T17:10:07.444066
f6a420e8-3100-4081-8e0a-e79cd76f8726,70c1b50a-bcdc-47cf-87c9-3011a089d8be,2,2,3000,6000,,False,2026-02-15T17:10:07.444066,2026-02-15T17:10:07.444066
92bc8b4c-1377-446d-b65f-81a96d0c2913,70c1b50a-bcdc-47cf-87c9-3011a089d8be,8,7,3000,21000,,False,2026-02-15T17:10:07.444066,2026-02-15T17:10:07.444066
4c2f7cb7-531a-44be-a77e-9c4bc2dbd560,70c1b50a-bcdc-47cf-87c9-3011a089d8be,11,1,3000,3000,,False,2026-02-15T17:10:07.444066,2026-02-15T17:10:07.444066
2185a2db-27aa-47d6-a7d6-bfa699029aa6,70c1b50a-bcdc-47cf-87c9-3011a089d8be,38,1,2500,2500,,False,2026-02-15T17:10:07.444066,2026-02-15T17:10:07.444066
5f880a83-d138-4785-aa57-9eb42a2eb437,70c1b50a-bcdc-47cf-87c9-3011a089d8be,39,1,2500,2500,,False,2026-02-15T17:10:07.444066,2026-02-15T17:10:07.444066
0b1a32e4-3b81-4fff-972f-13930d734180,70c1b50a-bcdc-47cf-87c9-3011a089d8be,14,2,5000,10000,,False,2026-02-15T17:10:07.444066,2026-02-15T17:10:07.444066
dcf70b8e-5dcf-40d6-8821-a6b0c3cb2efa,22ea77a8-8b38-4894-84d9-a1faaa03fc28,1,18,1200,21600,,False,2026-02-15T17:10:07.444066,2026-02-15T17:10:07.444066
fecb78d1-19f1-4484-8d6c-a5ce0eee44d1,22ea77a8-8b38-4894-84d9-a1faaa03fc28,6,5,5000,25000,,False,2026-02-15T17:10:07.444066,2026-02-15T17:10:07.444066
4786e411-c848-4f11-baaf-3f73e2defef6,22ea77a8-8b38-4894-84d9-a1faaa03fc28,7,2,3000,6000,,False,2026-02-15T17:10:07.444066,2026-02-15T17:10:07.444066
52d3ff9b-8fb0-47c7-8b06-afcfecda5a0f,22ea77a8-8b38-4894-84d9-a1faaa03fc28,8,6,3000,18000,,False,2026-02-15T17:10:07.444066,2026-02-15T17:10:07.444066
3a05f3b6-7139-4305-be28-aafacd8f2e89,82b243fc-003c-439c-aa0d-7fd2284ddc58,2,6,3000,18000,,False,2026-02-15T17:10:07.444066,2026-02-15T17:10:07.444066
ac63fa7e-da18-4ac2-9c68-28d4d1265a49,82b243fc-003c-439c-aa0d-7fd2284ddc58,3,3,3000,9000,,False,2026-02-15T17:10:07.444066,2026-02-15T17:10:07.444066
d7f5cb10-5f1b-4eb5-9ca5-7060f0bd764a,82b243fc-003c-439c-aa0d-7fd2284ddc58,4,3,3000,9000,,False,2026-02-15T17:10:07.444066,2026-02-15T17:10:07.444066
5065b5e4-e3b9-4382-99ce-71037f6b8a33,82b243fc-003c-439c-aa0d-7fd2284ddc58,7,6,3000,18000,,False,2026-02-15T17:10:07.444066,2026-02-15T17:10:07.444066
79034a2f-a0a4-42df-b2cb-9f7d178b0efc,82b243fc-003c-439c-aa0d-7fd2284ddc58,8,6,3000,18000,,False,2026-02-15T17:10:07.444066,2026-02-15T17:10:07.444066
6521b961-7626-4deb-84f9-d7c508aa2634,82b243fc-003c-439c-aa0d-7fd2284ddc58,38,2,2500,5000,,False,2026-02-15T17:10:07.444066,2026-02-15T17:10:07.444066
9c9f29f1-c69e-4d21-9105-c0ab8346c579,82b243fc-003c-439c-aa0d-7fd2284ddc58,39,2,2500,5000,,False,2026-02-15T17:10:07.444066,2026-02-15T17:10:07.444066
629fa23e-c3d8-41b6-8165-ae61fa0b86fe,82b243fc-003c-439c-aa0d-7fd2284ddc58,14,1,5000,5000,,False,2026-02-15T17:10:07.444066,2026-02-15T17:10:07.444066
c8e2828f-c9f4-5dd5-a814-63e8279465c8,5312cdfe-31e2-5f16-a835-be12762b783a,4,2,3000,6000,,False,2026-02-15T17:10:07.444066,2026-02-15T17:10:07.444066
4e82cea5-652f-5556-bdbb-42a96cbcd4ce,5312cdfe-31e2-5f16-a835-be12762b783a,1,1,1200,1200,,False,2026-02-15T17:10:07.444066,2026-02-15T17:10:07.444066
7c696e0f-6732-52bc-9ba3-0b8f4fddbc48,5312cdfe-31e2-5f16-a835-be12762b783a,7,1,3000,3000,,False,2026-02-15T17:10:07.444066,2026-02-15T17:10:07.444066
1dd6ecdc-97e6-58ab-b3a5-671883fbc033,5312cdfe-31e2-5f16-a835-be12762b783a,8,1,3000,3000,,False,2026-02-15T17:10:07.444066,2026-02-15T17:10:07.444066
b734a009-413c-4171-8c9b-2422555e1435,4c37d22e-ea8d-4bb1-94e3-5049cddc84ba,14,1,5000,5000,,False,2026-02-15T17:10:07.444066,2026-02-15T17:10:07.444066
44f26bd0-1442-4876-9523-393fead78984,4c37d22e-ea8d-4bb1-94e3-5049cddc84ba,15,1,3000,3000,,False,2026-02-15T17:10:07.444066,2026-02-15T17:10:07.444066
3aa914b0-2bbf-40d4-869d-ca8a0c001f36,4c37d22e-ea8d-4bb1-94e3-5049cddc84ba,17,1,3000,3000,,False,2026-02-15T17:10:07.444066,2026-02-15T17:10:07.444066
4ad48fb3-6f1c-4f88-9c3a-f29619986847,ed46f4b7-f934-4e8a-952a-3dea24a9c85c,15,1,3000,3000,,False,2026-02-15T17:10:07.444066,2026-02-15T17:10:07.444066
db9b0656-0bae-4582-b4bf-598e61a25bf7,48aac5ec-3cb2-40b1-9af4-fbe2428a2bd0,4,3,3000,9000,,False,2026-02-15T17:10:07.444066,2026-02-15T17:10:07.444066
4df9f4b7-ea06-4be0-9bc3-eda9367f1fd6,48aac5ec-3cb2-40b1-9af4-fbe2428a2bd0,39,1,2500,2500,,False,2026-02-15T17:10:07.444066,2026-02-15T17:10:07.444066
dfe019bc-9e87-4cc4-8daa-88e117a6f56b,48aac5ec-3cb2-40b1-9af4-fbe2428a2bd0,14,1,5000,5000,,False,2026-02-15T17:10:07.444066,2026-02-15T17:10:07.444066
ff06d3f5-7e7a-4db7-a61d-98ede3649404,26f8b794-3bea-49a1-b067-a6f0fe9bdee6,1,2,1200,2400,,False,2026-02-15T17:10:07.444066,2026-02-15T17:10:07.444066
da3975e0-2693-48fe-99a5-d88347ccfb5f,26f8b794-3bea-49a1-b067-a6f0fe9bdee6,2,1,3000,3000,,False,2026-02-15T17:10:07.444066,2026-02-15T17:10:07.444066
286ba2d4-91ea-43c5-b852-24857aef1877,26f8b794-3bea-49a1-b067-a6f0fe9bdee6,3,2,3000,6000,,False,2026-02-15T17:10:07.444066,2026-02-15T17:10:07.444066
91657b0a-fee3-4f3d-b212-f25e9d820d22,26f8b794-3bea-49a1-b067-a6f0fe9bdee6,5,1,3500,3500,,False,2026-02-15T17:10:07.444066,2026-02-15T17:10:07.444066
088183b7-5fc3-4155-a417-e5b4963a2b51,26f8b794-3bea-49a1-b067-a6f0fe9bdee6,6,1,5000,5000,,False,2026-02-15T17:10:07.444066,2026-02-15T17:10:07.444066
0ed3572d-cfb8-461d-99e5-8105909ccf1a,26f8b794-3bea-49a1-b067-a6f0fe9bdee6,8,5,3000,15000,,False,2026-02-15T17:10:07.444066,2026-02-15T17:10:07.444066
b4d4e083-e575-473b-8462-8d975e5dba72,26f8b794-3bea-49a1-b067-a6f0fe9bdee6,11,1,3000,3000,,False,2026-02-15T17:10:07.444066,2026-02-15T17:10:07.444066
3887be87-d32c-4685-9d01-06e6434cda64,4c8524f8-b922-445d-a711-80f9f6ed8ac6,1,24,1200,28800,,False,2026-02-15T17:10:07.444066,2026-02-15T17:10:07.444066
ab16648e-a3f6-48a4-b99a-4852e71d56d1,4c8524f8-b922-445d-a711-80f9f6ed8ac6,2,6,3000,18000,,False,2026-02-15T17:10:07.444066,2026-02-15T17:10:07.444066
b809826f-c0e0-4bbf-b276-dc13db965705,4c8524f8-b922-445d-a711-80f9f6ed8ac6,3,6,3000,18000,,False,2026-02-15T17:10:07.444066,2026-02-15T17:10:07.444066
a73248cc-50dd-4dd0-a5e2-3892bf7f3124,4c8524f8-b922-445d-a711-80f9f6ed8ac6,4,2,3000,6000,,False,2026-02-15T17:10:07.444066,2026-02-15T17:10:07.444066
4d47e8a7-5dfd-4fd9-ab85-b30ac7c5d22b,4c8524f8-b922-445d-a711-80f9f6ed8ac6,5,3,3500,10500,,False,2026-02-15T17:10:07.444066,2026-02-15T17:10:07.444066
00f07ee1-0569-470c-bd10-c9472c15c3b8,4c8524f8-b922-445d-a711-80f9f6ed8ac6,8,12,3000,36000,,False,2026-02-15T17:10:07.444066,2026-02-15T17:10:07.444066
e5a54c23-af1c-4169-bce6-f819bf303fed,4c8524f8-b922-445d-a711-80f9f6ed8ac6,10,1,3000,3000,,False,2026-02-15T17:10:07.444066,2026-02-15T17:10:07.444066
2c6e6a9f-0ffd-431c-8288-e29f82ffd588,96e8c3dd-29cd-48ac-9697-f1665706f7ea,4,2,3000,6000,,False,2026-02-15T17:10:07.444066,2026-02-15T17:10:07.444066
a8ccc93b-b95f-4492-bcf9-0616c565126f,96e8c3dd-29cd-48ac-9697-f1665706f7ea,39,3,2500,7500,,False,2026-02-15T17:10:07.444066,2026-02-15T17:10:07.444066
315458b3-00cd-401b-a5f3-b79f6524baac,96e8c3dd-29cd-48ac-9697-f1665706f7ea,14,1,5000,5000,,False,2026-02-15T17:10:07.444066,2026-02-15T17:10:07.444066
4f90ef3c-9951-4387-bc09-3acbfae4dbee,d20983ab-086c-4d97-9130-d642bbe577b7,1,1,1200,1200,,False,2026-02-15T17:10:07.444066,2026-02-15T17:10:07.444066
531c9c56-d611-4d6a-8ca5-763d8f46f700,d20983ab-086c-4d97-9130-d642bbe577b7,2,1,3000,3000,,False,2026-02-15T17:10:07.444066,2026-02-15T17:10:07.444066
44aabc4b-4098-4c97-ab42-651aaedaa8bb,d20983ab-086c-4d97-9130-d642bbe577b7,3,1,3000,3000,,False,2026-02-15T17:10:07.444066,2026-02-15T17:10:07.444066
4fdd67d7-6df3-4198-bec7-0b262d8c62ee,d20983ab-086c-4d97-9130-d642bbe577b7,7,1,3000,3000,,False,2026-02-15T17:10:07.444066,2026-02-15T17:10:07.444066
203a4f4b-2384-4634-b689-a328fb1b4f41,d20983ab-086c-4d97-9130-d642bbe577b7,8,2,3000,6000,,False,2026-02-15T17:10:07.444066,2026-02-15T17:10:07.444066
796c9179-0ff5-4fb3-9b13-b2f18851378d,d20983ab-086c-4d97-9130-d642bbe577b7,11,1,3000,3000,,False,2026-02-15T17:10:07.444066,2026-02-15T17:10:07.444066
d5949049-0285-48dd-9791-101896152020,c91cdd25-ee65-4286-be16-1fad28a28e9e,1,6,1200,7200,,False,2026-02-15T17:10:07.444066,2026-02-15T17:10:07.444066
368649a7-e990-4e0a-b396-c64e8b9deb53,c91cdd25-ee65-4286-be16-1fad28a28e9e,2,6,3000,18000,,False,2026-02-15T17:10:07.444066,2026-02-15T17:10:07.444066
56eee35e-4216-4903-a1b0-c0c1cb4cd789,c91cdd25-ee65-4286-be16-1fad28a28e9e,4,2,3000,6000,,False,2026-02-15T17:10:07.444066,2026-02-15T17:10:07.444066
6b32635f-ea9d-4d8e-aa0d-188bf1b3e241,c91cdd25-ee65-4286-be16-1fad28a28e9e,8,18,3000,54000,,False,2026-02-15T17:10:07.444066,2026-02-15T17:10:07.444066
a864a151-4e26-4b0f-9f7f-7c523d654906,ec30a56a-2120-43dd-8721-c84194a7d91d,1,12,1200,14400,,False,2026-02-15T17:10:07.444066,2026-02-15T17:10:07.444066
fc96db05-d72d-4c9e-9a5a-387001243512,ec30a56a-2120-43dd-8721-c84194a7d91d,2,6,3000,18000,,False,2026-02-15T17:10:07.444066,2026-02-15T17:10:07.444066
d162a8ab-1fa0-43d9-b8de-6df75a367d40,ec30a56a-2120-43dd-8721-c84194a7d91d,3,6,3000,18000,,False,2026-02-15T17:10:07.444066,2026-02-15T17:10:07.444066
41d0c7f4-ea55-492e-8d50-06b78bba8b70,ec30a56a-2120-43dd-8721-c84194a7d91d,4,6,3000,18000,,False,2026-02-15T17:10:07.444066,2026-02-15T17:10:07.444066
2f40dae9-fc29-418c-b209-e40d80c28709,ec30a56a-2120-43dd-8721-c84194a7d91d,8,12,3000,36000,,False,2026-02-15T17:10:07.444066,2026-02-15T17:10:07.444066
69a65d92-fa34-4ffc-a46c-83d8e62be2ad,ec30a56a-2120-43dd-8721-c84194a7d91d,38,3,2500,7500,,False,2026-02-15T17:10:07.444066,2026-02-15T17:10:07.444066
980e556b-86ef-4f13-930a-417330719e49,ec30a56a-2120-43dd-8721-c84194a7d91d,39,3,2500,7500,,False,2026-02-15T17:10:07.444066,2026-02-15T17:10:07.444066
353996c6-f338-4155-8b43-45a2e98f1a51,30dca461-40d2-4fba-8aca-3b98b350e80f,10,1,3000,3000,,False,2026-02-15T17:10:07.444066,2026-02-15T17:10:07.444066
67ca57db-472a-4a8a-a4d2-b7e665c63240,30dca461-40d2-4fba-8aca-3b98b350e80f,8,5,3000,15000,,False,2026-02-15T17:10:07.444066,2026-02-15T17:10:07.444066
2e36ab5a-03ae-4602-93c7-51cb7ea45bd0,30dca461-40d2-4fba-8aca-3b98b350e80f,14,2,5000,10000,,False,2026-02-15T17:10:07.444066,2026-02-15T17:10:07.444066
75b4a5cf-5f0e-4b7a-a341-590ccbb0230c,d30bce15-665b-4fd7-bed0-80006b5eb70b,11,0,3000,0,,False,2026-02-15T17:10:07.444066,2026-02-15T17:10:07.444066
1dbeba17-71ec-4932-a070-5d0869dc758d,d30bce15-665b-4fd7-bed0-80006b5eb70b,38,0,2500,0,,False,2026-02-15T17:10:07.444066,2026-02-15T17:10:07.444066
7c69ed2b-c4b5-4b77-ae1c-aad832a5da4a,d30bce15-665b-4fd7-bed0-80006b5eb70b,14,0,5000,0,,False,2026-02-15T17:10:07.444066,2026-02-15T17:10:07.444066
d17cc20c-0ca9-48b4-80b1-2061ebe9c6e7,f2bce189-440a-4a10-942a-0ee9403a5484,14,2,5000,10000,,False,2026-02-15T17:10:07.444066,2026-02-15T17:10:07.444066
2c1a6a96-5fd8-45ce-b0d1-ed929d3f52af,90e28715-c63f-4cd0-8154-08a9de68ae5e,1,5,1200,6000,,False,2026-02-15T17:10:07.444066,2026-02-15T17:10:07.444066
1ef01644-c005-4b49-a804-f2173e3225c1,90e28715-c63f-4cd0-8154-08a9de68ae5e,3,1,3000,3000,,False,2026-02-15T17:10:07.444066,2026-02-15T17:10:07.444066
b2196989-4c8a-4bdc-8f24-ae793f958799,90e28715-c63f-4cd0-8154-08a9de68ae5e,4,4,3000,12000,,False,2026-02-15T17:10:07.444066,2026-02-15T17:10:07.444066
5062de79-15eb-4320-8bf8-6633a9cfa697,90e28715-c63f-4cd0-8154-08a9de68ae5e,7,2,3000,6000,,False,2026-02-15T17:10:07.444066,2026-02-15T17:10:07.444066
9e6a3819-7861-4613-95f6-3679df9594e0,90e28715-c63f-4cd0-8154-08a9de68ae5e,8,6,3000,18000,,False,2026-02-15T17:10:07.444066,2026-02-15T17:10:07.444066
d4e30820-5c9c-4613-906e-c08437b9e812,90e28715-c63f-4cd0-8154-08a9de68ae5e,9,1,3000,3000,,False,2026-02-15T17:10:07.444066,2026-02-15T17:10:07.444066
0b5fd2cc-3cf1-4a5e-a3e4-666bb5afdca6,90e28715-c63f-4cd0-8154-08a9de68ae5e,15,1,3000,3000,,False,2026-02-15T17:10:07.444066,2026-02-15T17:10:07.444066
f25b6438-5bd0-41b9-a0ab-1123087ffaa7,3f64a222-204f-418e-9658-bb07a754579d,1,9,1200,10800,,False,2026-02-15T17:10:07.444066,2026-02-15T17:10:07.444066
da2da482-8ae5-4061-a2b0-6c6a42f43150,3f64a222-204f-418e-9658-bb07a754579d,2,1,3000,3000,,False,2026-02-15T17:10:07.444066,2026-02-15T17:10:07.444066
6370afa1-745a-4633-8b1f-93256143d2c2,3f64a222-204f-418e-9658-bb07a754579d,3,2,3000,6000,,False,2026-02-15T17:10:07.444066,2026-02-15T17:10:07.444066
d5201325-b677-4f21-87a3-0578658f7939,3f64a222-204f-418e-9658-bb07a754579d,4,6,3000,18000,,False,2026-02-15T17:10:07.444066,2026-02-15T17:10:07.444066
79081eaf-fe87-48b3-a15a-926a8d471b8b,3f64a222-204f-418e-9658-bb07a754579d,5,3,3500,10500,,False,2026-02-15T17:10:07.444066,2026-02-15T17:10:07.444066
88f42940-5b83-43d4-b6f1-d97f05eb8174,3f64a222-204f-418e-9658-bb07a754579d,7,7,3000,21000,,False,2026-02-15T17:10:07.444066,2026-02-15T17:10:07.444066
ce7762d6-77e0-4b39-aeeb-b3dbc5d186ae,3f64a222-204f-418e-9658-bb07a754579d,8,7,3000,21000,,False,2026-02-15T17:10:07.444066,2026-02-15T17:10:07.444066
b3e4dbdd-078a-474d-8580-2ddf558b85bd,deca21be-37a5-4d55-8bf2-a2e3d8d6acd6,3,24,3000,72000,,False,2026-02-15T17:10:07.444066,2026-02-15T17:10:07.444066
8b8c3bab-37f2-48b8-b123-007956225e46,deca21be-37a5-4d55-8bf2-a2e3d8d6acd6,4,24,3000,72000,,False,2026-02-15T17:10:07.444066,2026-02-15T17:10:07.444066
030af8cc-8251-41c6-b188-421a1c51da02,deca21be-37a5-4d55-8bf2-a2e3d8d6acd6,7,18,3000,54000,,False,2026-02-15T17:10:07.444066,2026-02-15T17:10:07.444066
1d13b7fe-d003-4036-bf81-4fb58b7ee13c,deca21be-37a5-4d55-8bf2-a2e3d8d6acd6,8,42,3000,126000,,False,2026-02-15T17:10:07.445067,2026-02-15T17:10:07.445067
a0b031a8-8d39-4ea6-9113-390953d6ed02,deca21be-37a5-4d55-8bf2-a2e3d8d6acd6,38,7,2500,17500,,False,2026-02-15T17:10:07.445067,2026-02-15T17:10:07.445067
c0ac97fe-1d5e-4d35-bf7d-f014faf828c3,deca21be-37a5-4d55-8bf2-a2e3d8d6acd6,39,12,2500,30000,,False,2026-02-15T17:10:07.445067,2026-02-15T17:10:07.445067
bd2aa70c-63c4-4841-80ad-fb9f877ba2d1,deca21be-37a5-4d55-8bf2-a2e3d8d6acd6,14,12,5000,60000,,False,2026-02-15T17:10:07.445067,2026-02-15T17:10:07.445067
b2601e62-7fe1-46b8-b649-8bb404185699,42ca24ca-beba-4591-9972-78ea18e8a577,1,8,1200,9600,,False,2026-02-15T17:10:07.445067,2026-02-15T17:10:07.445067
fc505af5-97fc-4de8-8cab-425344e249b2,42ca24ca-beba-4591-9972-78ea18e8a577,2,4,3000,12000,,False,2026-02-15T17:10:07.445067,2026-02-15T17:10:07.445067
8bc6deb3-e78d-4f5f-be57-744c2b756838,42ca24ca-beba-4591-9972-78ea18e8a577,3,2,3000,6000,,False,2026-02-15T17:10:07.445067,2026-02-15T17:10:07.445067
89c66730-90d4-464b-939d-1ab2aa455b33,42ca24ca-beba-4591-9972-78ea18e8a577,4,2,3000,6000,,False,2026-02-15T17:10:07.445067,2026-02-15T17:10:07.445067
0ea15cf2-98e6-4fed-8c42-dcc738b16d78,42ca24ca-beba-4591-9972-78ea18e8a577,7,4,3000,12000,,False,2026-02-15T17:10:07.445067,2026-02-15T17:10:07.445067
dd948a83-81af-48c6-bbb0-9b7dd551c814,42ca24ca-beba-4591-9972-78ea18e8a577,8,5,3000,15000,,False,2026-02-15T17:10:07.445067,2026-02-15T17:10:07.445067
b6f607be-dffc-44cb-8766-46012bede78b,42ca24ca-beba-4591-9972-78ea18e8a577,38,1,2500,2500,,False,2026-02-15T17:10:07.445067,2026-02-15T17:10:07.445067
ff6818c6-a0c9-401e-8633-ef146829d4d2,187f068d-6931-4dfe-b474-c79f371eee4a,1,2,1200,2400,,False,2026-02-15T17:10:07.445067,2026-02-15T17:10:07.445067
51e6ce8b-f319-4cb5-a510-a18884d88516,187f068d-6931-4dfe-b474-c79f371eee4a,2,3,3000,9000,,False,2026-02-15T17:10:07.445067,2026-02-15T17:10:07.445067
bfabd252-054d-4105-ac2b-a5cfd191557e,187f068d-6931-4dfe-b474-c79f371eee4a,3,2,3000,6000,,False,2026-02-15T17:10:07.445067,2026-02-15T17:10:07.445067
40c89f67-a7b2-41ce-8dfb-230f8a0953c3,187f068d-6931-4dfe-b474-c79f371eee4a,14,2,5000,10000,,False,2026-02-15T17:10:07.445067,2026-02-15T17:10:07.445067
4a10cb15-ede0-4395-844f-be96f8d659d3,3004456a-f107-444b-aaec-988407b8e30f,39,1,2500,2500,,False,2026-02-15T17:10:07.445067,2026-02-15T17:10:07.445067
eb7d27bb-ed65-4396-ac12-711d61860ef3,436c0746-5787-40ae-a78c-50b5c8cb25d7,1,6,1200,7200,,False,2026-02-15T17:10:07.445067,2026-02-15T17:10:07.445067
ed9e9ff6-bd3d-4766-92dd-7052c003f976,436c0746-5787-40ae-a78c-50b5c8cb25d7,2,1,3000,3000,,False,2026-02-15T17:10:07.445067,2026-02-15T17:10:07.445067
04cba171-dbd2-43bf-8449-c383b6beadc5,436c0746-5787-40ae-a78c-50b5c8cb25d7,3,3,3000,9000,,False,2026-02-15T17:10:07.445067,2026-02-15T17:10:07.445067
5c2084b0-2e25-4e98-aa9d-e21e5e704139,436c0746-5787-40ae-a78c-50b5c8cb25d7,4,2,3000,6000,,False,2026-02-15T17:10:07.445067,2026-02-15T17:10:07.445067
5985351d-6a08-4321-b57c-9d92480d394f,436c0746-5787-40ae-a78c-50b5c8cb25d7,7,1,3000,3000,,False,2026-02-15T17:10:07.445067,2026-02-15T17:10:07.445067
f8378aad-57d8-4f88-9f13-8e3053664820,436c0746-5787-40ae-a78c-50b5c8cb25d7,8,5,3000,15000,,False,2026-02-15T17:10:07.445067,2026-02-15T17:10:07.445067
f7984407-bc74-42f1-9e4e-97d58828db08,436c0746-5787-40ae-a78c-50b5c8cb25d7,10,2,3000,6000,,False,2026-02-15T17:10:07.445067,2026-02-15T17:10:07.445067
ccd8f100-50c7-4aaa-ad23-6d0deba94e1d,7796da1d-0aa5-4a1c-917a-6b123bf230c2,8,2,3000,6000,,False,2026-02-15T17:10:07.445067,2026-02-15T17:10:07.445067
a9c8ed3e-6652-43f4-b7b1-a424396f47d3,0e63f709-ebca-45ee-a7b4-c9a45c2ce3bd,5,1,3500,3500,,False,2026-02-15T17:10:07.445067,2026-02-15T17:10:07.445067
a3092cc3-d118-4ba8-b0fe-f10d9c7d646e,0e63f709-ebca-45ee-a7b4-c9a45c2ce3bd,6,1,5000,5000,,False,2026-02-15T17:10:07.445067,2026-02-15T17:10:07.445067
d72e3a2d-e143-4773-af68-e27f3eece48c,0e63f709-ebca-45ee-a7b4-c9a45c2ce3bd,11,2,3000,6000,,False,2026-02-15T17:10:07.445067,2026-02-15T17:10:07.445067
4b20583e-7f0a-40fb-9368-2c1ff5ebb4a5,653415d3-221f-4615-9b91-b3439125316a,1,11,1200,13200,,False,2026-02-15T17:10:07.445067,2026-02-15T17:10:07.445067
f46c677d-274b-4036-9131-b0e83c625358,653415d3-221f-4615-9b91-b3439125316a,4,2,3000,6000,,False,2026-02-15T17:10:07.445067,2026-02-15T17:10:07.445067
141f3d4a-2177-44ea-8589-851d6f48dae4,653415d3-221f-4615-9b91-b3439125316a,8,6,3000,18000,,False,2026-02-15T17:10:07.445067,2026-02-15T17:10:07.445067
f44f18fd-04ea-4076-873e-1a265c72c31c,653415d3-221f-4615-9b91-b3439125316a,14,1,5000,5000,,False,2026-02-15T17:10:07.445067,2026-02-15T17:10:07.445067
f0311008-9825-4319-97dd-3a4da8d6f9b8,eadbb1ec-30a0-4b2f-ad3b-02e6adc75dfa,38,2,2500,5000,,False,2026-02-15T17:10:07.445067,2026-02-15T17:10:07.445067
8c235ca5-e38a-4670-bf35-fa6f17a13f2f,eadbb1ec-30a0-4b2f-ad3b-02e6adc75dfa,39,2,2500,5000,,False,2026-02-15T17:10:07.445067,2026-02-15T17:10:07.445067
e5957046-efad-42a9-a3f9-fcde0f549f20,eadbb1ec-30a0-4b2f-ad3b-02e6adc75dfa,11,2,3000,6000,,False,2026-02-15T17:10:07.445067,2026-02-15T17:10:07.445067
c8e94753-2bd7-4c19-8ca3-9314d97b5434,96205560-428b-4d82-9459-c0124e90d02a,1,3,1200,3600,,False,2026-02-15T17:10:07.445067,2026-02-15T17:10:07.445067
09dfe551-f358-4f9a-997a-962741c2120e,96205560-428b-4d82-9459-c0124e90d02a,2,2,3000,6000,,False,2026-02-15T17:10:07.445067,2026-02-15T17:10:07.445067
2f5042ad-2f9d-492e-abe9-c0225698d444,96205560-428b-4d82-9459-c0124e90d02a,3,1,3000,3000,,False,2026-02-15T17:10:07.445067,2026-02-15T17:10:07.445067
ce71ca8f-5417-4116-8c3c-e65a36814ed2,96205560-428b-4d82-9459-c0124e90d02a,4,1,3000,3000,,False,2026-02-15T17:10:07.445067,2026-02-15T17:10:07.445067
46d592de-8148-4318-8d91-1684f71a8879,96205560-428b-4d82-9459-c0124e90d02a,8,8,3000,24000,,False,2026-02-15T17:10:07.445067,2026-02-15T17:10:07.445067
72143720-ca5f-45a2-a6f8-29717b2df205,96205560-428b-4d82-9459-c0124e90d02a,39,1,2500,2500,,False,2026-02-15T17:10:07.445067,2026-02-15T17:10:07.445067
de02c249-9305-5c36-81c0-80ac3272398f,4c8524f8-b922-445d-a711-80f9f6ed8ac6,14,1,5000,5000,,False,2026-02-15T17:10:07.445067,2026-02-15T17:10:07.445067
99e730b4-793a-5912-9ed6-c55f6c888828,4c8524f8-b922-445d-a711-80f9f6ed8ac6,11,1,3000,3000,,False,2026-02-15T17:10:07.445067,2026-02-15T17:10:07.445067
359f6031-7d7d-58a6-bbd3-14b6f8c3f86c,4c8524f8-b922-445d-a711-80f9f6ed8ac6,38,1,2500,2500,,False,2026-02-15T17:10:07.445067,2026-02-15T17:10:07.445067
400984e9-d028-51c5-a735-478c3ee92fdb,12893a9a-2c40-5b4c-97fc-588ddb789418,10,1,3000,3000,,False,2026-02-15T17:10:07.445067,2026-02-15T17:10:07.445067
26894d67-6e28-58b5-ba32-940e1d20c464,12893a9a-2c40-5b4c-97fc-588ddb789418,5,3,3500,10500,,False,2026-02-15T17:10:07.445067,2026-02-15T17:10:07.445067
edd005c4-f6a6-55f2-ba0e-8200a7d72663,12893a9a-2c40-5b4c-97fc-588ddb789418,11,2,3000,6000,,False,2026-02-15T17:10:07.445067,2026-02-15T17:10:07.445067
ae5dcd4c-162a-5f8b-8c6a-927fc5f7e810,12893a9a-2c40-5b4c-97fc-588ddb789418,6,1,5000,5000,,False,2026-02-15T17:10:07.445067,2026-02-15T17:10:07.445067
3b89eb46-f77b-5ed0-866b-761e433dfd77,12893a9a-2c40-5b4c-97fc-588ddb789418,7,3,3000,9000,,False,2026-02-15T17:10:07.445067,2026-02-15T17:10:07.445067
d1dd2f48-7378-5710-a6dc-0d72243d6926,2ebe597b-3f9c-5327-8ecd-4010b136ddcb,6,3,5000,15000,,False,2026-02-15T17:10:07.445067,2026-02-15T17:10:07.445067
2ab546ff-0f59-5503-94f9-12263f75bf4e,2ebe597b-3f9c-5327-8ecd-4010b136ddcb,11,8,3000,24000,,False,2026-02-15T17:10:07.445067,2026-02-15T17:10:07.445067
3ada2500-bac6-4c8c-8c87-159aa7459198,116a9eb0-b50a-461f-9ead-0342e0796a89,8,6,3000,18000,,False,2026-02-15T17:10:07.445067,2026-02-15T17:10:07.445067
42048df1-d885-4e38-a616-a3f182723bae,116a9eb0-b50a-461f-9ead-0342e0796a89,1,24,1200,28800,,False,2026-02-15T17:10:07.445067,2026-02-15T17:10:07.445067
674231d8-1ede-489a-a06d-ceb3cfded70b,116a9eb0-b50a-461f-9ead-0342e0796a89,2,12,3000,36000,,False,2026-02-15T17:10:07.445067,2026-02-15T17:10:07.445067
9ac0743e-a088-4c9e-9242-25353cc20aa6,116a9eb0-b50a-461f-9ead-0342e0796a89,3,6,3000,18000,,False,2026-02-15T17:10:07.445067,2026-02-15T17:10:07.445067
8d0febea-9e33-4fac-8588-fb964689d0f9,116a9eb0-b50a-461f-9ead-0342e0796a89,4,12,3000,36000,,False,2026-02-15T17:10:07.445067,2026-02-15T17:10:07.445067
bdd7d4f4-544c-4197-bd3f-8915ac91f60d,116a9eb0-b50a-461f-9ead-0342e0796a89,8,30,3000,90000,,False,2026-02-15T17:10:07.445067,2026-02-15T17:10:07.445067
56f81025-c722-409a-8eb7-4e49e8041f6e,116a9eb0-b50a-461f-9ead-0342e0796a89,6,1,5000,5000,,False,2026-02-15T17:10:07.445067,2026-02-15T17:10:07.445067
382dc3d3-fe8a-467b-92ee-1f1a7963996e,eeb44752-e771-4cad-bc8a-deee366ffb4a,38,6,2500,15000,,False,2026-02-15T17:10:07.445067,2026-02-15T17:10:07.445067
1edc4fb0-86c8-4d36-a2d9-754091d7c964,eeb44752-e771-4cad-bc8a-deee366ffb4a,39,6,2500,15000,,False,2026-02-15T17:10:07.445067,2026-02-15T17:10:07.445067
d447fe26-a057-4606-a2bf-14f3662436a6,eeb44752-e771-4cad-bc8a-deee366ffb4a,8,6,3000,18000,,False,2026-02-15T17:10:07.445067,2026-02-15T17:10:07.445067
1a3adf76-28cd-4e08-8926-bf47dc567469,eeb44752-e771-4cad-bc8a-deee366ffb4a,1,12,1200,14400,,False,2026-02-15T17:10:07.445067,2026-02-15T17:10:07.445067
c6e6232e-00af-4181-ba55-ceddb9e4fe23,eeb44752-e771-4cad-bc8a-deee366ffb4a,3,6,3000,18000,,False,2026-02-15T17:10:07.445067,2026-02-15T17:10:07.445067
15caf4df-c4ae-483c-ab21-49032e4608fd,eeb44752-e771-4cad-bc8a-deee366ffb4a,4,3,3000,9000,,False,2026-02-15T17:10:07.445067,2026-02-15T17:10:07.445067
82a5a7ad-cf11-4f3c-b6f0-6d9b88a7892f,eeb44752-e771-4cad-bc8a-deee366ffb4a,5,1,3500,3500,,False,2026-02-15T17:10:07.445067,2026-02-15T17:10:07.445067
ee2bb452-8ec5-4841-b51f-0b9477eed190,50ecaf39-e564-49f9-91ec-9dafbc7369c9,8,12,3000,36000,,False,2026-02-15T17:10:07.445067,2026-02-15T17:10:07.445067
a72e9279-38ed-410a-b272-c3f54b35f62f,50ecaf39-e564-49f9-91ec-9dafbc7369c9,9,6,3000,18000,,False,2026-02-15T17:10:07.445067,2026-02-15T17:10:07.445067
795a1dbf-ac41-460e-aa4c-14ae6a4ee2c2,50ecaf39-e564-49f9-91ec-9dafbc7369c9,1,6,1200,7200,,False,2026-02-15T17:10:07.445067,2026-02-15T17:10:07.445067
976b8860-b0ae-4701-9fc8-b54f784d15e7,50ecaf39-e564-49f9-91ec-9dafbc7369c9,2,6,3000,18000,,False,2026-02-15T17:10:07.445067,2026-02-15T17:10:07.445067
25474a50-8165-4057-a610-455d8d9263cd,50ecaf39-e564-49f9-91ec-9dafbc7369c9,4,3,3000,9000,,False,2026-02-15T17:10:07.445067,2026-02-15T17:10:07.445067
cd1c9c1b-1499-4429-87df-901c9418782c,50ecaf39-e564-49f9-91ec-9dafbc7369c9,7,6,3000,18000,,False,2026-02-15T17:10:07.445067,2026-02-15T17:10:07.445067
6eb8fcbb-cd87-4dbf-b17b-5a2c42624710,50ecaf39-e564-49f9-91ec-9dafbc7369c9,14,3,5000,15000,,False,2026-02-15T17:10:07.445067,2026-02-15T17:10:07.445067
0b862743-5719-4ab0-8b57-2b831c00b733,a7f5c110-69e9-483c-bc12-505127abc816,1,24,1200,28800,,False,2026-02-15T17:10:07.445067,2026-02-15T17:10:07.445067
b1c7ce9a-120a-4145-ba5f-369fa370d859,a7f5c110-69e9-483c-bc12-505127abc816,2,6,3000,18000,,False,2026-02-15T17:10:07.445067,2026-02-15T17:10:07.445067
3d61c23d-00c8-48bf-9e40-5b3b318a7607,a7f5c110-69e9-483c-bc12-505127abc816,3,12,3000,36000,,False,2026-02-15T17:10:07.445067,2026-02-15T17:10:07.445067
a99feae5-1b84-4680-8507-7ff7d8f9c7c5,a7f5c110-69e9-483c-bc12-505127abc816,4,12,3000,36000,,False,2026-02-15T17:10:07.445067,2026-02-15T17:10:07.445067
e2c9d19c-1de8-4cdc-8ce0-7d2230ffe828,a7f5c110-69e9-483c-bc12-505127abc816,7,6,3000,18000,,False,2026-02-15T17:10:07.445067,2026-02-15T17:10:07.445067
3ea64046-4aa9-4398-9d35-fd6ae400c227,a7f5c110-69e9-483c-bc12-505127abc816,8,24,3000,72000,,False,2026-02-15T17:10:07.445067,2026-02-15T17:10:07.445067
a0f52533-984b-4dcd-b967-5e3108464b91,a7f5c110-69e9-483c-bc12-505127abc816,9,6,3000,18000,,False,2026-02-15T17:10:07.445067,2026-02-15T17:10:07.445067
afb41a22-ac34-43ae-ae44-31146d2e8179,7b9c4bde-d542-4b4f-bd76-3b37fed4f9f9,14,4,5000,20000,,False,2026-02-15T17:10:07.445067,2026-02-15T17:10:07.445067
86c86262-f8f5-431f-a55d-931a427c8f87,7b9c4bde-d542-4b4f-bd76-3b37fed4f9f9,6,2,5000,10000,,False,2026-02-15T17:10:07.445067,2026-02-15T17:10:07.445067
39036b5f-5610-4c27-a443-25ac2fe19561,7b9c4bde-d542-4b4f-bd76-3b37fed4f9f9,4,6,3000,18000,,False,2026-02-15T17:10:07.445067,2026-02-15T17:10:07.445067
bc2c861a-44de-451a-b96e-db851c0fe617,7b9c4bde-d542-4b4f-bd76-3b37fed4f9f9,7,6,3000,18000,,False,2026-02-15T17:10:07.445067,2026-02-15T17:10:07.445067
8d53a0ea-5f3a-460b-b73c-2d89a658db2c,7b9c4bde-d542-4b4f-bd76-3b37fed4f9f9,38,6,2500,15000,,False,2026-02-15T17:10:07.445067,2026-02-15T17:10:07.445067
efe75693-4449-4e45-8496-941b52747395,7b9c4bde-d542-4b4f-bd76-3b37fed4f9f9,39,6,2500,15000,,False,2026-02-15T17:10:07.445067,2026-02-15T17:10:07.445067
5a21a51d-8eb4-47b3-ab05-c164d80dc3c1,7b9c4bde-d542-4b4f-bd76-3b37fed4f9f9,14,1,5000,5000,,False,2026-02-15T17:10:07.445067,2026-02-15T17:10:07.445067
92939af5-d8a8-5bb9-a7a2-fab6cce35f90,187f068d-6931-4dfe-b474-c79f371eee4a,7,1,3000,3000,,False,2026-02-15T17:10:07.445067,2026-02-15T17:10:07.445067
222a8682-73c1-509d-b5ee-993594881c28,7a8e1359-6bb8-5960-b597-69e4947c78a3,39,1,2500,2500,,False,2026-02-15T17:10:07.445067,2026-02-15T17:10:07.445067
c64cce73-050c-5b82-8e4d-a6042c0e08cb,7a8e1359-6bb8-5960-b597-69e4947c78a3,3,1,3000,3000,,False,2026-02-15T17:10:07.445067,2026-02-15T17:10:07.445067
8856b3a6-6803-50a2-b725-1cd6b781415e,7a8e1359-6bb8-5960-b597-69e4947c78a3,8,4,3000,12000,,False,2026-02-15T17:10:07.445067,2026-02-15T17:10:07.445067
d75496a4-153d-4fe9-a810-a4229c9fc03f,bbcdc533-f986-4418-add5-6c4c2c2b2edb,8,12,3000,36000,,False,2026-02-15T17:10:07.445067,2026-02-15T17:10:07.445067
ae46ec4c-1b14-4e1c-b1fb-ede70d20103c,bbcdc533-f986-4418-add5-6c4c2c2b2edb,1,6,1200,7200,,False,2026-02-15T17:10:07.445067,2026-02-15T17:10:07.445067
e5b39595-127f-4dd5-a140-5b70d6e61a19,bbcdc533-f986-4418-add5-6c4c2c2b2edb,38,6,2500,15000,,False,2026-02-15T17:10:07.445067,2026-02-15T17:10:07.445067
ec09d5d2-ab61-42b6-a42e-a1619c32a7b7,bbcdc533-f986-4418-add5-6c4c2c2b2edb,2,6,3000,18000,,False,2026-02-15T17:10:07.445067,2026-02-15T17:10:07.445067
7fcd6870-35d9-4298-be01-76b4b1600282,bbcdc533-f986-4418-add5-6c4c2c2b2edb,8,6,3000,18000,,False,2026-02-15T17:10:07.445067,2026-02-15T17:10:07.445067
d8bdcfb2-5665-43e3-89fa-2ab53add56f7,bbcdc533-f986-4418-add5-6c4c2c2b2edb,7,3,3000,9000,,False,2026-02-15T17:10:07.445067,2026-02-15T17:10:07.445067
adfbbe25-5faa-4ab2-a6c7-f2b0209e7269,bbcdc533-f986-4418-add5-6c4c2c2b2edb,3,6,3000,18000,,False,2026-02-15T17:10:07.445067,2026-02-15T17:10:07.445067
