old_id,new_uuid
00083d68,44040587-cc8e-59b9-b6cc-4a6950ad9a34
0022e94c,23888731-818c-57f1-a5ed-1dfa8540a02e
003085aa,006ecb6f-5b91-5a3a-b8eb-865a165a4c61
009e7c2f-f01d-4aba-84d6-4d1913652d36,009e7c2f-f01d-4aba-84d6-4d1913652d36
00ab22f0,e0bfff52-ba3f-5973-84f6-3e62516cb166
00ca0ec7,eb5b272d-2908-549b-95e8-e7e46c57043e
00e2038b,6899b441-599a-5438-8a9c-9b40f46d8c18
00ef60b5-caf2-4912-b5d5-7cc4bf637ea7,00ef60b5-caf2-4912-b5d5-7cc4bf637ea7
00f07ee1-0569-470c-bd10-c9472c15c3b8,00f07ee1-0569-470c-bd10-c9472c15c3b8
0109d4a4,eb41f5ca-d868-5350-a243-773ca5e003a4
0146a89d,be3a629c-de99-52dc-998e-197666a0c3c9
016561f6,4e1617f0-4743-52da-baa6-e3651eda1d49
01bed708,b105eb42-1eb6-57d7-97a1-a71be615edf8
01cb70a7-380b-476d-82b0-b692b6da19a1,01cb70a7-380b-476d-82b0-b692b6da19a1
020455a3,967dad6e-2685-5381-82b5-0596ce1b1735
022716d3-65ce-4878-ac4e-b5055f3c8111,022716d3-65ce-4878-ac4e-b5055f3c8111
02562215-65e9-4292-b46c-c39e45a7df9f,02562215-65e9-4292-b46c-c39e45a7df9f
025a9afa-6493-4c78-917c-b23514432878,025a9afa-6493-4c78-917c-b23514432878
02635bea,c47f99ec-19b3-5383-8c19-6524423d35c5
027a2c2d-6338-4175-b6a2-50812d33a736,027a2c2d-6338-4175-b6a2-50812d33a736
028634d8,7c1123d0-3b02-5d42-9fb4-90f407ff4572
02b7ea1a,51256670-d163-5bd4-a961-8c40b71f2142
02c068e3-f0e4-41be-b8e1-5ecab9df66c4,02c068e3-f0e4-41be-b8e1-5ecab9df66c4
02e5aa42-001b-4610-b34b-3037b4b7acc5,02e5aa42-001b-4610-b34b-3037b4b7acc5
030af8cc-8251-41c6-b188-421a1c51da02,030af8cc-8251-41c6-b188-421a1c51da02
03109be9,50487120-5b07-5a48-9292-70ce727ac063
034112f3-ed2c-4508-bcd3-af9cfa76fa4b,034112f3-ed2c-4508-bcd3-af9cfa76fa4b
0359f3d6-125f-4ec0-ba16-f6f52484516f,0359f3d6-125f-4ec0-ba16-f6f52484516f
038a3828-2b31-4dc3-9ee6-3a4586547aee,038a3828-2b31-4dc3-9ee6-3a4586547aee
03af89e3,d9b0193e-6a8a-53c0-96b0-c3443ef5ddf4
03c98cc0-bff3-4f0d-b7db-b56d25e63908,03c98cc0-bff3-4f0d-b7db-b56d25e63908
03d8d077-7f7b-4121-9d65-0db6a2785e0e,03d8d077-7f7b-4121-9d65-0db6a2785e0e
0426bcd2,1a255ff1-edcb-587c-b0bd-4c48658a64bd
043d5ae8,292ccf95-7c02-5593-a5f6-550e2a2990f4
0449ef46,2bd4101b-4fa6-584c-97e8-3a3d40fcecd6
044d134f,5368e47a-7a35-5346-95c4-32aa1aaee3df
0458e2d6,c6805305-9ca4-5e26-9792-f4a6a20a1c1f
0461a68d-0694-4bf5-83d6-358b2d891e26,0461a68d-0694-4bf5-83d6-358b2d891e26
04837754-8ec7-4047-8f29-6046588444d2,04837754-8ec7-4047-8f29-6046588444d2
0494f6b2,e11c9219-aef0-5f15-9d0f-06b10a1f6b13
049d15dd-45aa-46a8-845b-ed54735eae57,049d15dd-45aa-46a8-845b-ed54735eae57
04a1a1e0,9d2a7a26-9172-5915-88e3-d9859f6ac352
04cba171-dbd2-43bf-8449-c383b6beadc5,04cba171-dbd2-43bf-8449-c383b6beadc5
04e210cf-7e5c-41ec-b1b8-9f021e2db1ec,04e210cf-7e5c-41ec-b1b8-9f021e2db1ec
04ece1f3,c95a91d8-2940-5a2c-b151-be1c19a2e2fb
04f92edb,a87897cc-b398-5e88-933c-cd64ae9fc91c
05106542-b732-427b-86cc-bcdbe73a42a5,05106542-b732-427b-86cc-bcdbe73a42a5
0529476b-958e-4d40-93d2-1e6d3f996a01,0529476b-958e-4d40-93d2-1e6d3f996a01
058991f4,89a5b38b-75e9-5413-9576-a60201cfaf16
05adb71f,c2553b28-3d57-510c-85b2-bcfe688aee00
05bdf3d9,e834aafb-fc13-5f97-b751-44020710b23d
05d28d8d,b914765f-7c38-5a9e-b132-e33f20632008
05e5ec9a,9e109667-9d12-5688-a3f1-495f704840d8
05f97c80-8c95-411f-9683-63d0f30a50d8,05f97c80-8c95-411f-9683-63d0f30a50d8
060d5a84,53600f94-1ed0-579f-9e61-04cecd3b621b
063c85be,18f436ba-0798-5b5b-9f01-2cfbec60e3d0
064806ac-2bd6-441f-98b4-57bab5532af1,064806ac-2bd6-441f-98b4-57bab5532af1
065b864e-558d-47ad-b0b8-03c66dc2c692,065b864e-558d-47ad-b0b8-03c66dc2c692
06617f35,b18c1e24-5089-57a7-a188-84e2c1e32dba
068938aa,79a91677-1c9a-5f0b-99fc-175cecf6e4e0
068eff83-9a4a-42bc-9c27-314270f4ba63,068eff83-9a4a-42bc-9c27-314270f4ba63
0696fafb,888217f1-6895-58d3-bb16-b32ed073919e
06b730c2,ecd447fa-7158-533a-90e0-44b796776c5f
06da8865-7292-4d57-887a-c84419cc4bbe,06da8865-7292-4d57-887a-c84419cc4bbe
0756168b-6082-4ad0-a184-025dcb441081,0756168b-6082-4ad0-a184-025dcb441081
0781e6e3-5ff5-4c3b-a7eb-933a431b9336,0781e6e3-5ff5-4c3b-a7eb-933a431b9336
07ac435c-3a9e-4e83-8315-0c5f80fb4170,07ac435c-3a9e-4e83-8315-0c5f80fb4170
07b0488b,fd6216e5-74d5-5c4f-8610-8090d828711b
07de8a84,98cdefa9-893c-51ac-adc8-1ef5871c2f8b
080411b9-566e-4626-918c-1b9e13306541,080411b9-566e-4626-918c-1b9e13306541
0814ebeb-18af-4848-b297-b161fd69ad66,0814ebeb-18af-4848-b297-b161fd69ad66
081fb93d-6cf4-495e-80e7-18bc98d5959e,081fb93d-6cf4-495e-80e7-18bc98d5959e
082a698e,7e978f37-7446-5908-86ed-4256ecadf218
0836c14a-89a8-41db-8f3a-fb2c7a9ba5ed,0836c14a-89a8-41db-8f3a-fb2c7a9ba5ed
08395205-25e6-4ec3-9cf0-7adeb5c3268d,08395205-25e6-4ec3-9cf0-7adeb5c3268d
0848027e,e331953d-2f96-54e5-bca6-218bbccdd12f
084c02c7,1e9ea233-9b53-5ebe-aa92-1245774cf08e
0855b2de-176d-4c92-b469-8616572a4d7f,0855b2de-176d-4c92-b469-8616572a4d7f
0855d620,11656607-9131-5f37-9723-bf7c408e8505
088183b7-5fc3-4155-a417-e5b4963a2b51,088183b7-5fc3-4155-a417-e5b4963a2b51
088e1fb8,21e4d44d-8047-5e08-94dd-0c249177d477
0894db86,0e0e846f-87ab-575b-ad90-189746f566d9
08c63af0-60f5-4465-a0b9-a8787d31cdb6,08c63af0-60f5-4465-a0b9-a8787d31cdb6
08e0c9e1-4a92-408c-857a-1401de51e508,08e0c9e1-4a92-408c-857a-1401de51e508
0902d44d-7793-433b-ab98-df1d0210b427,0902d44d-7793-433b-ab98-df1d0210b427
0940f382,1db267b1-e265-51ad-bfba-36187e4ad2ab
096a05d6,75ec1a73-5bb1-5a64-856d-9b088f941c70
096daeb6,415fb7fb-e6da-5d6f-88bf-06406e502ed8
0990a81b,ecc5a817-29f9-5e45-91ec-7fd260144bc4
0991c792-efad-44aa-940c-5ba880152f85,0991c792-efad-44aa-940c-5ba880152f85
0992ce88,df6826c3-24b2-5d20-b7e0-8a6481a082c0
099991f6-5efb-450e-8b97-47c63a830044,099991f6-5efb-450e-8b97-47c63a830044
09b54835-da34-43c8-af97-731f8de14908,09b54835-da34-43c8-af97-731f8de14908
09bda6bc,c36d10f4-3d0f-5cf9-91a7-9060243476f8
09c1e8e6-abce-4710-822e-44e4ead05d2f,09c1e8e6-abce-4710-822e-44e4ead05d2f
09cebe06,5fe5cba9-af17-5e89-9689-744ed567efa2
09d77771,229ea18a-1371-5014-b2ac-d082255fa84f
09db36d6,88c05397-5285-59ce-b432-0c8a14c4d7cf
09db8544,171b8c49-317f-5df5-9f2b-0ad5910a95b9
09dfe551-f358-4f9a-997a-962741c2120e,09dfe551-f358-4f9a-997a-962741c2120e
09e5d16e-f89a-4124-b9fd-95f2bcd94523,09e5d16e-f89a-4124-b9fd-95f2bcd94523
09f4ae91-686a-496e-a88f-d881fb3c044e,09f4ae91-686a-496e-a88f-d881fb3c044e
0a19b1cc,cc4403b5-44f6-5f86-8ec4-42fc9319a32e
0a3c7fe4-4b5c-41b0-8490-74bfc029b842,0a3c7fe4-4b5c-41b0-8490-74bfc029b842
0a5826e8,b1a27c71-3d0c-5fbd-8dd0-37288f7a33ec
0a621c69,099f97f5-f1c4-5cc2-9921-107af34f7bb1
0a6b5d80,fd8ef916-8974-5006-8ce5-9374231f4cfb
0a828d01-28d6-4979-a6c0-4aa407e61599,0a828d01-28d6-4979-a6c0-4aa407e61599
0a83860b-1f86-4245-bb1b-cc90c75a57d5,0a83860b-1f86-4245-bb1b-cc90c75a57d5
0a8c7213,fce6075f-3fd2-59dc-aadf-3515f391c261
0aa41d64,1240376c-3431-5910-8147-a267b0c08911
0aba925c-5fd5-4700-bf96-081567c207d1,0aba925c-5fd5-4700-bf96-081567c207d1
0ac3b5be-dc20-4913-a7dd-f417ac7609b0,0ac3b5be-dc20-4913-a7dd-f417ac7609b0
0adae088-053d-42fe-bc4f-a6ce086c25dd,0adae088-053d-42fe-bc4f-a6ce086c25dd
0ae1b11e,ac00d1fd-7be5-526e-b157-3087b5d56a2e
0ae421c5,33af9333-7d4e-5105-a8a9-e3784457cd58
0ae871dc,03af235d-78f7-5353-a02e-13a534bb96d5
0b19d315,bd711e4b-e0f2-5d41-b8f0-c4484ab8e488
0b1a32e4-3b81-4fff-972f-13930d734180,0b1a32e4-3b81-4fff-972f-13930d734180
0b1ddeed-167f-451f-b24f-1c9c2aae2d4f,0b1ddeed-167f-451f-b24f-1c9c2aae2d4f
0b2831b3,1c64182c-e55c-5dc8-80ca-1901feb96e81
0b52337c,99e730b4-793a-5912-9ed6-c55f6c888828
0b5fd2cc-3cf1-4a5e-a3e4-666bb5afdca6,0b5fd2cc-3cf1-4a5e-a3e4-666bb5afdca6
0b60b851,177232b5-2218-578e-af17-f09016da6d6b
0b862743-5719-4ab0-8b57-2b831c00b733,0b862743-5719-4ab0-8b57-2b831c00b733
0b91458f-3dd1-4b44-8296-da2373f3dad2,0b91458f-3dd1-4b44-8296-da2373f3dad2
0b9f2c85,87315e74-32a5-5909-8eaf-ecf5dd21e630
0ba6d79f-c363-4d45-abb0-4a47656a8dae,0ba6d79f-c363-4d45-abb0-4a47656a8dae
0bbf8c5b-4130-4d72-9bd1-7b879ad4aaba,0bbf8c5b-4130-4d72-9bd1-7b879ad4aaba
0bdc41da-4839-4d7a-a649-3e06b5a3d1c2,0bdc41da-4839-4d7a-a649-3e06b5a3d1c2
0be950c4,222a8682-73c1-509d-b5ee-993594881c28
0bee568f-188a-4058-84dd-2becd93445e2,0bee568f-188a-4058-84dd-2becd93445e2
0bf9803d-6561-4421-a45b-c006ea35a645,0bf9803d-6561-4421-a45b-c006ea35a645
0c057144,f7ee1833-e506-59c6-9d80-a6c3bf7bdfb8
0c0ac3cd-567a-4761-9867-2e9babc3190b,0c0ac3cd-567a-4761-9867-2e9babc3190b
0c1c868f-f4e2-4a8d-b502-be8656e518e0,0c1c868f-f4e2-4a8d-b502-be8656e518e0
0c27af24-62b3-4a9f-989c-9670114a0f63,0c27af24-62b3-4a9f-989c-9670114a0f63
0c2e699f,e334f8bc-2d47-5cfc-86c1-533cd8da8db4
0c41228f,93b25275-6700-5c67-9417-71e21dd1bd04
0c4bd7ca,d1dd2f48-7378-5710-a6dc-0d72243d6926
0c5255a9-e2f6-425e-bde0-61cef1f04155,0c5255a9-e2f6-425e-bde0-61cef1f04155
0c644970,3337f476-9dc6-5764-82a4-5a1015683ac3
0c676f6d-55a2-444b-b206-7731a81e0bfa,0c676f6d-55a2-444b-b206-7731a81e0bfa
0ca03ae5-f237-4090-adab-6e2f9e458992,0ca03ae5-f237-4090-adab-6e2f9e458992
0cad9edd,298742e7-0a2b-59cf-8afa-89de99e77c49
0cbfbbfe-f188-498a-abad-04687057bf94,0cbfbbfe-f188-498a-abad-04687057bf94
0cd84653-72a3-43ee-8982-399063687116,0cd84653-72a3-43ee-8982-399063687116
0ced6ad3,66f2d4e0-e7f5-5842-910f-fa539501d2b7
0cef3db5,d35c8b26-bea3-555b-9611-988251df2522
0d076e6f,3e9a6567-f9e9-5f07-9eb7-875a798a3981
0d089aad,7efd1069-edab-5968-a6ad-9d111771ca6c
0d3145c3-1154-4b1c-8c14-d003701dc00c,0d3145c3-1154-4b1c-8c14-d003701dc00c
0d33b745-c662-442c-b128-3d55c90d502e,0d33b745-c662-442c-b128-3d55c90d502e
0d36a3f5,cc6e035f-9e69-58cb-bde3-6cb678d6bfe5
0d84ef63-9b3c-4b55-b71c-174a7d7807fc,0d84ef63-9b3c-4b55-b71c-174a7d7807fc
0d867ba2-70ea-4d2d-a362-ccefc94939b0,0d867ba2-70ea-4d2d-a362-ccefc94939b0
0da1d434-a7bf-40af-b753-9ccb994eca98,0da1d434-a7bf-40af-b753-9ccb994eca98
0db07253,a59b6062-0adf-57d7-9007-774ed3717336
0dcadc1c,46985a10-4b90-5a80-bb09-a7b9b0f953d1
0dcd1cdf,87e2838a-4dad-5dc4-850d-2f4ada63be42
0e10fb9d-2792-4e55-9ee1-a9fb3832b8e3,0e10fb9d-2792-4e55-9ee1-a9fb3832b8e3
0e3049f2,8804814f-6fcb-5d0e-b6ec-85384a9d6a97
0e3fb0ab,5312cdfe-31e2-5f16-a835-be12762b783a
0e415d10-9044-42bf-91a4-d2a40751da18,0e415d10-9044-42bf-91a4-d2a40751da18
0e60e880,63540d34-134b-524f-9260-4b15367945a7
0e637e14-a8ab-446b-a611-3589d9c95485,0e637e14-a8ab-446b-a611-3589d9c95485
0e63f709-ebca-45ee-a7b4-c9a45c2ce3bd,0e63f709-ebca-45ee-a7b4-c9a45c2ce3bd
0e6c0f1b,d34b3f95-380b-5d7b-99c3-91b85a405bef
0e77f5cc-f632-4cf7-a3ee-aaf0ea947362,0e77f5cc-f632-4cf7-a3ee-aaf0ea947362
0e83790f-2a96-426b-9c79-0c96ef95e037,0e83790f-2a96-426b-9c79-0c96ef95e037
0e997c0b-7e98-49f8-9b9e-436ec669f830,0e997c0b-7e98-49f8-9b9e-436ec669f830
0ea15cf2-98e6-4fed-8c42-dcc738b16d78,0ea15cf2-98e6-4fed-8c42-dcc738b16d78
0eb2d7a9-689e-4c7f-8f19-e7b3c9a75d45,0eb2d7a9-689e-4c7f-8f19-e7b3c9a75d45
0ed3572d-cfb8-461d-99e5-8105909ccf1a,0ed3572d-cfb8-461d-99e5-8105909ccf1a
0ef03183,2a0d3366-68d6-5896-a1cb-2d9ab3dccae1
0ef105bf,e6449b41-bbf8-5c50-9957-33174b357755
0ef63612-2f56-41fa-8e00-dd9038581cda,0ef63612-2f56-41fa-8e00-dd9038581cda
0f1bc287-e80c-41c9-9a9b-ee1e6f388296,0f1bc287-e80c-41c9-9a9b-ee1e6f388296
0f2f0f81,f4ab3585-e562-5ac8-962b-24167fc0ea01
0f37c50c,b9195027-20e3-5208-aed2-01122b3717c0
0f6e4661-e49c-4e75-9ea0-db4e4d3455bf,0f6e4661-e49c-4e75-9ea0-db4e4d3455bf
0f8d421e,2bbb4a14-90f0-50a0-83ed-de8ac2a36e9d
0f930f51,150023bf-4155-510a-b0aa-e2278aaea1b5
0fdd88c8,cc7d295f-caae-56b5-aee4-66965c414ac8
0fe5fb42-89d3-4dc7-82e9-ecaa3f0fc2be,0fe5fb42-89d3-4dc7-82e9-ecaa3f0fc2be
0ff35c07,91cfcefe-fcc5-57c5-b556-7aee6f0056bc
0ff8a46f,33b89aae-9d76-57ed-99b0-c1b463b773fa
10169898,c760b0c8-649e-53aa-aaf1-d2dbf5bf76e2
101cf711-9f8a-4997-8ef8-0c9745f14b10,101cf711-9f8a-4997-8ef8-0c9745f14b10
101d751c-5d6a-4989-a579-5ce53620dc64,101d751c-5d6a-4989-a579-5ce53620dc64
101f36b3,43fae610-4b50-5887-9dfa-c27eebe0bd56
10470b8d,7469486b-ea58-5466-ba56-341541e4adcc
104edcd2-3311-4012-bd29-9249947d2e51,104edcd2-3311-4012-bd29-9249947d2e51
105a54a3-7514-4afc-97f8-0a59d3088879,105a54a3-7514-4afc-97f8-0a59d3088879
107f2779,fcd74530-430e-567b-8fe3-705a51280ef6
10eed52c,046d3bbd-e262-5702-856a-d47e22559c3e
10fa39e0,3b3fe1c9-533c-562d-898d-f8936186607b
110ec574-8204-4726-b422-c69349864632,110ec574-8204-4726-b422-c69349864632
111ac5b1-dc7c-42f4-a9dd-bc2e13673212,111ac5b1-dc7c-42f4-a9dd-bc2e13673212
113486e1-54c6-4b8a-8131-95a292102538,113486e1-54c6-4b8a-8131-95a292102538
11421fe2-09cc-456a-bd95-c8547e46edb1,11421fe2-09cc-456a-bd95-c8547e46edb1
114c0511,fb941544-be2a-5ccb-8091-50370a3518dd
115900d6-e739-44d7-be93-be1846c980f3,115900d6-e739-44d7-be93-be1846c980f3
115efd4c,f63df144-112c-5afc-9a51-80b83bb77e02
1163f18d-79cd-4d64-961a-d3046455f3df,1163f18d-79cd-4d64-961a-d3046455f3df
1165d3ab-b590-4c54-b701-d570e6c31225,1165d3ab-b590-4c54-b701-d570e6c31225
11698733,320ffaa4-cbf9-512f-a781-1c57e43c3e5d
116a9eb0-b50a-461f-9ead-0342e0796a89,116a9eb0-b50a-461f-9ead-0342e0796a89
117451fa-7a15-4cdd-a19e-981c1b2ef364,117451fa-7a15-4cdd-a19e-981c1b2ef364
117ff5a3,391038e1-c249-5bcd-91ff-dd7d2957712f
11ab7a96-663f-4b69-8a12-c70d7a7be51d,11ab7a96-663f-4b69-8a12-c70d7a7be51d
11aeae3d-ca07-42f8-a085-47691ec5ff04,11aeae3d-ca07-42f8-a085-47691ec5ff04
11b8c4dd-5546-4b8a-b576-b50941457ef6,11b8c4dd-5546-4b8a-b576-b50941457ef6
11be3937,dc8b7264-39df-5d6a-81b0-2cc241a1fb76
11c6f71a,332d4ddd-4100-5140-a531-02776ce0e031
11c85232,d41836e7-dde8-5140-8eb6-a3c4bef9c9c5
11cc65b5,7b5d0dbf-ac52-58ae-b41d-918b6bb2a71d
11cf730e-4f75-4e9a-b9cf-47092b58963b,11cf730e-4f75-4e9a-b9cf-47092b58963b
11db0aac,b332bce3-bd00-5106-b6cb-55504b1fc51b
11dc33a7,bc9e17c4-8c53-557f-b13f-9842ff11f9a8
11f895eb-9c50-42a8-9a1f-18351d56eff1,11f895eb-9c50-42a8-9a1f-18351d56eff1
121a94c4-4024-4c4a-8c45-caf14dbacae5,121a94c4-4024-4c4a-8c45-caf14dbacae5
122aa3ba-48a7-454c-9516-cf678a816b32,122aa3ba-48a7-454c-9516-cf678a816b32
125caf0d,d784fca3-2961-5ea5-bc0d-c2d0d0721f81
125d5f51,8241e5c3-395b-59e4-863c-da6b139e8ca9
125d779b,65c053a6-48fe-5c7d-923b-2010721f0820
1279aa1e,6b0f7265-dd20-52d0-81ba-d9fa7f651211
128622b2,18a513f7-1400-5890-a3d7-065c2eed2933
12e684b7-f0da-4141-869c-b544e283e618,12e684b7-f0da-4141-869c-b544e283e618
12f12e78-b3ba-47a2-a2f7-0496ac5e5556,12f12e78-b3ba-47a2-a2f7-0496ac5e5556
12f98d4d,e83c538a-0f72-5002-b14e-56635aa5d594
13215b7b,b94012fe-b709-58f4-a041-5af30a3cc670
132ab675-646a-43a2-9b09-41a1a3d70eed,132ab675-646a-43a2-9b09-41a1a3d70eed
133771b9,914a3f34-6330-5916-9a58-1cdd3addde1c
13508c02,6ab1697a-79e9-59ce-9e11-9d4b7c3d3a40
1351721c,c00533ff-2a6a-5f4e-918b-fb8068b5213d
139cb859-8cbe-4e44-b844-7c9bce79f6a8,139cb859-8cbe-4e44-b844-7c9bce79f6a8
139d0252,176d3d08-09e9-5d17-b495-5d6159bbe0c8
13a8c41d,2543e560-8642-55ad-9561-545a6ebd4edb
13aa9c94,13a321ae-a343-587d-a6fb-315fcfc2c8e0
13ad2e39-ebd3-4c9e-9bdf-4e251de59672,13ad2e39-ebd3-4c9e-9bdf-4e251de59672
13c82136,b1f4f501-9c99-5ef9-9b23-ade3e71965f5
13d3a32e-a324-43d3-8955-fdc9bb4ec868,13d3a32e-a324-43d3-8955-fdc9bb4ec868
13f97a3e,cd6cc00e-04b4-5086-a9c1-4482e82ccf42
1415c6b4,bb322410-074c-54fd-a59b-8a62a0b7fe32
141f3d4a-2177-44ea-8589-851d6f48dae4,141f3d4a-2177-44ea-8589-851d6f48dae4
1425294e-c0a3-41fc-91a7-4c6583f5b071,1425294e-c0a3-41fc-91a7-4c6583f5b071
14294031,c15d0aaf-cc2d-52b7-9977-5b1d5b6249f8
143e0291-c83a-4811-8c8a-50f1dad7704f,143e0291-c83a-4811-8c8a-50f1dad7704f
144980b4-223e-4557-a808-99f332d45347,144980b4-223e-4557-a808-99f332d45347
1462dd3f,62bc4ec4-8e96-5a52-b01b-faaba79790d8
14661fb5-daae-4b2f-a366-2fac76270779,14661fb5-daae-4b2f-a366-2fac76270779
147966c6-601b-4046-90be-c780d8e75d89,147966c6-601b-4046-90be-c780d8e75d89
147ff796,a845fa14-8c38-51a1-82a7-07cc9fe3b625
14a236ef-bfd3-405c-bce5-622d6db63cad,14a236ef-bfd3-405c-bce5-622d6db63cad
14c2494b-9884-4b9b-84e8-f1125f25bd91,14c2494b-9884-4b9b-84e8-f1125f25bd91
14d4d478,c610e86c-8da2-5e1a-b225-dbef683dcb46
14e7e7b2,b1c40664-2c35-5dec-9fd1-7c9f61f3087f
15279a67,e1193704-85d8-505e-8b40-5388bb291e75
15380dd1-7a59-45d9-ae4c-fe8eac9388fc,15380dd1-7a59-45d9-ae4c-fe8eac9388fc
156326f9-1d6f-4835-9649-0fb41cc4bc3a,156326f9-1d6f-4835-9649-0fb41cc4bc3a
156886fa-102c-42c8-8b9f-a6e219842bee,156886fa-102c-42c8-8b9f-a6e219842bee
15a3def3-e743-4073-bdc8-cae284794f10,15a3def3-e743-4073-bdc8-cae284794f10
15bc4d01,abca2d37-8e0d-5c51-a318-7611ef40b6ce
15caf4df-c4ae-483c-ab21-49032e4608fd,15caf4df-c4ae-483c-ab21-49032e4608fd
15d1ae77-88b0-4b5e-9ac3-f2d1a96e53bc,15d1ae77-88b0-4b5e-9ac3-f2d1a96e53bc
15d42f4f,22fc34aa-4ce6-51e3-9a08-55c88239902f
15e45a52-7c53-445b-947b-cb929d454de6,15e45a52-7c53-445b-947b-cb929d454de6
1601df93,e04db602-d8aa-5481-9fd2-50e02c0bf543
160e23dc-a110-4c5b-b77e-d840189a5c8a,160e23dc-a110-4c5b-b77e-d840189a5c8a
160fc459-115a-4fb3-ae10-c6f531282383,160fc459-115a-4fb3-ae10-c6f531282383
16176f3e,35ec5492-4408-5041-96c9-738f86e39c25
164fdcf2,7235936b-28a2-5617-8c37-a7556be62027
16575d05,1fcbc7d2-075f-5800-8643-0f819e1784a5
165ca4a0-6b3b-4a31-8a36-31ce15919df4,165ca4a0-6b3b-4a31-8a36-31ce15919df4
168db538-bc61-433d-a600-1cb81db3132c,168db538-bc61-433d-a600-1cb81db3132c
1693d80c-47a0-4bf7-aa1e-6baff68cbe82,1693d80c-47a0-4bf7-aa1e-6baff68cbe82
16944b1e,7f839356-d469-58a2-9f16-c1f61ae85717
16a9c2bd,3fc7ca87-e69f-55a0-b8c1-47f564e32e2c
16b4d318,eff8799c-513a-5263-b9cc-a95b35c08e13
16c4388b,5834b71c-e511-55aa-a90d-ff9887fec954
16d6fcae-ca85-4e92-82ff-06d68e733ef4,16d6fcae-ca85-4e92-82ff-06d68e733ef4
16df130e,1f6c2f80-0086-5fa3-a7d6-9fc330f975f8
16eaf0c9-b030-41aa-906f-a530e7d3bf5e,16eaf0c9-b030-41aa-906f-a530e7d3bf5e
16edb8c4,abe6c0f3-b039-5d04-a973-b079f3a74681
16f17ae4,6882efd0-d4b2-5966-866b-dd0340931774
172b1682,44e1a6bb-292e-511c-9dee-56f9626540d7
176666d6,4fb593a0-f9df-5cd6-a3d1-4916434ac8f5
176ad6f2,9195a6f3-96de-5f25-bc94-db2ba3192f72
176c80da-5635-4fcb-953d-73fadddc4aff,176c80da-5635-4fcb-953d-73fadddc4aff
17735b84,2d93703d-1d98-549f-b74a-e24a57fbfb3a
17873b5e-6908-4d05-9734-103a611ca90f,17873b5e-6908-4d05-9734-103a611ca90f
17885505,8dc95265-83fe-550d-91ec-de8fd9063402
17a90030,55b02798-0060-583a-bf95-5c715b7c92b5
17b389c6-d814-4e74-bc86-8b6f3f9fd3a3,17b389c6-d814-4e74-bc86-8b6f3f9fd3a3
17b86091,de02c249-9305-5c36-81c0-80ac3272398f
17b9afbc-7c0f-4a51-b8b8-508c3ad4be67,17b9afbc-7c0f-4a51-b8b8-508c3ad4be67
17f2f4b4,f514896d-59e9-5442-824a-74c6b4ce7a92
180c17da,61095202-94cf-5266-8bfd-9c8c1d47c721
1813e2e3-3857-4496-b54d-30b17ec44a6a,1813e2e3-3857-4496-b54d-30b17ec44a6a
18144e8e-ceb3-4c41-a4c7-6686e780595c,18144e8e-ceb3-4c41-a4c7-6686e780595c
181eb380,9d9d1604-d778-5586-91e0-25c7b4d79ea0
18289c74,be820598-2d6d-5aa3-bda9-3ecbf752f279
182b951f-5cc6-4713-87cc-cedff50963cd,182b951f-5cc6-4713-87cc-cedff50963cd
18309b0a-fac6-4c80-8bfc-7790972e615e,18309b0a-fac6-4c80-8bfc-7790972e615e
183163aa-cbf5-48b4-9712-dd6a70561a90,183163aa-cbf5-48b4-9712-dd6a70561a90
1847d662,7b9a2d96-0e72-58cb-b302-1aea3a4289c4
184ea11b-151e-4c75-88f6-dd2c58396b73,184ea11b-151e-4c75-88f6-dd2c58396b73
187687bb,c3a8f55b-256e-5cc7-bb18-2c4d04431639
187f068d-6931-4dfe-b474-c79f371eee4a,187f068d-6931-4dfe-b474-c79f371eee4a
18b50065,503063e7-33f2-59d3-a250-2bb73f4f3261
18ddb4e9,4a2bbb84-5bed-5cfc-a7c3-9f12a679ef24
192b1c71,83e625f8-77c4-5a32-8627-425c57c534cd
1931957b-7973-4929-b6e9-d759cb2caffd,1931957b-7973-4929-b6e9-d759cb2caffd
194a50cc,ba8b3617-eb29-5af4-834b-bd5566d47b4d
1975f231-296c-4e82-b5d4-80927f4b020c,1975f231-296c-4e82-b5d4-80927f4b020c
198887c2-361c-4b7e-975e-fe1ca5e9ed55,198887c2-361c-4b7e-975e-fe1ca5e9ed55
19c48ebf,a53c5b27-8bdc-58ad-a953-3a599cd015c9
19d05610,f31dda4a-c087-5e5d-9f3c-3928d22565f1
19dc5c2d,ff82cd37-20f2-5889-8f1a-f30faec29438
19eb2a86,283f24b2-5321-53ad-b20a-c157fe27cfea
1a0b54c3,4258f55f-6fea-5412-84c9-de55c9cc456e
1a12241d,b8da026f-a536-5f86-b808-54bf773ac086
1a1d48f6,81261c73-4bef-5f50-bc0c-dc9af3e57d88
1a3adf76-28cd-4e08-8926-bf47dc567469,1a3adf76-28cd-4e08-8926-bf47dc567469
1a472d5f,5401023f-8186-5cb8-8a58-316fb1e007de
1a4d370d,6374f5f5-0e07-5d6f-8fcc-bd18c3099457
1a5d174d,fe9a5a3f-3698-5736-8d69-96bc819bac66
1a7049c4,be135f79-c84e-5a7b-934c-ae9580608696
1a80cab8,c845686b-5326-5d9c-bfd3-e140aaadd33d
1a8ca3d4-b19d-4620-a8c2-f5fbbd7b829e,1a8ca3d4-b19d-4620-a8c2-f5fbbd7b829e
1a92103c-7173-4f25-9f13-9f4624563600,1a92103c-7173-4f25-9f13-9f4624563600
1a9a1db0-7997-4630-8467-edff6d811a03,1a9a1db0-7997-4630-8467-edff6d811a03
1aacab64,5a9679ac-e7b6-5dfd-b7c8-73675a59405c
1ac61451,eb215536-d302-5ddb-965d-8a97eb6007b6
1ae86012,bdd09168-ac65-56d5-90ba-a892073ce6ee
1af13dd7,a8cdd294-39b6-55ca-a320-96036755e01c
1af50828-9eab-46af-932e-f908c10a98bc,1af50828-9eab-46af-932e-f908c10a98bc
1af8f8f5-f9d5-4f5a-8e77-b81ee8e2d19a,1af8f8f5-f9d5-4f5a-8e77-b81ee8e2d19a
1b1b86d3,5ba7f865-5926-5758-88a9-9bfd575b4903
1b28d826-a7b4-4b48-87cb-f5b150e78a30,1b28d826-a7b4-4b48-87cb-f5b150e78a30
1b59aa07,b3a14000-79b6-57e8-a015-3190fc2dcb31
1b66f0da,297eec5a-af85-5a1c-ae16-3375b16c1785
1b68e639-e952-4fbb-9d7e-b2d49355d89a,1b68e639-e952-4fbb-9d7e-b2d49355d89a
1b87ef11,60cc7795-47c8-5420-8270-71894241e949
1ba34818,ad304bf3-1fd7-5cf0-bd71-2e111eb72745
1ba43eb3-833e-4af1-bcc5-899d201d01f8,1ba43eb3-833e-4af1-bcc5-899d201d01f8
1bad2768-513e-4199-8cbb-cb7f05085e28,1bad2768-513e-4199-8cbb-cb7f05085e28
1bb6880b,b22b836f-979f-5af4-86c6-64e12399ff6a
1bb9333e,c3199c40-edaa-56ad-b674-ce7a91cdbbbd
1bc1c25f,9895d8a4-b61d-5002-a29a-e2c762ea5c7c
1bd1951a-a8ce-4ed4-997d-605177cae30d,1bd1951a-a8ce-4ed4-997d-605177cae30d
1bee4e50-af46-4620-aa9d-c62faebb5e8a,1bee4e50-af46-4620-aa9d-c62faebb5e8a
1bf86e1b-358c-4870-af98-2d8aeec3c900,1bf86e1b-358c-4870-af98-2d8aeec3c900
1c17ae9b,a1e8e8b8-0133-5d9b-8baf-ae6506a89046
1c22e13d-95ad-4acf-b97b-10bf318808db,1c22e13d-95ad-4acf-b97b-10bf318808db
1c5542bc-438c-46ab-9f80-8f27e397ee25,1c5542bc-438c-46ab-9f80-8f27e397ee25
1c6d76a3-fe96-41b6-84be-bbc1b9e80b9b,1c6d76a3-fe96-41b6-84be-bbc1b9e80b9b
1cb09555-44a5-4589-96ee-ec1a2879a8a3,1cb09555-44a5-4589-96ee-ec1a2879a8a3
1ccaf6e5,1c585ba3-f600-5e20-a7d0-ba9c145ff1a3
1cdb9dc0,5a458240-ab21-5282-a11c-3a2065d679f4
1d061004,83292ee3-9042-5948-9bfd-afbdea1ac21d
1d0e2f41,e23f012d-c009-5e6e-b69f-0cac4999c314
1d13b7fe-d003-4036-bf81-4fb58b7ee13c,1d13b7fe-d003-4036-bf81-4fb58b7ee13c
1d39ef5a-37b6-4850-b00e-3bc3c6ca685f,1d39ef5a-37b6-4850-b00e-3bc3c6ca685f
1d3fcc91-e2ac-4e56-8850-addf6b9264c4,1d3fcc91-e2ac-4e56-8850-addf6b9264c4
1d60f0dc-a48d-4bda-bada-4bb188b8fd62,1d60f0dc-a48d-4bda-bada-4bb188b8fd62
1d91b2fc,372ed147-c9a3-5613-a32e-1ee79646d9e4
1d923067-771c-450a-895a-7e4aa4efdf60,1d923067-771c-450a-895a-7e4aa4efdf60
1dbeba17-71ec-4932-a070-5d0869dc758d,1dbeba17-71ec-4932-a070-5d0869dc758d
1dea1da3,4049d5f1-9b04-5688-bf2c-b709c4a662c5
1e05ce3f-1254-4ae9-a891-4f8b0ae6d4b5,1e05ce3f-1254-4ae9-a891-4f8b0ae6d4b5
1e2958f3-d8a7-45f6-828e-e94ea678c801,1e2958f3-d8a7-45f6-828e-e94ea678c801
1e2e2bd3-5403-4180-a038-c740466d5a67,1e2e2bd3-5403-4180-a038-c740466d5a67
1e4e34ad-7537-4dc9-b3c9-a39d5bf05f12,1e4e34ad-7537-4dc9-b3c9-a39d5bf05f12
1e50b73f-61dc-431f-a9c0-bd9c0c1cefb7,1e50b73f-61dc-431f-a9c0-bd9c0c1cefb7
1e5332e5-9b69-4951-be91-acdcf7c4127d,1e5332e5-9b69-4951-be91-acdcf7c4127d
1e7b48af-6949-49f4-a214-ff7e1023fe04,1e7b48af-6949-49f4-a214-ff7e1023fe04
1e7d111a,edd005c4-f6a6-55f2-ba0e-8200a7d72663
1ea549b9,522a69d0-afe2-51db-9486-474f7c3d82fe
1eb5265e,ec676daf-f525-5a2c-8107-b46ea3f1042f
1ed2571f-8463-4f0e-8f77-b81687db7e26,1ed2571f-8463-4f0e-8f77-b81687db7e26
1edc4fb0-86c8-4d36-a2d9-754091d7c964,1edc4fb0-86c8-4d36-a2d9-754091d7c964
1ee185c2,a76b1ca9-8435-5431-a400-ee68668aa928
1ef01644-c005-4b49-a804-f2173e3225c1,1ef01644-c005-4b49-a804-f2173e3225c1
1efbbb6d-45c9-4480-bf93-3c8184bdf85e,1efbbb6d-45c9-4480-bf93-3c8184bdf85e
1f226747,b0d33033-bcc7-5ef1-a0a4-8e4959b803d2
1f27c6b8-0992-4c4c-b473-db4d5ec99239,1f27c6b8-0992-4c4c-b473-db4d5ec99239
1f35c5db-59f9-4e04-9d7f-7638f15d5757,1f35c5db-59f9-4e04-9d7f-7638f15d5757
1f36a3c4-7281-4d17-be33-9f3a107280c1,1f36a3c4-7281-4d17-be33-9f3a107280c1
1f3cfa5c,f6f1fbdb-ba35-585c-9b71-9ae50065842d
1f3edcd1,473d9773-c9f4-51b0-95e8-7afd34281e23
1f491bc0,2d21694f-ea13-50f7-92b7-a537f22fbf42
1f4f54f1-a6e7-48b0-8f5e-8f52c59f5f5c,1f4f54f1-a6e7-48b0-8f5e-8f52c59f5f5c
1f5b7965,f87d51c3-dd30-5de3-9bcd-c2aaa3420465
1f5fa5dd,5436341a-2e01-5f88-bc82-7f9fc60a4318
1f7263e7,65b4bf36-0291-5baa-b02c-f94e22ee0917
1f8f2f12,2001f1e7-68d0-57db-a09a-2c882039838d
1fa5d57b-5e6f-48e0-b19c-268aae080437,1fa5d57b-5e6f-48e0-b19c-268aae080437
1fc8763a,33e543a7-e25a-517a-a524-2fd081da97ac
1fcaadd2,6d1c70f6-9025-55db-bd8f-f31062db511e
1fd5c95d-fe3e-4c32-9121-a4ae662b9e16,1fd5c95d-fe3e-4c32-9121-a4ae662b9e16
1fd63bcf,0818d4de-397a-5ed9-8af7-bd9fe2fda9e6
1fe4b3a0,2ab546ff-0f59-5503-94f9-12263f75bf4e
201e3b75-422c-4071-9de2-9281ba2f8cf1,201e3b75-422c-4071-9de2-9281ba2f8cf1
20225bea-29f3-4368-87ae-57b2fe066098,20225bea-29f3-4368-87ae-57b2fe066098
203a4f4b-2384-4634-b689-a328fb1b4f41,203a4f4b-2384-4634-b689-a328fb1b4f41
2044046d,80abfb91-3b99-5838-954d-616bc86635bb
205b9312-3244-4105-a295-7cfa13a6727e,205b9312-3244-4105-a295-7cfa13a6727e
20794361,0d460e38-db95-59a5-a5f4-ad625067c213
2084e4bc-17c6-4183-a376-99dd2b03d89a,2084e4bc-17c6-4183-a376-99dd2b03d89a
208a9431,c04ba1cc-6595-5da2-9623-bcb3704978dc
2094d5e4,08d78939-9720-5cdb-a845-a5251127a5b0
2096c0ce,1963a407-ff2d-5544-8fc8-4ac92a99f5eb
209a0ba1-248f-4836-a9bc-974ce76871a6,209a0ba1-248f-4836-a9bc-974ce76871a6
20b5820e,45173840-909e-54c5-8828-fa171d775b97
20dd0653-2037-40b5-96f3-7c61c319c8bc,20dd0653-2037-40b5-96f3-7c61c319c8bc
20e3e329-e2ac-49d0-9f4f-0e0e3d4bdc00,20e3e329-e2ac-49d0-9f4f-0e0e3d4bdc00
212087d8-a208-4e37-90bb-7b9081013ef1,212087d8-a208-4e37-90bb-7b9081013ef1
2150a7d6,b2c10691-ba22-54bf-84d6-245b170b7817
2155456f-45bc-41d4-aad9-af1aea8ef3bc,2155456f-45bc-41d4-aad9-af1aea8ef3bc
2155de2c,56234596-5e3d-5f3b-aa56-fb70ddb4c164
21694283,59e6d3dd-bb3f-5bb3-a8c9-8cd3d0ae1a2b
2185a2db-27aa-47d6-a7d6-bfa699029aa6,2185a2db-27aa-47d6-a7d6-bfa699029aa6
21956052-31f2-410d-a9a2-f2239d5f7c79,21956052-31f2-410d-a9a2-f2239d5f7c79
21a79ef0,dea748cc-b1c3-54cc-b187-b89970afdca0
21a910a3-2cef-4c5f-9a78-6fb8e680662b,21a910a3-2cef-4c5f-9a78-6fb8e680662b
21ca2297,e3f56c69-7a70-5404-b4a6-aa4281b0f127
21d26f75,e9c05b23-fc02-52a7-88b9-8545222bdf78
21dd2c3d-6c05-411d-994d-664cb89edce9,21dd2c3d-6c05-411d-994d-664cb89edce9
21e9aee6,387499f9-a55e-50a4-bb6a-708a7d07b3c2
21ee6aff-1ce5-4405-bcb1-952a86c7c8a8,21ee6aff-1ce5-4405-bcb1-952a86c7c8a8
220a9eaf,434e750a-1ace-591c-b9c5-1db792b1ebeb
221636c2-4f7c-44fb-b443-fc41638b81d9,221636c2-4f7c-44fb-b443-fc41638b81d9
22179138,e20c62fe-500f-5224-b55b-d6c4c594aec5
2220f734-fdc0-4131-aad7-96430594bf2a,2220f734-fdc0-4131-aad7-96430594bf2a
222b02ef,7c030eb5-05b1-570f-abb7-21bc5a6c851a
22371cbe-d685-43c1-b8d5-71eb6ab1753c,22371cbe-d685-43c1-b8d5-71eb6ab1753c
223c27cc-6d1c-45cf-b11b-56dadb6f5ee4,223c27cc-6d1c-45cf-b11b-56dadb6f5ee4
224b1e6b,41ba2f88-bcf8-5fee-9de0-95a12745f210
224fc6e5,7a2e4810-2bb2-59ea-9550-8cb303674a42
22c54508-ecc0-46a2-89a1-76217e70170d,22c54508-ecc0-46a2-89a1-76217e70170d
22d45586,a3b4fb50-df94-540d-bf44-629ee3779383
22e5145b-eca3-4f66-8c57-6f320b349dfb,22e5145b-eca3-4f66-8c57-6f320b349dfb
22ea77a8-8b38-4894-84d9-a1faaa03fc28,22ea77a8-8b38-4894-84d9-a1faaa03fc28
230a8d7b,403559b0-e9e7-5259-915e-17eaad4a8ed8
231d402a-5978-4ecc-a1a5-9d9aacda1b6d,231d402a-5978-4ecc-a1a5-9d9aacda1b6d
2329debc,18dcaef2-79af-5def-831f-1e46bfe6ee04
233d4a3b-e5e3-4ab9-8829-c79dbaf1a0f4,233d4a3b-e5e3-4ab9-8829-c79dbaf1a0f4
23403a35,c1482a96-27e0-5afc-80e3-a8fbf9b6015a
2343a342-ed46-4749-b59c-756c08699623,2343a342-ed46-4749-b59c-756c08699623
234f9357,2803090c-cc61-59ac-a808-2fced9a4a498
2356a85e,1f46b018-1388-58ea-924c-207b315b5bc4
237676b3,a729e9a2-3412-5440-9c3f-e0b2eecfe029
23780e0a-f475-411c-8726-757f772c21ea,23780e0a-f475-411c-8726-757f772c21ea
2380e4b8,8404ba46-daa6-5e77-8b4a-2b60bbbdb5f9
23a8dc19-fa79-492d-b0b7-01734d5dcdb6,23a8dc19-fa79-492d-b0b7-01734d5dcdb6
23c4e2d3,fbeae69a-2d93-5310-aed2-f09d34a0035c
23de0538-c0f0-4039-893d-9c4d4adac8f4,23de0538-c0f0-4039-893d-9c4d4adac8f4
23de8647,659c1fa2-71dc-5058-8e58-87f5c02fa088
23fcf706,27338987-826f-5c77-aba4-5fe620a7693c
24033dfa,7f192a1a-8ad2-5b67-a14e-3a002ab011b4
24425c68,4f9537d5-9517-5ca2-9a16-3b81b48f538b
2460e003-0c08-4f28-a4d5-aedb7772ac48,2460e003-0c08-4f28-a4d5-aedb7772ac48
24770753,a6bda78e-ea64-53a4-b7b2-f18b6fc5d0a3
24924408,4081b93e-afac-5b93-9a46-040e25b1ab0c
24956bcf,38bdd778-6fef-5f0d-8008-264fd9e02cc7
24dedcd0,c1b0c64d-c920-5886-9cfc-9ea33b0f0cdf
2515309d-59a0-464c-84db-79f06892e181,2515309d-59a0-464c-84db-79f06892e181
25376361,5395b1c9-f863-54e2-b9b1-09646501af09
253ea2dd,f3d1c6f7-f4fc-5db5-a369-00b5bf45b7c0
2543dfba,b6c7d634-01a9-562a-8655-cbd511dfcb4e
25474a50-8165-4057-a610-455d8d9263cd,25474a50-8165-4057-a610-455d8d9263cd
2548bdb2,a9d5eecc-aaad-577f-a968-1dd71abe3ed1
2553973c-e411-4849-897c-974260b7649b,2553973c-e411-4849-897c-974260b7649b
255a8b63-e35b-4d3e-ba80-2a387eb0aa24,255a8b63-e35b-4d3e-ba80-2a387eb0aa24
255d3dc5,98d51e63-49eb-58ed-a6d7-928368d6749d
2567498d,a04e617c-e995-5d2c-bd5b-84c8b698bda6
256e83e8,4356c7e2-a2d2-5a05-bdb1-03b135811cf5
2572c86c-5298-42aa-a535-fc99a2ec7101,2572c86c-5298-42aa-a535-fc99a2ec7101
25d043b2,65af45c8-e162-5220-90f8-0b5d8ab8f5d8
25e9855c-4df3-479f-ac6f-907ad8761b9b,25e9855c-4df3-479f-ac6f-907ad8761b9b
26016a0e-36f2-4fa7-9c21-064ecb1393ba,26016a0e-36f2-4fa7-9c21-064ecb1393ba
26096775-08ba-48bb-8636-17c994516b96,26096775-08ba-48bb-8636-17c994516b96
260cc4bf,5f098f3c-5e08-55eb-8e87-1149396e5f05
2626b26a-ca99-474a-9ff4-86b120d3c69c,2626b26a-ca99-474a-9ff4-86b120d3c69c
263427e0-fc72-461c-a72b-ee2569026681,263427e0-fc72-461c-a72b-ee2569026681
264cd061-dbd7-4fed-90a1-9603d9fea596,264cd061-dbd7-4fed-90a1-9603d9fea596
26611c9f-ba87-4c44-8394-18daa415346b,26611c9f-ba87-4c44-8394-18daa415346b
267c7bcc,c74f1d70-da95-571b-92fa-0689868ef12d
268541a8-08f0-4a9a-8276-5fc72ee3562c,268541a8-08f0-4a9a-8276-5fc72ee3562c
26a3a021,529c15a6-58cb-544e-b9b1-73122a39cbda
26b594e4,955d0c08-66aa-50bd-9051-0978c545db8f
26d9ab71,968d803b-beaa-5d9b-b93f-20dd4d519724
26f090b9-81b5-4918-9f62-97967c2715da,26f090b9-81b5-4918-9f62-97967c2715da
26f8b794-3bea-49a1-b067-a6f0fe9bdee6,26f8b794-3bea-49a1-b067-a6f0fe9bdee6
26fc177e,9fc3851d-a990-5ceb-9067-db7280b34159
27066058-7f8d-4736-81c2-6eb9745dd9c6,27066058-7f8d-4736-81c2-6eb9745dd9c6
27338955,6c2566f8-9f4d-50f1-aea8-3a1ab978f0a6
273c3126-6f9f-47da-a3ed-b51f2e80ddaa,273c3126-6f9f-47da-a3ed-b51f2e80ddaa
275dc2c6,52a933d8-0db2-5e27-abab-4ef2ac5f699f
276b071e-4825-478e-92ca-58028caf27ff,276b071e-4825-478e-92ca-58028caf27ff
277ccf54,215ca0c5-1bf3-54ba-ad3b-84cf1aae79a6
278119e9-d7d8-4cf4-8489-4c614246f56a,278119e9-d7d8-4cf4-8489-4c614246f56a
27a74473-4ecc-4878-b766-01b13881f832,27a74473-4ecc-4878-b766-01b13881f832
27a76b72-2552-4a38-ad4e-5cbfa8c1da24,27a76b72-2552-4a38-ad4e-5cbfa8c1da24
27a97244,23eb2c58-6623-5c6f-96c4-dd4975e53341
27aa2b88-145c-470d-b96c-098f81468da2,27aa2b88-145c-470d-b96c-098f81468da2
27b1441c,dec47651-f489-571c-8860-cfa4813acf52
27f138e8-0341-43d0-be3f-9bdcb362db39,27f138e8-0341-43d0-be3f-9bdcb362db39
282cc6d8-c76c-4611-b817-16b1505b24cf,282cc6d8-c76c-4611-b817-16b1505b24cf
286ba2d4-91ea-43c5-b852-24857aef1877,286ba2d4-91ea-43c5-b852-24857aef1877
287549ca,37971c16-17f7-5e10-bd67-ecf22f67c0ce
287b303e,7d50bd6f-da06-5611-90e5-c14325c7936e
28b47439,ffcdd2e0-43ea-5053-8daa-4c6f7cc15b8a
28b8d5d6-bcec-477f-8129-d2276972677e,28b8d5d6-bcec-477f-8129-d2276972677e
28be9d36,3e46d4b0-c78c-54ab-812c-94be0f482248
28dd2352,6d6ead54-e4e3-5851-a49f-39b42a4290a8
2900fa11-066b-47bb-aad4-4eb9e3a672cc,2900fa11-066b-47bb-aad4-4eb9e3a672cc
290319ef-4a81-4d7a-88b5-4156995b8a9b,290319ef-4a81-4d7a-88b5-4156995b8a9b
29128052-aeb8-4a7f-bec2-1838524aa254,29128052-aeb8-4a7f-bec2-1838524aa254
291f2ae9-5f94-4f6f-8fd2-2a99b86c1108,291f2ae9-5f94-4f6f-8fd2-2a99b86c1108
294700a9,48d7a62a-8dfd-5218-83eb-712a7e03a0fd
2953462e-a58d-4fdf-8795-b82599637698,2953462e-a58d-4fdf-8795-b82599637698
296a58bd,4f62b44d-0af8-5f85-9aa7-1a5275ff330a
2980a39d-69dc-4455-a4ba-4da6837042c7,2980a39d-69dc-4455-a4ba-4da6837042c7
298cb0f4-b3ab-4409-b5b1-3cb167780883,298cb0f4-b3ab-4409-b5b1-3cb167780883
298da7e8,ab45ba09-830c-5ce2-8e84-0609eb983d11
29aca9fd-3123-4d43-93cd-62d6bc1d7f10,29aca9fd-3123-4d43-93cd-62d6bc1d7f10
29dee52d,289ae04e-20eb-5049-abf6-ca76321c1f63
29e4f0fb,a9adcaad-7991-5ff1-a89a-847ffa19678c
29e5a3c5-3966-4860-b80c-53100fcc0eae,29e5a3c5-3966-4860-b80c-53100fcc0eae
29ed1e4a,e6faefd7-cd49-5b8b-9c15-b8da1cb8aa65
29f00c86,1fed681b-763e-5a64-b1e8-ca30871384c0
2a04e72d,b0de7c08-d337-503b-98be-ebebda48c404
2a255895-a236-4bed-b4a1-81fdf23d807f,2a255895-a236-4bed-b4a1-81fdf23d807f
2a29cd40-d820-4ea5-bd45-cb5be0d6a2d1,2a29cd40-d820-4ea5-bd45-cb5be0d6a2d1
2a35f970,43f796a9-98a3-583e-a1fd-51b13cc60b3f
2a53c650,4de07116-30c8-56c3-ba3c-78fe32746fe8
2a5b3556,20283cc8-00c9-5104-a774-54d3ccacaca7
2aa351f0,989e995b-f396-5ac5-8b27-cb95e4bedb77
2aa865aa,17d44914-12b5-55be-a6a2-c88aa36746ec
2aa8a09d-858e-4718-900c-5b3c565a8cc0,2aa8a09d-858e-4718-900c-5b3c565a8cc0
2af3fe20,045c09c1-49f9-5a85-81db-aa08ae6a11de
2b117d1b,53ad059f-8aa1-5614-8fac-79867a424058
2b2a9cd9-2978-43f6-a037-95fa8424787e,2b2a9cd9-2978-43f6-a037-95fa8424787e
2b40c8ec,251638c7-58f8-5a1f-a1ab-f501c96df079
2b74324a-cd4a-4d8e-bb88-bf9306d5e0a4,2b74324a-cd4a-4d8e-bb88-bf9306d5e0a4
2bc1f4ae-bdb5-486c-aa04-51cfd2d37014,2bc1f4ae-bdb5-486c-aa04-51cfd2d37014
2bc202a6,cbe38d3b-6a04-5335-985e-99925b488a6a
2bce6072,cb0a47fd-d0a7-5e6b-81f3-4387b44003e4
2bd6d19f-d37d-4b69-bb4e-a4a9ea1d6dcc,2bd6d19f-d37d-4b69-bb4e-a4a9ea1d6dcc
2c0674e3,669dbb31-5853-595d-b5bb-dd8f9d5e6d30
2c1a6a96-5fd8-45ce-b0d1-ed929d3f52af,2c1a6a96-5fd8-45ce-b0d1-ed929d3f52af
2c205f3e,fe17ccf3-68fc-5c55-be90-0962001e8f44
2c229539-2434-4317-8030-c4b9fed424be,2c229539-2434-4317-8030-c4b9fed424be
2c325ce5,80330c30-36e9-5d20-9b61-7196fb65da90
2c5a806c,2bf20a7d-d7fd-5e68-b6e5-31757b0151b2
2c6a9f00,736891d3-fefe-52ee-a92a-6ff81f3ab14d
2c6e6a9f-0ffd-431c-8288-e29f82ffd588,2c6e6a9f-0ffd-431c-8288-e29f82ffd588
2c7345d1,8213bd5c-a206-5a04-a17b-31e2573d132a
2c81ee1e,ea9ff2fe-1457-5875-a8ea-e800193a00ec
2c83e28d,466fc4ac-0f66-5017-b4d1-fb1708c7673e
2c8417d8-c580-4679-a394-e7ed2ef14f1f,2c8417d8-c580-4679-a394-e7ed2ef14f1f
2c8948a2,3eaca041-535f-536a-92e4-95afdb7dc303
2c92a238-752b-4757-9762-234ed4b9a4e0,2c92a238-752b-4757-9762-234ed4b9a4e0
2c972c51,bc0cd536-3a5e-5a03-ae08-e540d0f07053
2cb764c8,13d77575-e7c7-55a8-b45a-1e861af47628
2cb98fbb-4e26-47de-9b40-9a26f3b02678,2cb98fbb-4e26-47de-9b40-9a26f3b02678
2cc7c27e,7fbdff46-402b-5876-8957-5740fcd5275f
2ccba28b,87d4fded-9d65-5b79-88d1-7d78f3f427e4
2cd07111,ca7fc1cd-fddd-598d-82b8-c235a9f44291
2cdb1471,e730bb3f-908e-58a1-9fae-a51e43b1ce4d
2d163539-23d0-4fe7-a9c1-284cb19788cc,2d163539-23d0-4fe7-a9c1-284cb19788cc
2d33dcdf,3c7aed3e-432b-58ea-b6b6-c1f863ef3ee8
2d3cb3aa,16d6866e-c618-5471-9984-abbec9c3647a
2d3e9f8a-85b1-4680-8caa-28e201898bc2,2d3e9f8a-85b1-4680-8caa-28e201898bc2
2d53c785,69f46f06-6b55-5740-b84f-831bacf9bd2d
2d561b73-15aa-45fa-859c-a466b205ea97,2d561b73-15aa-45fa-859c-a466b205ea97
2d56c81a-38b2-45cb-9951-fa55204be7f6,2d56c81a-38b2-45cb-9951-fa55204be7f6
2d68fec5,4480d4fb-5a22-5e8d-a736-5f53a54e0132
2d94a754,6c0972fc-288b-515f-a4c9-d0fea071c39e
2dadaa47,adae57c7-0867-5b1f-8740-e0543084ae89
2daf4595,828ef0ed-6bb7-5e54-9296-bfab8b1b4d43
2db55bae-1b29-4a0e-adec-2f9c88d50a9e,2db55bae-1b29-4a0e-adec-2f9c88d50a9e
2db93387-3ebf-4812-8ccf-2b10d170a520,2db93387-3ebf-4812-8ccf-2b10d170a520
2dc285f0,5eb356b0-9a51-5f8b-a8e6-f1b0e512618b
2dc2ae2b,a846eff2-28fd-560b-be36-105b6fd18d41
2dc46b69-dbc6-4ca4-83d3-d7a9c87b8f7a,2dc46b69-dbc6-4ca4-83d3-d7a9c87b8f7a
2df1f1d0-7474-4dad-ae97-b7297004b0f6,2df1f1d0-7474-4dad-ae97-b7297004b0f6
2e00642e,c55faac8-375f-5405-b270-82b5709a478b
2e0a605b-bdd0-4409-9ec3-9402f037bf09,2e0a605b-bdd0-4409-9ec3-9402f037bf09
2e17471c,b3ed59a2-1bd1-52f9-b1c1-49d43f132d4f
2e3104b5-c84b-4aac-b3c5-686ce03d5aaf,2e3104b5-c84b-4aac-b3c5-686ce03d5aaf
2e36ab5a-03ae-4602-93c7-51cb7ea45bd0,2e36ab5a-03ae-4602-93c7-51cb7ea45bd0
2e529456-3fe5-4fd1-a8de-47e1ec0bc9ff,2e529456-3fe5-4fd1-a8de-47e1ec0bc9ff
2e57e466,4f063757-f836-5ecf-bdb4-3be4009d0f8b
2e623b90,768663a1-07aa-56d7-bd14-79b2270c3df2
2e6bbed5,99378d89-ddda-547d-81ef-3f5f039b40e0
2e6e8097-e015-49a2-a4e5-83ac33bc50c3,2e6e8097-e015-49a2-a4e5-83ac33bc50c3
2e70cbb9,e1f09adc-8768-5ee3-9fa8-df4670202b00
2e738569-cc7f-4ec2-9a7c-7e4fd2845afb,2e738569-cc7f-4ec2-9a7c-7e4fd2845afb
2e7781b0-79cb-4da9-9b4a-e79dc9fc3f1b,2e7781b0-79cb-4da9-9b4a-e79dc9fc3f1b
2e8522a3-cee7-4a46-9263-5e3ad5b86c40,2e8522a3-cee7-4a46-9263-5e3ad5b86c40
2e9513ee,b293e3e0-1451-5eee-8bc5-76b850827975
2edbde04-841f-451b-947a-9b17a2d88906,2edbde04-841f-451b-947a-9b17a2d88906
2ef454f8,555933ee-87f9-58ec-aa66-bb791ebf87d4
2f03cdb5-9445-4ed1-a29b-5c067b1bb6e8,2f03cdb5-9445-4ed1-a29b-5c067b1bb6e8
2f054ef3,61558377-e0b4-5657-a8fe-19b91c930115
2f1618c1-8e99-44f9-b34f-e04b7540deef,2f1618c1-8e99-44f9-b34f-e04b7540deef
2f40dae9-fc29-418c-b209-e40d80c28709,2f40dae9-fc29-418c-b209-e40d80c28709
2f5042ad-2f9d-492e-abe9-c0225698d444,2f5042ad-2f9d-492e-abe9-c0225698d444
2f720b83,8a3c53f9-839d-5245-889f-29a2c9a146d2
2f785d79,2a158d36-e23e-5eb8-b403-91f0f1591df4
2fe16dd7-1cb4-4d74-99d6-77eee8cc3bc6,2fe16dd7-1cb4-4d74-99d6-77eee8cc3bc6
2fff7dd7,97f5df1a-c370-5a92-bdc8-ca17f7063edd
3004456a-f107-444b-aaec-988407b8e30f,3004456a-f107-444b-aaec-988407b8e30f
300cc4b8,2aeeaa64-0184-53e6-8fca-da5872ce79fd
302880d2,8d27ee74-e811-51af-84e8-d59315d21110
3040797d,0eb38727-45b7-59a3-aca0-e73cf91bd963
304e6bbd,14a4c111-9a9e-50d2-8b69-52743fcd09dc
308c42b3,3edcb214-d262-5fd8-a339-e68748b1c9ac
308de7d1-472b-40d0-a86f-c96af0547e58,308de7d1-472b-40d0-a86f-c96af0547e58
309316d8-6a56-49d5-930f-7641afec158e,309316d8-6a56-49d5-930f-7641afec158e
30aa92fb-b03c-4a2f-8f19-acbe111645fa,30aa92fb-b03c-4a2f-8f19-acbe111645fa
30dca461-40d2-4fba-8aca-3b98b350e80f,30dca461-40d2-4fba-8aca-3b98b350e80f
3106dd62-1e41-4889-aa95-34a8eda83ee0,3106dd62-1e41-4889-aa95-34a8eda83ee0
3128d77c,b81311c8-71b1-503b-814a-35bb6a35c95d
31349398-667f-4baa-b7f1-93f662c87230,31349398-667f-4baa-b7f1-93f662c87230
313ef39b,18afde0d-e8c7-5df8-a9f5-7a325806e6af
315458b3-00cd-401b-a5f3-b79f6524baac,315458b3-00cd-401b-a5f3-b79f6524baac
31667648-85d5-46a4-9d5e-ee4c4a56bd44,31667648-85d5-46a4-9d5e-ee4c4a56bd44
3166d2e8-e422-4b72-afb0-96315435103a,3166d2e8-e422-4b72-afb0-96315435103a
319570e2-1d7d-4286-bff5-e6fb2426a636,319570e2-1d7d-4286-bff5-e6fb2426a636
31a99053-97d9-40c8-af14-6a0d7f812bfc,31a99053-97d9-40c8-af14-6a0d7f812bfc
31b70655-f2e9-4ba4-8c9b-54a401dc6375,31b70655-f2e9-4ba4-8c9b-54a401dc6375
31c36d34,d53a74eb-8a17-5082-830c-e6a31383180b
31ca3701,d0f915eb-7322-5421-a25a-2bae80ef7377
31f84811,2e3fd99b-73fd-5d8e-a404-46a03a1b43bb
3211cda3-fd50-4141-bb8e-9e32518a067c,3211cda3-fd50-4141-bb8e-9e32518a067c
321f0705,9e9dbfe1-c17c-582d-8ecc-0e27c2d19567
3221f803-7a15-446d-8dde-03a03598fd66,3221f803-7a15-446d-8dde-03a03598fd66
32324f52-a190-4860-95c9-bb0d5d73c2b9,32324f52-a190-4860-95c9-bb0d5d73c2b9
323f8062,0fc88f85-910c-52d3-915b-b3e4f6cb57de
32481649,88152021-03ce-57bc-8767-61ec597f49ba
324ff5fb-21a1-4872-acfe-814ee4588494,324ff5fb-21a1-4872-acfe-814ee4588494
3254e7f9,cdf7ee09-9519-5707-8489-2685e8141a0c
3259526c,2ebe597b-3f9c-5327-8ecd-4010b136ddcb
327d1b82-99d7-4e60-9f17-4bfad6d0a2ce,327d1b82-99d7-4e60-9f17-4bfad6d0a2ce
3282acb0,676cf42a-26ef-51ea-824a-07b59232b1ca
328f8389,c65597ca-e2f5-5841-9946-b8870ff6c042
329190fe-760e-4421-b86c-de5b3933be8e,329190fe-760e-4421-b86c-de5b3933be8e
32bd234e-f924-4a35-9556-506325396f99,32bd234e-f924-4a35-9556-506325396f99
32c592a0,65883b0a-f035-523b-8f6d-7e07c7fa5c96
32cfc94e-a13b-4b3d-b108-b8cd898ff2b2,32cfc94e-a13b-4b3d-b108-b8cd898ff2b2
32d5e952,8a29d0b5-f9bd-5d13-a252-6db015c12893
330c94a9-0309-402d-b2b4-58347b61202a,330c94a9-0309-402d-b2b4-58347b61202a
331d16bd,fa17befe-c057-5af0-b233-5acfca8fd29f
33476185,c04acb36-eda9-5b6a-8c7b-9fe11be06253
336ad11b-cca1-464f-ab43-21f051c70a4c,336ad11b-cca1-464f-ab43-21f051c70a4c
337dbd90-f286-493a-b852-53742cc056d7,337dbd90-f286-493a-b852-53742cc056d7
3387273a-f67b-4b40-844e-3a2a1c731c1f,3387273a-f67b-4b40-844e-3a2a1c731c1f
339cbd04-8d4b-4145-859a-b9fa2da0bee2,339cbd04-8d4b-4145-859a-b9fa2da0bee2
33d23146,15456f7e-b951-5946-bb1b-5384aff8423f
33d95562-e68a-4d7f-8386-52f3e361eb18,33d95562-e68a-4d7f-8386-52f3e361eb18
33da4ddd,d93b7506-a50d-5b0f-9800-f136695a9a14
33eeb865,9926b4f9-374c-5357-b93c-88dd9ca16b99
34103f4b-38bc-455b-a899-5a0dbfca92f7,34103f4b-38bc-455b-a899-5a0dbfca92f7
341c8da6,188f513c-897e-5f8c-90cf-1e4f02d4e613
342a6a4c,41ea77ce-bc1e-5b2b-be25-1b6ab9911f74
3436a8fe-5e7e-4635-92df-dacf9372f783,3436a8fe-5e7e-4635-92df-dacf9372f783
346a7a13,8afedfd9-b042-5726-b5ff-226c2ff964b1
346dfd73,9aed77ef-f658-51cf-b241-9b0551ba4e4c
348f90ad,9721dd80-c689-5c4d-a47f-fc40c557374e
34901bb7,3b89eb46-f77b-5ed0-866b-761e433dfd77
34e3d94b-bc9f-4316-b02b-406f82854843,34e3d94b-bc9f-4316-b02b-406f82854843
34f76e14,3124f03f-8508-5604-81fb-19fa9c1282ea
34fa4aa2-1f88-4c0b-9513-4a676245e7ba,34fa4aa2-1f88-4c0b-9513-4a676245e7ba
353996c6-f338-4155-8b43-45a2e98f1a51,353996c6-f338-4155-8b43-45a2e98f1a51
35420153-7d73-4177-b621-31d85ff1a619,35420153-7d73-4177-b621-31d85ff1a619
3542e16a-fa24-484b-83ff-87b274fb8e6a,3542e16a-fa24-484b-83ff-87b274fb8e6a
354ccb5c-749c-4093-97d7-456d35644942,354ccb5c-749c-4093-97d7-456d35644942
35540791,2f962ce2-a0d9-5bd5-a180-c66edcc54793
3593455b-7c00-4cb2-b203-8cd75c87ab4f,3593455b-7c00-4cb2-b203-8cd75c87ab4f
3594b3ff,fe10c2a4-c82a-5d7b-a07d-3c9b17db39d3
359aaca5,5ef3bada-adf0-54b9-9c10-55291ff7b392
35cccb68,82071747-5f9a-561c-bc99-58a3662baee8
35d1688d-eee2-4471-924b-aec2a9a53f46,35d1688d-eee2-4471-924b-aec2a9a53f46
35d280fa,809af1c2-1a5d-589a-998b-495f9348aa51
35e12c3a-fac2-46bb-96ba-bf856851cce8,35e12c3a-fac2-46bb-96ba-bf856851cce8
35e1517e,72dab559-01ae-5cc2-8b1b-672ea604832e
35e46b8b,a4225fc8-b910-518a-aa49-8c5fb81cd942
35fda35b-a465-420c-a668-4e05a3b1e0f9,35fda35b-a465-420c-a668-4e05a3b1e0f9
3629822b-a48f-4704-b8d4-f29f6dfbd660,3629822b-a48f-4704-b8d4-f29f6dfbd660
362b9a73,80b9be46-4ab6-5c5c-813e-44b5b8beef38
362cc192,7e30804e-7b31-5c56-b89f-c9bb7ff73932
363512ac,c3a3a887-a476-5141-9dd2-1d681ae5fd01
363974d3,6d67af24-0076-5801-bfff-3dbf7884f81f
36397b62,6404c094-a61a-5047-9571-df1dd15802ca
3654fff8-c683-4320-bd94-8c8097292190,3654fff8-c683-4320-bd94-8c8097292190
3655bad6-bd5f-40ae-9506-f87ebee1daa5,3655bad6-bd5f-40ae-9506-f87ebee1daa5
36737993,c9639e2b-f70e-5681-a44d-117d45ce7b89
368649a7-e990-4e0a-b396-c64e8b9deb53,368649a7-e990-4e0a-b396-c64e8b9deb53
36b4f080,26ef50c4-9444-5f09-b7a9-b0da889352e1
36cb9fcb,83e44932-0619-5932-84a1-721bfe259cc5
36cd1b4e,0431321d-edb0-5362-85e7-bc707edc61f1
36f0b93f-4158-473b-8cf4-268029c14bad,36f0b93f-4158-473b-8cf4-268029c14bad
36f1c41c-2a3f-41c9-90e5-c54eaf3b2513,36f1c41c-2a3f-41c9-90e5-c54eaf3b2513
3727b930,37c67bfd-3135-5f8e-a05a-850f4200705c
37568823,7c73e1a7-ab41-5457-be3f-c68a3cddef45
3774e2c5,fd8997b1-2cb5-5ada-a5ce-19048c851dd7
37800bf6-13aa-44c1-bf7f-75e19660468c,37800bf6-13aa-44c1-bf7f-75e19660468c
3782cf33-d75a-4585-8d71-deacc017da89,3782cf33-d75a-4585-8d71-deacc017da89
3784d974,0a92792a-f4a5-56a9-8754-1a8795538036
37927956-b722-4aa1-9935-8c8c364345fe,37927956-b722-4aa1-9935-8c8c364345fe
37b35c28,9a22af05-7f11-5ed1-91c4-d044b236dd98
37dfebcc,cac33a58-8092-5395-a20e-00f0cd306534
37e92478-d072-49d1-b245-112ab821068b,37e92478-d072-49d1-b245-112ab821068b
37f708ba,50ebcfea-71ea-5a71-a34f-cadf23be69df
3801bd0f,f42a5d5c-b804-5a55-8b3e-a89d28e04f18
3829f4ea,68ecee37-f31d-56b6-9d4b-ba3e902de279
382dc3d3-fe8a-467b-92ee-1f1a7963996e,382dc3d3-fe8a-467b-92ee-1f1a7963996e
383d0533-4202-4459-aef2-7c010652e211,383d0533-4202-4459-aef2-7c010652e211
385c1561-4747-464d-9892-da046b3eb1bc,385c1561-4747-464d-9892-da046b3eb1bc
385d2712-f5ef-4d0c-8d3c-d2b6a4782abb,385d2712-f5ef-4d0c-8d3c-d2b6a4782abb
387f1fc1,c6158c14-b83f-5390-b27e-03b63987800d
3887be87-d32c-4685-9d01-06e6434cda64,3887be87-d32c-4685-9d01-06e6434cda64
388986bf-3734-4822-86f7-85d86d1996fa,388986bf-3734-4822-86f7-85d86d1996fa
3894cba0,3a21204e-dbdf-56fe-975b-e56dc472cbd5
389e0b7d,965b7096-c5af-512e-9990-84c6a7a27817
38a800e1,6e754db3-9895-503c-853f-36d9626b6100
38b23a6d,c826c772-caf8-5c36-9f13-ebf8ed122cb7
38ba21fb,bf850ec0-9b44-5ab6-b7b8-59cd1b3ae6a7
38c442ed-d72b-4371-b7da-71d47e273fc6,38c442ed-d72b-4371-b7da-71d47e273fc6
38c6dbfb,e4cb7147-3396-5a05-983e-74bbee1a4cae
38f691a4-22df-4d2e-b967-23c83fb49f67,38f691a4-22df-4d2e-b967-23c83fb49f67
38f9a107,ff561b4a-ede6-57d3-9c54-4322964d92d8
38fc19c1,3137bccd-c526-585e-ab0d-9ccb10dc46ff
39036b5f-5610-4c27-a443-25ac2fe19561,39036b5f-5610-4c27-a443-25ac2fe19561
3927b5a9,04072b92-fe1e-578e-9ef2-6c5f3a93c403
3930c539,7091b566-f7dd-57ca-92c3-bad9a0f729f5
393c78da,f3f51ed3-ecbb-560b-91c4-682244bd454f
3952cef8-be7d-4d13-ac33-376fccbe2659,3952cef8-be7d-4d13-ac33-376fccbe2659
3959eeee,08148280-d04b-5743-bc29-9b59b2b5fd7a
395b1a5c,34034ed3-f473-53b0-a9b6-be5fc30e69eb
396b09fa-caf1-4141-895a-3c004275911e,396b09fa-caf1-4141-895a-3c004275911e
397456d0,a802b4af-1524-5809-9a55-22240ebd5a05
398f8b52-5ea5-4abf-9ec8-c8afdc16f1c0,398f8b52-5ea5-4abf-9ec8-c8afdc16f1c0
39aa1f4c-f591-46c1-b33c-5dea9aa326d2,39aa1f4c-f591-46c1-b33c-5dea9aa326d2
39c936a4-0695-4a6c-881c-0b235748cdb5,39c936a4-0695-4a6c-881c-0b235748cdb5
39c98047,fd415a64-1a48-5d5f-ada3-9cb43b70e130
39d083dd,3fce8fd7-4bac-5a09-95d5-87c0ab04f0d9
39d75cac-6fa5-4f8a-b743-2d56c4d81c8c,39d75cac-6fa5-4f8a-b743-2d56c4d81c8c
39eee881-7cf7-48fe-b610-9d6ef711bffe,39eee881-7cf7-48fe-b610-9d6ef711bffe
3a05f3b6-7139-4305-be28-aafacd8f2e89,3a05f3b6-7139-4305-be28-aafacd8f2e89
3a295133,3ec87e23-f3e4-52af-8843-0162050214a9
3a6323c9,a7c4d8ab-431f-5754-b9ba-7b869db5c177
3a9fa79d,eb7239b1-012c-5752-b906-3dd05219307c
3aa40854-4207-493e-be4d-ece6204a3da0,3aa40854-4207-493e-be4d-ece6204a3da0
3aa914b0-2bbf-40d4-869d-ca8a0c001f36,3aa914b0-2bbf-40d4-869d-ca8a0c001f36
3aab33b7-05b3-4f98-b5c3-fdc48b976893,3aab33b7-05b3-4f98-b5c3-fdc48b976893
3ab1797d-eeae-4c99-b2e8-67bfb9007213,3ab1797d-eeae-4c99-b2e8-67bfb9007213
3ada2500-bac6-4c8c-8c87-159aa7459198,3ada2500-bac6-4c8c-8c87-159aa7459198
3af0fca4,bc7937ac-d97a-548b-b36e-cd04a2958c10
3b24c301-5067-4841-8e51-8515c2d2e716,3b24c301-5067-4841-8e51-8515c2d2e716
3b36bacb,a2d051ea-cc0f-5680-8f02-a7085659a6fa
3b4dea40,c6572d40-2d03-5cb1-bacc-91e7467bdb7c
3b975ff8,2ab7a4d7-29cf-53a4-ab73-cd296f21adf0
3bc172ff,e9b942ac-6308-5509-b0fb-bc75f2e8ea0c
3c02f1fa,8e8ed844-4b9b-5189-88f8-42509e888461
3c0a181e,e59a189a-8a60-55d4-9692-a252dc52b69e
3c0bd624,45aa3183-27c9-5608-aa18-37c1254afdbf
3c15104c,2450287b-554d-57f6-82f7-2efd566a14cb
3c413d26-7871-4b96-94d1-017e0f685d99,3c413d26-7871-4b96-94d1-017e0f685d99
3c506aa0,5c29303c-e9df-5499-b9cc-00cfee38d9ff
3c56cba2,50d5139d-e9bf-5aff-8b48-1510af11601f
3c5c08c1,bfc51968-42f3-5fe1-834d-1afe59c3a863
3c828051-efda-4ce9-9998-081a58de0eba,3c828051-efda-4ce9-9998-081a58de0eba
3ca039f2-9de5-4065-b564-8059782e615c,3ca039f2-9de5-4065-b564-8059782e615c
3cb4e2a0,feb5e130-b052-553d-b639-ad360438c42b
3cb9a04d-c377-4414-837d-0096397be2a7,3cb9a04d-c377-4414-837d-0096397be2a7
3cc01d04,c2012f6a-c054-5cb1-8aab-a19b6f31b3fe
3ccc7dd9,8c258ec9-031f-5e52-8b7f-ce9feaee0ccd
3cdd6bd2,a32c2a89-2123-5f1c-8b87-ea4c2782037f
3ce8ba61,8034c9d8-b8f0-5b7b-b725-61dbc8998b9a
3ce9ed27-5150-4486-863f-802551172d5c,3ce9ed27-5150-4486-863f-802551172d5c
3d1548ec,14d3677c-fa9a-55ab-9620-7c142c49569b
3d3c3f22,922d9f53-0a72-585f-bf9e-aac3ecfaf160
3d5a9dca-4f70-4f2e-94b8-f1054b59ca97,3d5a9dca-4f70-4f2e-94b8-f1054b59ca97
3d61c23d-00c8-48bf-9e40-5b3b318a7607,3d61c23d-00c8-48bf-9e40-5b3b318a7607
3d8e94f2,e5463baf-34bf-51ff-96f1-c2e062d40006
3dce214b-bb67-4792-a912-6e7583108e88,3dce214b-bb67-4792-a912-6e7583108e88
3dce66a8,81dc1496-3f53-58f3-800f-1051abfd7a6b
3df2c705-e1c0-4f24-a996-556a4d3cd6fa,3df2c705-e1c0-4f24-a996-556a4d3cd6fa
3e04e8a0,72ddf3fd-c173-5ffd-8413-e11b27ea22b4
3e5036c4,552872a0-73c2-5033-816e-70ef705630d5
3e66f58f,46d1f167-4fa3-5809-99a0-8a476f41b0a0
3e693e97,4ea79d5e-c1a1-5a15-ae56-11f7eb32beff
3e80f553-2b9b-4768-a67d-a0eae2d9fb60,3e80f553-2b9b-4768-a67d-a0eae2d9fb60
3ea64046-4aa9-4398-9d35-fd6ae400c227,3ea64046-4aa9-4398-9d35-fd6ae400c227
3ec68290,81d0ae57-d90b-5017-a53b-a57a827d65f4
3ed7f90f-5bab-46f8-acb7-a95259a5da02,3ed7f90f-5bab-46f8-acb7-a95259a5da02
3f106534,ca301d27-0bc1-5bf2-be46-9ceea15e9e77
3f14f10b,47db20fd-e1c7-510f-b555-de334fe51566
3f2b8a3a,0144abce-a489-5319-9f14-c7edd7a884f4
3f34d3f1,5a37f832-042d-5e0c-847a-572ed648707e
3f4ec81f-1c3c-46da-bb23-fef74bc15062,3f4ec81f-1c3c-46da-bb23-fef74bc15062
3f56f05c-6d6e-4cff-9426-36464d55d0c8,3f56f05c-6d6e-4cff-9426-36464d55d0c8
3f64a222-204f-418e-9658-bb07a754579d,3f64a222-204f-418e-9658-bb07a754579d
3f80e172-4f64-4cb1-a675-97c6f88aeb4e,3f80e172-4f64-4cb1-a675-97c6f88aeb4e
3f860ac3,7503ca37-6ed3-57b1-82a8-4e7325c6b17c
3f8c5548-d1d3-441a-a9c3-bf6bfe4facac,3f8c5548-d1d3-441a-a9c3-bf6bfe4facac
3fc58722,69d705c6-e5c2-5a7f-a1fc-521de1dcf495
3fc6a932,fa73e46d-2071-5411-b977-8ae9c050eb1d
3fcd0b54,1bd41218-6ba3-55de-be34-16428c5411dd
40191ff2,8275b19d-6d21-5ae9-9ab0-6d91961fc3d1
402a2ba0-1b24-4d75-ba7a-35466f367351,402a2ba0-1b24-4d75-ba7a-35466f367351
402f97f6,b89c5986-88ba-57ca-96ac-f2df0ec9deb2
404aabcf,f9479ad1-c70c-5f92-8f1d-a544641e2952
406217b2,7fb075d1-61e3-5aef-b948-93bff1fa4f5a
406d4860-e7d6-48cf-bc86-646fed89e556,406d4860-e7d6-48cf-bc86-646fed89e556
407333ee-c975-4553-9ad1-52b4f9736659,407333ee-c975-4553-9ad1-52b4f9736659
40935714-ff3e-4de5-a227-0f0774937531,40935714-ff3e-4de5-a227-0f0774937531
40a7018f,bc3973f6-d33c-54e1-994d-b30201db3dd5
40ab7199,84801c61-aa44-5729-ab74-fd0981f3b178
40ae6f72,4eb1e39c-4a4a-5ea8-b6ed-6487aad83749
40c89f67-a7b2-41ce-8dfb-230f8a0953c3,40c89f67-a7b2-41ce-8dfb-230f8a0953c3
40df5530,ed3641fb-7368-519f-81aa-34a85c2a15fb
40e4f977-a19a-4e66-a323-160ddbcc9abf,40e4f977-a19a-4e66-a323-160ddbcc9abf
40e75b1a-e52e-4784-a823-2821ba20206e,40e75b1a-e52e-4784-a823-2821ba20206e
40e8f9a8,2cc6e536-1f0f-514e-805d-f12a0f5167c7
410a74b5-425c-4950-9db5-e421aae30d66,410a74b5-425c-4950-9db5-e421aae30d66
4158c51d,c0701c9e-1dcf-523d-a1e6-6787d598cfa8
41d0c7f4-ea55-492e-8d50-06b78bba8b70,41d0c7f4-ea55-492e-8d50-06b78bba8b70
41db99a6,7ea7b2c4-c9e3-5962-a39f-66470d6a2882
41dc77b7-a972-4829-a3a7-26cabdd41dbc,41dc77b7-a972-4829-a3a7-26cabdd41dbc
42048df1-d885-4e38-a616-a3f182723bae,42048df1-d885-4e38-a616-a3f182723bae
421b8cbc,91f9996c-a917-5ee1-832f-bc4465695c0e
4225ebfc,44378e89-5e84-5118-918e-89c76337549e
422d322a,95f25545-ac1f-59ff-b826-f299f244f736
423fb405,440327c8-2924-52de-bb87-0b50c89a48fe
426c2cc1,07a413a2-38ce-55b9-a9a6-43b43efe856c
42707f84,00e06c4b-7a82-51ed-ad6a-f1d72dfdd097
42825eb8,4e531fb8-b97c-51b6-8c96-c6e4199608f9
42977989,e48eff60-7320-5284-a4c0-59b491db5b7e
42991a0e,3911a02a-24c5-54e7-ad8a-354cf7dcf413
42a04717,51b92d9a-149c-53c3-b5bc-97aac94a6a8a
42b3e833,a893f9cd-3f94-5edd-a994-fd8d4b841d3a
42ca24ca-beba-4591-9972-78ea18e8a577,42ca24ca-beba-4591-9972-78ea18e8a577
42e32f1e,91caf96a-f747-5f11-a97a-59fecbf00682
43050491-2b48-4b22-913f-f9b4736dbb9e,43050491-2b48-4b22-913f-f9b4736dbb9e
43262d09,f3ea4ab0-457f-5d5c-9839-b00a3a868f3a
4345bd3a,1ef7b368-e0d9-51a0-ac77-a060bb06b34b
436147c1-30c8-4205-87dc-0be9dc112629,436147c1-30c8-4205-87dc-0be9dc112629
436c0746-5787-40ae-a78c-50b5c8cb25d7,436c0746-5787-40ae-a78c-50b5c8cb25d7
4388ecbf,d8869c76-c1d9-5985-8cef-439da868b6ce
43912e4e,39cef887-0b41-543f-908a-94121f8fab8e
43a98be4,8a51fb47-8003-538c-ae40-cd02df2ed788
43aa4d53,19566eda-f830-5e27-b039-0ba8a16fa410
43adc45f-f600-43f6-be3c-4402432126f5,43adc45f-f600-43f6-be3c-4402432126f5
43b91899-086f-4e52-beea-00c8af2b971a,43b91899-086f-4e52-beea-00c8af2b971a
43b926ae-df5f-4d59-92c1-f57dcd0f01ef,43b926ae-df5f-4d59-92c1-f57dcd0f01ef
43d06dc4,fcd94d7d-de62-5fd4-b3ac-581126cdda0f
43e3a781-b8d2-44c6-ad3c-b3fdd618c6f3,43e3a781-b8d2-44c6-ad3c-b3fdd618c6f3
43edf892-47b1-477e-a54b-fa8b4afee68f,43edf892-47b1-477e-a54b-fa8b4afee68f
43f6bde2-1ba6-472d-8b5a-760ef8388228,43f6bde2-1ba6-472d-8b5a-760ef8388228
4406ce2b-2cd8-47bf-8c03-d0e6c2c500ab,4406ce2b-2cd8-47bf-8c03-d0e6c2c500ab
4417ebf0,dee4dfe7-443e-50c0-9b64-b0c6786bc36b
443ee54c-9092-4f0e-9295-664be627d5fe,443ee54c-9092-4f0e-9295-664be627d5fe
44404486,7f916ca7-4439-5cb9-9cce-b22bada00da2
4442c701,9e437007-f184-5306-9b76-dfe1048782d6
4462eceb-6f40-457b-9657-15d1b25fc0b6,4462eceb-6f40-457b-9657-15d1b25fc0b6
4464ed05,e246962d-d45d-5bbe-8d05-b129e226c907
446b4757-cb03-4498-b16c-e23855b44448,446b4757-cb03-4498-b16c-e23855b44448
448b1d72,662a6f79-8769-5615-bfe0-3596543c2094
44a976da-076d-4dab-a921-de7865ce6b96,44a976da-076d-4dab-a921-de7865ce6b96
44aabc4b-4098-4c97-ab42-651aaedaa8bb,44aabc4b-4098-4c97-ab42-651aaedaa8bb
44b60808,ad6d8365-db63-5200-9e4b-f79f28d43e63
44bf2d4c,82647eca-3748-5c2e-baab-384622817d30
44d2bb48,0799cd01-850c-5d26-b6e5-e92d5eb67d62
44f26bd0-1442-4876-9523-393fead78984,44f26bd0-1442-4876-9523-393fead78984
450831ac,ce3fea07-d3df-5d0d-9c56-3fda1d49deb7
4509505b-50a5-44f2-9fc6-caa58ede910b,4509505b-50a5-44f2-9fc6-caa58ede910b
450c35f1-3094-4e53-8035-3ade05a71e7f,450c35f1-3094-4e53-8035-3ade05a71e7f
45162e2c-0289-46bc-b685-595bf556d62f,45162e2c-0289-46bc-b685-595bf556d62f
45176cd5,4d8b3097-2601-5586-a7d1-ebbbf0155099
45457212-2aee-42f6-aef5-523c497dbcb3,45457212-2aee-42f6-aef5-523c497dbcb3
45483805-71c3-4599-9dc4-ab5b7ba13104,45483805-71c3-4599-9dc4-ab5b7ba13104
45873741,761fdc48-d489-5bf5-b2f9-e9d614601332
458e2917-4508-4f5e-bbf0-8bd4d332d0e4,458e2917-4508-4f5e-bbf0-8bd4d332d0e4
4591d22a-06e3-4bcb-8bef-67721078d8c0,4591d22a-06e3-4bcb-8bef-67721078d8c0
45a7c4a4,e5663baa-2b2a-5614-ab82-e23c41513647
45a8e132,18f8c973-9b32-5b28-afe2-76a03a82d099
45e80f9f,5e2f51c6-6637-537a-9b22-c12365411085
45f3ebdb,e22dd823-7afd-5738-bb21-03db3bea5113
45fc62d1,5691c195-86a8-5466-adf4-6806f7c53812
45fcc19f-d08a-45ba-b2bd-db97912c6e52,45fcc19f-d08a-45ba-b2bd-db97912c6e52
460308a6,c56ee235-25c6-5dcd-8c98-4bdc66f7d73e
460dd92c,5a4ef6c6-fbd6-5070-9437-1d7cb6c61801
460fab3a,ced3309d-f72d-52df-bcb7-30ae27af510e
463af585-cbfe-4bdd-afcf-7a9733ff17e9,463af585-cbfe-4bdd-afcf-7a9733ff17e9
4666438d,fe8a291a-b9e4-5336-93f8-8350e1277afc
46754ae9-0ae6-44ca-9fa7-0f79a322f85b,46754ae9-0ae6-44ca-9fa7-0f79a322f85b
46aa1816,8e89d3de-164c-548a-ac7f-67668cc9a4ed
46ba1750-fd9c-448f-a316-8d5608a2640e,46ba1750-fd9c-448f-a316-8d5608a2640e
46ca3aab,40490b0a-5394-59d1-99cf-fca3afc7e7f3
46d592de-8148-4318-8d91-1684f71a8879,46d592de-8148-4318-8d91-1684f71a8879
46dc41f3,f7f086f7-2ccb-5747-991c-ea7f750a4929
46e026eb,0ab9ebf9-bc5d-5f11-85ca-5aa2edbd72e1
46f1f637,5a3c0ac5-4726-5987-9143-4ae641a08148
46f9db24-2d88-413b-a964-699403ab850d,46f9db24-2d88-413b-a964-699403ab850d
471799b7,295fb8d3-f87d-5fd5-8233-0e1bc06333c0
47274ad9,ceaf246e-924f-5691-b86d-e754ba1c4020
473408e3-e4da-4308-a6d8-547570c3f6be,473408e3-e4da-4308-a6d8-547570c3f6be
4762a897-0427-4c4e-8a1b-a303f2f4e7d3,4762a897-0427-4c4e-8a1b-a303f2f4e7d3
477c9bae,b8fe7e47-728b-5fa6-889e-e3ace044e925
477d0bf4-5ee7-48f2-bf8d-2a51f0d9523c,477d0bf4-5ee7-48f2-bf8d-2a51f0d9523c
4786e411-c848-4f11-baaf-3f73e2defef6,4786e411-c848-4f11-baaf-3f73e2defef6
479153c9,bf0a3bf0-93c7-51ae-af72-3af9f9088e6e
4793898d,8cd505a5-771f-5ca5-a026-3f92541f805a
47b609b4-f740-4bfa-bc6a-089ab7f74f8c,47b609b4-f740-4bfa-bc6a-089ab7f74f8c
47c06baa-4cef-4f90-b505-a424e816e381,47c06baa-4cef-4f90-b505-a424e816e381
4804cd3a,5890f8a5-4205-5154-ab31-24a15e186564
480d5ea4,58739273-b921-50aa-ae80-6bd8c200267d
484b1a03-7b3e-405a-bb39-aa2496130399,484b1a03-7b3e-405a-bb39-aa2496130399
48524d02-e0b8-4d0d-8fe7-200c48ad03c1,48524d02-e0b8-4d0d-8fe7-200c48ad03c1
48585a2e,62f6a78a-4e78-56ab-a74d-8b6960167b44
486d816f-c2e7-4b07-950b-5e9419108467,486d816f-c2e7-4b07-950b-5e9419108467
488944a4-0bfe-49e0-acc8-507c954f84d1,488944a4-0bfe-49e0-acc8-507c954f84d1
488ddb5b-c93e-48f3-bd16-f9199976feed,488ddb5b-c93e-48f3-bd16-f9199976feed
48a2e3d9-6720-41cd-a95b-e4f3224f951e,48a2e3d9-6720-41cd-a95b-e4f3224f951e
48aac5ec-3cb2-40b1-9af4-fbe2428a2bd0,48aac5ec-3cb2-40b1-9af4-fbe2428a2bd0
48b759bb,4bccb1e7-8d74-508e-a706-91face8ff61b
48d0dd75,5de0ff8c-715b-52cb-b187-eb9813b6391c
48f03d38,7e672306-119c-5dd4-b884-80a27f2b4647
4929c29a,efba3e59-d43f-5325-9bf2-131efe517445
4936c918-93fc-4e4e-a5a5-33fef640bb6a,4936c918-93fc-4e4e-a5a5-33fef640bb6a
493c3ff9,f24f2510-78f8-5edf-8f38-2937e3c5d08f
497b9c60-19d1-4da3-b4dd-f4d074e54a3d,497b9c60-19d1-4da3-b4dd-f4d074e54a3d
49900b7d-40a8-4884-9386-b564172954e7,49900b7d-40a8-4884-9386-b564172954e7
49970376,6ac8890e-fad7-53d3-b6bf-a9c442ceb18a
499df8aa,f48be43a-f611-5869-b6f6-8ae060063a85
49a32564,1fef67f7-eaca-5995-ad02-8144ee4753e3
49ad49b7,148ff4c4-ca74-59d1-bf75-4dc9fc6194fc
49bfa561-04dc-4358-8e44-dab49ef4870a,49bfa561-04dc-4358-8e44-dab49ef4870a
49bfa7f6,a888b749-2e3f-54c6-8efb-43dab463bba8
49edde0a,9a49d121-47b5-502e-85ea-88b25b471585
4a0f77cc-2023-4153-a85e-3394cd6510f2,4a0f77cc-2023-4153-a85e-3394cd6510f2
4a10cb15-ede0-4395-844f-be96f8d659d3,4a10cb15-ede0-4395-844f-be96f8d659d3
4a32d264,f70c7f3b-d3c2-5fe4-a1c4-ead0417fadaf
4a372c40,fad29f2d-779c-5ebd-9753-c1cb2c1f81ec
4a439a32,dca71fb7-7c21-58d4-b640-4960d5c0383d
4a666f1e,27447fb5-edb2-5836-aa6b-0a1e6283568d
4a6d4d20,9ae57f1c-d29d-59f3-b5c0-defc67e52959
4a6e92ea,fa41b666-d4ba-5469-914d-b4764ce8fed0
4a805b72,10a160d2-1f83-5716-b878-0e74896f79b2
4a967c21-d428-4ebd-a2e5-cb5a7fa59733,4a967c21-d428-4ebd-a2e5-cb5a7fa59733
4aae90c9-13b2-48f1-bd75-080a373c5997,4aae90c9-13b2-48f1-bd75-080a373c5997
4aaffce1,2ce96c13-ea8b-5e3e-8440-4f221d047b8a
4ac0ebbd-8385-4440-b3cd-f8dd30412585,4ac0ebbd-8385-4440-b3cd-f8dd30412585
4ad00a4d,e16962d4-7699-5dd7-a9c7-acf89109d5f0
4ad48fb3-6f1c-4f88-9c3a-f29619986847,4ad48fb3-6f1c-4f88-9c3a-f29619986847
4ad8281a-8c18-48c6-b704-ae4aad0bb5ae,4ad8281a-8c18-48c6-b704-ae4aad0bb5ae
4ae81b25-467c-4aba-9e24-1afad582c25c,4ae81b25-467c-4aba-9e24-1afad582c25c
4af749b4,746f95d1-c45a-58b3-a6bc-1aea22a974f4
4af8c688,08246703-ee37-5f09-a86c-db8e944fe803
4b1be271-6b97-41ec-9dfd-a5d56a858d7a,4b1be271-6b97-41ec-9dfd-a5d56a858d7a
4b20583e-7f0a-40fb-9368-2c1ff5ebb4a5,4b20583e-7f0a-40fb-9368-2c1ff5ebb4a5
4b30f1e0,506bc0a5-bb21-5859-80c2-e98e2b9f331c
4b31cc92,0224392a-1a12-52cc-9c60-38bdd6712bc2
4b74a277,8495fa0f-56f8-57a0-8c00-e28c0fb6c9bf
4bacb50e-0803-45e4-9e67-2f3a37900ba8,4bacb50e-0803-45e4-9e67-2f3a37900ba8
4bb1721c-8e44-40a8-a3de-9a73bd163f38,4bb1721c-8e44-40a8-a3de-9a73bd163f38
4bb54a2c,0ad1e916-a945-53d5-be37-9418df9acd05
4bc63e98,3593a945-3dc8-5b50-8b78-e6d7b84a74b0
4bd4c1a5-fc42-47c2-9dab-4b35b46fb98c,4bd4c1a5-fc42-47c2-9dab-4b35b46fb98c
4bdc6ebe,6c819403-2b3c-5de3-a83e-66523a642f3f
4bf31b07-4728-4a09-ac6a-759d70effdcd,4bf31b07-4728-4a09-ac6a-759d70effdcd
4c258704-550a-4d84-8218-a3ddb9ce7342,4c258704-550a-4d84-8218-a3ddb9ce7342
4c25879d,9fb6352d-12ba-5d47-a1c8-468556e20e0f
4c28d6ca-d825-4d32-aeff-079415845afb,4c28d6ca-d825-4d32-aeff-079415845afb
4c2f7cb7-531a-44be-a77e-9c4bc2dbd560,4c2f7cb7-531a-44be-a77e-9c4bc2dbd560
4c37d22e-ea8d-4bb1-94e3-5049cddc84ba,4c37d22e-ea8d-4bb1-94e3-5049cddc84ba
4c512ada,47ffb9bd-cf4d-5bbf-8941-0e36284193b3
4c54eed1,bedc0d30-4eaf-5b00-9006-14abc9ef8cae
4c5715ad-396a-47b9-b6de-a8387687e6dc,4c5715ad-396a-47b9-b6de-a8387687e6dc
4c5b6ff6-2611-4a77-a8c0-6617cf48c67a,4c5b6ff6-2611-4a77-a8c0-6617cf48c67a
4c712a40-f0a0-48a3-914f-0795e0e1a6dd,4c712a40-f0a0-48a3-914f-0795e0e1a6dd
4c75cf90,1aa1e8e9-7f86-5706-b46e-a1e99ea14c88
4c8524f8-b922-445d-a711-80f9f6ed8ac6,4c8524f8-b922-445d-a711-80f9f6ed8ac6
4ca387df,746f857b-e2e1-550a-9e03-f768266c9970
4ca4a83b,f133b6d5-26bc-566a-9cd5-20caf4ce331f
4cacd758-5ae0-4d5a-a1f4-3caf69f0d227,4cacd758-5ae0-4d5a-a1f4-3caf69f0d227
4ce397b8-3fc6-441e-bb45-27039d4e0651,4ce397b8-3fc6-441e-bb45-27039d4e0651
4cfa7154-5e4c-4df3-9556-9129d6c3e0d0,4cfa7154-5e4c-4df3-9556-9129d6c3e0d0
4d15b597,a0b4f4a8-77e1-5f56-a2d9-89a8b4fdd947
4d44d885-571c-4da1-bc99-b12a1e2b9fa7,4d44d885-571c-4da1-bc99-b12a1e2b9fa7
4d47e8a7-5dfd-4fd9-ab85-b30ac7c5d22b,4d47e8a7-5dfd-4fd9-ab85-b30ac7c5d22b
4d523921-9af4-4d83-a462-d79eea8eb72b,4d523921-9af4-4d83-a462-d79eea8eb72b
4d596933,b63f948d-3701-58c1-bdd2-d677a889259f
4d6dd3f7-af95-40ea-b08f-930dafc482d4,4d6dd3f7-af95-40ea-b08f-930dafc482d4
4d797584,fd7c6fd2-c4f2-5e5a-8ead-675d8ad00131
4dd98d84,a98c7c43-080f-5208-af80-27c8e341d97f
4ddfb467,c461beb5-eeb8-51c4-ad7d-a6ac4afd2dbf
4de59812,8e35bd0c-6422-51e4-92f9-cd5e1bc684ba
4df9f4b7-ea06-4be0-9bc3-eda9367f1fd6,4df9f4b7-ea06-4be0-9bc3-eda9367f1fd6
4e085a45-b3c4-4d40-a19d-a4e2f1b029aa,4e085a45-b3c4-4d40-a19d-a4e2f1b029aa
4e0ae79f,b2394839-6a56-5bda-8663-04ae959d0350
4e5b7bba,f055d665-9f24-5af1-b1a3-6f66f90194a4
4e79faa1-db1e-4788-ae90-bfefd232d71b,4e79faa1-db1e-4788-ae90-bfefd232d71b
4e80b5b4,e538317f-5b7b-5083-ab17-1498a4d29671
4e82c84a,c7ef2bdc-911f-5904-b016-1d55ef59c7e4
4e9da521-a99c-4e4d-9693-3d35e5d5f190,4e9da521-a99c-4e4d-9693-3d35e5d5f190
4ec7ae32,f09f8e26-d82e-5741-a3bd-228e21282426
4edc6acb,14110958-53f2-54aa-9c10-862b026fdcd3
4eef2f54,6b40c30e-9f9c-5b4f-bc48-d4981e49a03f
4f2edc7f-5290-4245-a23f-716ad29cbeff,4f2edc7f-5290-4245-a23f-716ad29cbeff
4f2f1801-dd20-48ab-bc7f-b4285208e857,4f2f1801-dd20-48ab-bc7f-b4285208e857
4f318ce3,ec7446c4-3cb4-5ef9-a2a8-8da121d40c95
4f34ed2c,cd7343dd-32e2-5e42-a23a-3994aa1e9ca5
4f4d8c82,fe6cb97b-ede2-56de-b9f7-cfdaf0decb18
4f53711d-6bc6-44e4-a693-196bc7b41f5e,4f53711d-6bc6-44e4-a693-196bc7b41f5e
4f5e023a-644c-4335-b411-425df8bc7466,4f5e023a-644c-4335-b411-425df8bc7466
4f699c85,a90fafda-eff3-5ec5-b1b6-f40635138678
4f808341-bb0c-41b4-8a8a-8df13b91f962,4f808341-bb0c-41b4-8a8a-8df13b91f962
4f90ef3c-9951-4387-bc09-3acbfae4dbee,4f90ef3c-9951-4387-bc09-3acbfae4dbee
4fc7c8ab,08229ebc-fbab-5d5b-bb3a-58e721c0aeb9
4fd2d09f-30a5-47c1-be29-f5da89c228fa,4fd2d09f-30a5-47c1-be29-f5da89c228fa
4fd5e76f-1c27-4568-b11b-d2ff297fa718,4fd5e76f-1c27-4568-b11b-d2ff297fa718
4fd61355,6dea2ea5-1004-586b-9190-153e3f1f5847
4fdd67d7-6df3-4198-bec7-0b262d8c62ee,4fdd67d7-6df3-4198-bec7-0b262d8c62ee
4fdecfe3,b6af9366-8f81-557e-8d6d-e4ecec56a8d8
4fe4b7de-c3a8-42db-b76b-fcf2bfdba438,4fe4b7de-c3a8-42db-b76b-fcf2bfdba438
4fede822,4878f658-a0e2-5251-86a9-7506b0d484af
4ff4b961,e4641b2e-dc25-506e-b94b-c3c95eae18b2
4ffacda7,f82db51c-929f-5946-b1f6-3f79499873b9
500b2392,a59c0b7a-c9e1-5cd2-bc1d-1518d4e8d983
500daa45,5c51224e-834b-5bc0-a3c9-2cd099d13f50
5020e1ef,78a29d85-3e94-58ec-be87-abaf045fc995
5022a10d-0567-4779-af08-4819cd1ed33d,5022a10d-0567-4779-af08-4819cd1ed33d
503a5540,c3ee753a-7202-5e9a-aed8-31f382fbbe27
5062de79-15eb-4320-8bf8-6633a9cfa697,5062de79-15eb-4320-8bf8-6633a9cfa697
5065b5e4-e3b9-4382-99ce-71037f6b8a33,5065b5e4-e3b9-4382-99ce-71037f6b8a33
50a63e7c,b75e5d54-a02b-5fa6-9508-2b153639af42
50ba58a7,73ed1f48-183a-58db-a7a3-7180f3e80a08
50c1920a,83e9284a-3dc0-5a31-b44d-c05d0bae42ca
50c65df3,771125f6-85f4-55a4-a77f-895e9e71a6d0
50cc3171,9f4721dd-38ab-5da6-9e97-7a78a892fd88
50ecaf39-e564-49f9-91ec-9dafbc7369c9,50ecaf39-e564-49f9-91ec-9dafbc7369c9
50f61359-37c6-4392-9b14-ba5bd704169d,50f61359-37c6-4392-9b14-ba5bd704169d
51346338-2660-4a3c-85a1-6731e6db6bcc,51346338-2660-4a3c-85a1-6731e6db6bcc
513cacdb,009878ad-baee-5a53-a1ba-5f3242b67a50
514aa3f8,5de85e1f-0c74-5157-842d-c3e238b656c7
514d0b27,e347175d-145d-532c-a138-1291e1180122
514ee648,9b90b555-c482-5d4e-86db-b8172dc32ef9
51515c89,85cb5293-ef32-58c7-b0cb-ead88dd77b5f
515a44aa-bc33-43f3-9af3-25401a57ba59,515a44aa-bc33-43f3-9af3-25401a57ba59
517987fe-c1e3-49be-9f92-cc5494be3f1a,517987fe-c1e3-49be-9f92-cc5494be3f1a
518abcdc-303a-47c7-9761-8c6ed67ce753,518abcdc-303a-47c7-9761-8c6ed67ce753
5196eb4b-3ddd-4c39-ae15-acb9bf7733d3,5196eb4b-3ddd-4c39-ae15-acb9bf7733d3
51a09228,346de658-5972-5ddb-9ebe-6c62add20541
51a1442f,373e743e-c0ee-5f7b-80ca-8eed6760cc3e
51b24f25-39a4-4aae-82be-25df545a68a8,51b24f25-39a4-4aae-82be-25df545a68a8
51cc07e8,879ebd3a-be26-5243-9ab1-3bfb3a6a367f
51e6ce8b-f319-4cb5-a510-a18884d88516,51e6ce8b-f319-4cb5-a510-a18884d88516
51f6d208,960cde15-8d18-553b-9793-c9623f147b10
5207fec3,7d1586e5-f056-5897-a3f5-e283342c6e12
52473f28-1c69-4a53-bfa5-b3ea135ce865,52473f28-1c69-4a53-bfa5-b3ea135ce865
524c38b6-ff48-43dc-94c9-8ee1825771c5,524c38b6-ff48-43dc-94c9-8ee1825771c5
526125d8-2b30-40b1-8331-a695ca35ea84,526125d8-2b30-40b1-8331-a695ca35ea84
5278a9fa,31577b81-a1d9-5452-884d-7428d096a6b7
52a4e29a,ca1caf86-2e18-5a64-b290-b3d863f1e36b
52d3ff9b-8fb0-47c7-8b06-afcfecda5a0f,52d3ff9b-8fb0-47c7-8b06-afcfecda5a0f
52e8ec8c-9aaf-4a35-aaea-0afeb1249fab,52e8ec8c-9aaf-4a35-aaea-0afeb1249fab
52f1c746-1279-4207-970a-cf1156002244,52f1c746-1279-4207-970a-cf1156002244
52f8628d-38fe-419b-9152-8d41d47ac942,52f8628d-38fe-419b-9152-8d41d47ac942
53088939-5f1c-4785-b285-2d365bd60f46,53088939-5f1c-4785-b285-2d365bd60f46
530e1968-de78-4d84-9a77-5a247dc4cd4e,530e1968-de78-4d84-9a77-5a247dc4cd4e
531c9c56-d611-4d6a-8ca5-763d8f46f700,531c9c56-d611-4d6a-8ca5-763d8f46f700
5332912d,9ed76a72-c4a6-5d03-b042-b87cfc581262
533c9dc7,ddbbd331-18da-54b0-821d-78ff54ce21ee
534351fb,7633e13b-2692-533d-9f8d-990e5c8816b2
5364c275,dc45c541-bf6d-5b20-a9e2-a315379e5ab8
537f02ec,26fd926c-e97e-5638-8aa3-75508bf0e3bd
539cab2f-24dd-4224-8701-3bc8a1d1a7f4,539cab2f-24dd-4224-8701-3bc8a1d1a7f4
5431b4a0,ae3b520f-356b-59a5-a5f5-6c0254fa0197
544a0838,5df6496c-20c0-5bdc-9b83-f1c5e291de44
545e480b,fa417802-b12b-5af3-bc27-ab9a288e22f2
54928c6b,8c3a04b4-503e-5d63-bf19-d0bfa0a6f297
5495fea9,2560d63b-5f91-51e2-9b97-9614f82650ea
54a38553-46de-405c-a853-741a2994ee5b,54a38553-46de-405c-a853-741a2994ee5b
54ac3134,dfac6d0e-2bc4-5aa6-b074-e670d4009a9d
54b407c7,36e11d21-2c07-53b1-914e-e19e47d65acc
54c6d525,79ad0363-8fc9-5881-9f92-249957f1e248
54db9d3c,3706a926-a290-59ad-a2fb-8b82fb11b461
54e076c5-ce74-4e0e-ade3-00eda5455615,54e076c5-ce74-4e0e-ade3-00eda5455615
550ab538-fae2-496f-a502-35e544b6badf,550ab538-fae2-496f-a502-35e544b6badf
550f4cee-c365-40b9-a334-8991e9adcfb6,550f4cee-c365-40b9-a334-8991e9adcfb6
55235147,0a2323d0-8b22-5b76-813f-ba1167819811
55506859,8448de09-53a7-55c9-bd4b-c477775f1315
555e703a,1037d6db-7dc3-5c45-a53f-b31517d23e39
558a3b5f,9207ca13-aaa5-56f1-abd6-ea9d0181c9af
55e3953a-45c6-4e9e-b020-becc14c42b9d,55e3953a-45c6-4e9e-b020-becc14c42b9d
55f06b65,22a2de04-5d27-540c-803d-47c131e0298c
562a6cf9-2d8e-459d-836b-71f13ca7c36f,562a6cf9-2d8e-459d-836b-71f13ca7c36f
5644f923-6047-41a2-b22e-38d293d21bbe,5644f923-6047-41a2-b22e-38d293d21bbe
56600d2a-5fca-43b8-925c-c939f164fc82,56600d2a-5fca-43b8-925c-c939f164fc82
5661399b,3960cf9b-5e85-5d63-bdb3-90524d9eca91
566c4988,4b783a13-aa66-5746-9bef-d9e99e0bb815
566e71b4-10eb-4956-b948-1014977b363c,566e71b4-10eb-4956-b948-1014977b363c
567af7bc-4039-47e8-9361-5e70e3be02ba,567af7bc-4039-47e8-9361-5e70e3be02ba
569fd969,db2d7752-ec17-52c1-a02b-b0df491dd18d
56a7e431,123e3974-3045-5a3c-ac76-c4954f309eba
56b4a544-893e-4392-8355-2f37508853e3,56b4a544-893e-4392-8355-2f37508853e3
56e5e85c-03c4-45cb-b29e-b7e6b6c99afd,56e5e85c-03c4-45cb-b29e-b7e6b6c99afd
56e5ee87-04f0-4a70-b299-ac3def3d5c29,56e5ee87-04f0-4a70-b299-ac3def3d5c29
56e73dcd-e8f4-4004-a696-07e03a7fdefe,56e73dcd-e8f4-4004-a696-07e03a7fdefe
56eee35e-4216-4903-a1b0-c0c1cb4cd789,56eee35e-4216-4903-a1b0-c0c1cb4cd789
56f81025-c722-409a-8eb7-4e49e8041f6e,56f81025-c722-409a-8eb7-4e49e8041f6e
56fd3dfd,fe8750e6-bab8-54c8-b7cc-132e6f5e9c61
5703065c,7f889c24-0219-5b43-bf50-00e9a051e579
5710ac53-ece5-42fd-ac03-3f1f7d0b7469,5710ac53-ece5-42fd-ac03-3f1f7d0b7469
571af589-b4a3-4297-b269-0404e1afb8e4,571af589-b4a3-4297-b269-0404e1afb8e4
574ea0d5,4a901a6b-b27f-58f1-ab70-14b4bcbb7c24
57623df5,f4673284-dfc8-5de9-b3a2-07d01690610b
579708f1,699919e0-dc9e-5e48-90c0-012aa773ae4e
57c07f51,e6adb278-19a5-57e6-94e4-d83c56c6d392
57d9717d,33a4fabe-1f99-5c29-8858-c267c17c2996
58072947-8464-462f-943f-72c1ad059d65,58072947-8464-462f-943f-72c1ad059d65
58313636-bfd6-4ed4-920f-a63fb68bbdb7,58313636-bfd6-4ed4-920f-a63fb68bbdb7
58320a64-9a79-4129-9a78-68170893bc05,58320a64-9a79-4129-9a78-68170893bc05
583ecb60,720a3abd-0927-515f-b6b4-8bb0c8e2a7ee
584be5e2,133e4ea7-ed47-515e-b773-c7dfdad4fecd
58615a57,c70f330b-b01a-562b-b44d-afcaee05f8f9
58673bbc,bbb0e1f6-a0a0-5e4e-953a-3f0198f375bd
58909d32-9a3c-41df-8893-e7a470e75dd9,58909d32-9a3c-41df-8893-e7a470e75dd9
58999f65,64ce137e-2b30-5023-bf6b-b9df5a16bd60
589bf2b9,737be283-ac07-5aa1-a7e2-7aef72359a21
58d41202-fa39-4c3b-b53b-1b0bfde2fade,58d41202-fa39-4c3b-b53b-1b0bfde2fade
593b66d1-d4d9-46f6-ae41-6bda0cacc4a8,593b66d1-d4d9-46f6-ae41-6bda0cacc4a8
594132fd-7d99-4fc9-be96-bb96e08c60f4,594132fd-7d99-4fc9-be96-bb96e08c60f4
596396ad-47e2-445f-b8a6-aabd787fe8e6,596396ad-47e2-445f-b8a6-aabd787fe8e6
5985351d-6a08-4321-b57c-9d92480d394f,5985351d-6a08-4321-b57c-9d92480d394f
598b9741,da041808-7c21-5c48-a8c6-84d0f2a111d3
59b62d38-6d7d-4919-b141-dc723457abee,59b62d38-6d7d-4919-b141-dc723457abee
59c342a6,b8900319-3f1c-5be9-89cc-965755231d93
59d650e3-89e3-4927-bc19-21244fc776c9,59d650e3-89e3-4927-bc19-21244fc776c9
59e40cc3,a9cb13a1-b094-5ece-a789-a89464386230
59ebdfd1,b1ae4643-a25f-550d-88a0-7cc1da55f360
5a21a51d-8eb4-47b3-ab05-c164d80dc3c1,5a21a51d-8eb4-47b3-ab05-c164d80dc3c1
5a26ce86,92939af5-d8a8-5bb9-a7a2-fab6cce35f90
5a90ae35,d5cf6e08-8f6e-597d-ac69-41d386822235
5aaa18a4,165f5036-8c67-5405-a3f6-c79454142320
5ab19a83,d07d11ab-edd1-5d37-ac36-002b608c749a
5ab68104,8022a262-e7cf-5960-9f02-a06ae8172fbf
5abf02ce,35c69d34-2049-5859-9819-9ff15e8cf810
5ac47340-5c1e-4603-8dc0-ee22438a710c,5ac47340-5c1e-4603-8dc0-ee22438a710c
5ae80632-7c1b-42d9-b112-dfa1d618accd,5ae80632-7c1b-42d9-b112-dfa1d618accd
5aeafdae,b8e7f59f-d6f3-58a1-97e3-d8990b9fa511
5b0bf556,e5a8e5bd-e3ad-53cf-837b-bfebfafdbd69
5b4bc169,aa0a897b-73f6-5584-b3b9-b39591e892bd
5b534319-d60a-4336-9ccb-e3bdb5863a07,5b534319-d60a-4336-9ccb-e3bdb5863a07
5b7ed8dc,c33c7d2f-08d6-513b-b238-569af9b25fd7
5b8ba14f-733e-4b94-8a55-51feef0cbc59,5b8ba14f-733e-4b94-8a55-51feef0cbc59
5b9a4bc2,3f7b30d6-f8b8-5c25-bec4-f19a8951968a
5ba12b9e,bb4adc99-2125-5cc0-b41e-60eb4626ade2
5ba604f6-d4d0-4c76-b784-8870f5aaa6c1,5ba604f6-d4d0-4c76-b784-8870f5aaa6c1
5ba6fb6b,ce83ac6b-4188-581f-91cc-271a500feeb2
5bad1ee5-dc5e-40ea-a4fe-345fb2d1251f,5bad1ee5-dc5e-40ea-a4fe-345fb2d1251f
5bbe5b5b-7994-4c24-bd48-746850f263de,5bbe5b5b-7994-4c24-bd48-746850f263de
5bc6ee00,b9c26faa-73cf-5c2a-bd17-8fda27fef954
5bcd35c9-a55e-446d-b141-4d7ea30b7216,5bcd35c9-a55e-446d-b141-4d7ea30b7216
5bd0e66b,92961455-4598-5f36-ada3-1deb371f963a
5bfd30a7,36cd7a12-a156-56f6-9f95-532425afffe8
5c14aefa-bdf2-47b3-8029-3486123727c3,5c14aefa-bdf2-47b3-8029-3486123727c3
5c17c546,13cdb5d0-879a-504b-b94c-88820505353f
5c2084b0-2e25-4e98-aa9d-e21e5e704139,5c2084b0-2e25-4e98-aa9d-e21e5e704139
5c5e3be7-4a14-4296-ba00-153eaa12c31f,5c5e3be7-4a14-4296-ba00-153eaa12c31f
5ce0c138-0678-4c7e-a2bf-5b65a596442d,5ce0c138-0678-4c7e-a2bf-5b65a596442d
5ceffb2e,e93572cc-ad28-5bde-af7b-e49472873797
5cf3f920,1f166d51-94fd-569b-9ef9-099866220636
5d0d7a13-5f44-4d1c-8f36-605b6cec29c0,5d0d7a13-5f44-4d1c-8f36-605b6cec29c0
5d31f94f,b93d12b4-6d81-5815-bafb-a83a3290832b
5d3dc76f,f040883f-8198-5478-8c60-d5dfd1ceb69d
5d4a408c,b54bee2f-5ef5-54b2-acb2-b61158d2cbfc
5d4b824d,3f9e9551-d2f1-53fd-9f24-e3fe98ec5ffb
5d5d8e99,77c70a0c-4149-5b37-97c2-0ce9c3071946
5d5f3b4e,340ca6f0-63be-5e88-89e9-52ba242a0489
5d616978,9d5d3030-544e-5e73-90ee-222d70f5f091
5d7ea9de,8fbfec5a-b84a-55e5-9a67-933659a8659d
5da9afac,4cb42367-a276-5795-b947-34fac7fb6d61
5dc1eef2-5026-486a-81da-153c66e99c0b,5dc1eef2-5026-486a-81da-153c66e99c0b
5dc51989-5991-40af-977a-f5465e9c0e60,5dc51989-5991-40af-977a-f5465e9c0e60
5dca674e,25c714ff-e9f4-52b5-9c24-63a7cdd64340
5de5f236,e6cb3437-4d9a-5db3-8d37-8c010e9e8d6e
5deabfbd,150f33bb-1c8b-5809-a4f8-755d2ed4ea8a
5e04dbb9,0ab37545-ba57-523e-bbf3-7aea47bedfd4
5e28e755-9144-4f56-8883-0e14f80e8d1f,5e28e755-9144-4f56-8883-0e14f80e8d1f
5e3e8490-0fc2-4921-bc78-80cc01b82e41,5e3e8490-0fc2-4921-bc78-80cc01b82e41
5e4f37f8,750204e8-8e73-58e1-ab98-fad1ffbdcab4
5e73a827-2f65-4b01-8b28-83195be7a61e,5e73a827-2f65-4b01-8b28-83195be7a61e
5e9d0a08-ca40-499e-aef8-b49261efaae3,5e9d0a08-ca40-499e-aef8-b49261efaae3
5eac8721,a39d98f2-c942-5105-8503-8c5af623d36b
5eaf3b64,71ad5291-e44c-5818-81a0-16bd02ef042e
5eb5826b,fa1bfb3c-ba07-5550-bfd8-7cce07d72948
5ec1b791,a11cb0d0-a1c6-5807-8407-0339ad0c71c8
5edd3dad,9e7dc1a4-1fa8-51a4-80c7-d6767e7a521d
5eef156b,eda8dfb9-84af-5f24-833e-45a09b2e5c73
5efea88e,8cad8839-6276-5c8f-a814-d29c46730213
5f0b53d7,a162275e-e40a-511a-88f2-0293bdc6a70f
5f3d174e,16006818-c046-5897-8c8c-efaef8b9d8a2
5f3f15cd-1f00-4338-8b0f-6c6ef5460955,5f3f15cd-1f00-4338-8b0f-6c6ef5460955
5f51b5d0,400984e9-d028-51c5-a735-478c3ee92fdb
5f775425-0ebc-4c48-9d3d-92877a5498df,5f775425-0ebc-4c48-9d3d-92877a5498df
5f7b85fc-40d0-41ef-bd45-5829383fcdf0,5f7b85fc-40d0-41ef-bd45-5829383fcdf0
5f7c7245-0818-4757-ad57-d097517577c2,5f7c7245-0818-4757-ad57-d097517577c2
5f880a83-d138-4785-aa57-9eb42a2eb437,5f880a83-d138-4785-aa57-9eb42a2eb437
5f921c68,2153e637-3fa6-5e00-a672-aae4a53585f9
5fa3c435,129c12cf-788b-5e6d-a924-e110cb15f0da
5fd17ddf-95b3-4273-8646-1a090c786a05,5fd17ddf-95b3-4273-8646-1a090c786a05
5fdfd90a-2f3a-4bfd-984f-d320b7f38a5c,5fdfd90a-2f3a-4bfd-984f-d320b7f38a5c
5fee2274-32f0-4063-a603-e791a9e2b4ed,5fee2274-32f0-4063-a603-e791a9e2b4ed
602c93af-eae3-4710-972f-6ba7ca552e5b,602c93af-eae3-4710-972f-6ba7ca552e5b
60680e34-9f66-459f-a2fb-f75d10de8f6b,60680e34-9f66-459f-a2fb-f75d10de8f6b
60728d38,aa2bb9d9-b847-5355-b0e1-1d89171f31fd
60755c74-427e-4dcf-945a-ee65182716dc,60755c74-427e-4dcf-945a-ee65182716dc
607b69b8,a1982a3b-3446-5072-8c54-2ef6e1d9ec86
6083853c-5469-4412-9d84-ad50666939d9,6083853c-5469-4412-9d84-ad50666939d9
609419ed,b67c8006-b9be-53f0-b2b5-a8a41d33672a
6096a3f4-0c26-48e2-900e-dc7f0048d70c,6096a3f4-0c26-48e2-900e-dc7f0048d70c
609ce80d,bb4e916d-bfa1-5f73-b0d4-14ddaf09974f
60afe880,b2061410-0046-54db-97ba-7f309fa1aa83
60bb4f6c-1d1e-47be-a6c0-4ca95eb153ab,60bb4f6c-1d1e-47be-a6c0-4ca95eb153ab
60cf276a,65a78a1a-4952-5c31-bf7e-bc82f19f5e43
60d02355-00fc-4e33-b8d4-38cef2796371,60d02355-00fc-4e33-b8d4-38cef2796371
611f7609,3097ff3d-61a9-54e7-b95d-811c11d6e1d2
613aa568,6f51ea0e-9b62-5db7-bd31-0313ebc578a0
61762da6-9624-451a-b291-59374bc50b7b,61762da6-9624-451a-b291-59374bc50b7b
6177733d-c9d9-46ef-b912-8fb2546a96ea,6177733d-c9d9-46ef-b912-8fb2546a96ea
61846959-f4e0-4e6a-a06c-423847e754e6,61846959-f4e0-4e6a-a06c-423847e754e6
6189c9fa-c346-4185-88ed-e0f56fd15cd0,6189c9fa-c346-4185-88ed-e0f56fd15cd0
6197eaaf,764bc308-da14-5512-ace1-24b914b01c97
61a012c7,c59d02fe-e306-5137-8971-b69c8dd05d25
61b65b54,a2cd2fdb-2653-5dcf-9c9b-832a705bcd78
61d61eb7-26d6-4e4a-9529-b28eb3c9dee8,61d61eb7-26d6-4e4a-9529-b28eb3c9dee8
61dc3ce5-211a-4e43-ac86-adc8e272aea2,61dc3ce5-211a-4e43-ac86-adc8e272aea2
61e51f8a,d3bc63ae-93fb-54e8-81be-43c1ea41f5e3
61f955f5,6d345a66-3cc9-5c4b-98e0-7e4d2cc55aec
62197f45-a704-4cee-9670-db2b792dbd9e,62197f45-a704-4cee-9670-db2b792dbd9e
622aff87-c63c-4f5f-96ea-3f478714727c,622aff87-c63c-4f5f-96ea-3f478714727c
62438e7b,7c8aca45-e000-5bf9-90df-664029397edb
624a3f95-09f0-483e-9daa-cfb097f88d97,624a3f95-09f0-483e-9daa-cfb097f88d97
6258c147-3661-419b-ace8-8f52c4433a48,6258c147-3661-419b-ace8-8f52c4433a48
62838762-642c-425b-9481-884021e34163,62838762-642c-425b-9481-884021e34163
629fa23e-c3d8-41b6-8165-ae61fa0b86fe,629fa23e-c3d8-41b6-8165-ae61fa0b86fe
62d36887,7e544360-a1cf-5e57-97c4-28d575ef7f36
62d89603,b09b24e5-3cf1-5073-8fe3-19cff5f623e1
62fa9eb7-ea53-4bc6-8638-ce3c29c30b17,62fa9eb7-ea53-4bc6-8638-ce3c29c30b17
630a55d3-a3aa-4744-814e-158d640fc7a1,630a55d3-a3aa-4744-814e-158d640fc7a1
6317f660,098cb3a8-6b90-5e3d-a048-4a9541926eaa
6324c08f,30aeafb2-1f95-519d-ad41-04bf6a62ab02
63371da0-5886-46bc-9275-f07f93ad2c09,63371da0-5886-46bc-9275-f07f93ad2c09
634d8a75-e7a6-4caa-9eb7-42065dcf7193,634d8a75-e7a6-4caa-9eb7-42065dcf7193
6368b896-5a96-47c9-984d-73742359d483,6368b896-5a96-47c9-984d-73742359d483
6368f883,65655e4c-a646-5d0a-9458-8b5f71696091
636bf669,bf5cd912-a2a7-534f-9145-ffb46ebc3c7b
6370afa1-745a-4633-8b1f-93256143d2c2,6370afa1-745a-4633-8b1f-93256143d2c2
6391fd7d-163a-468b-869e-d2e0207fe857,6391fd7d-163a-468b-869e-d2e0207fe857
639a0436,7cf82f7b-7c19-5bdb-b039-4c370ee3888a
63c9c07f,4fb1ab0e-ad36-574f-a689-11a3f0e13751
63cad811,155142fc-ab9f-5f28-8273-97aa1bffc129
641a1514-d95e-449b-89e7-66988691f30d,641a1514-d95e-449b-89e7-66988691f30d
644df81b-471b-4ac0-81f5-89a3f3d9a82d,644df81b-471b-4ac0-81f5-89a3f3d9a82d
6460b301,8933cbb1-83a0-546e-90fe-fc9f472619c7
64664407,cfb41e82-eb21-5f7c-ab15-db333ea864d6
64709fd8-9448-4cb0-ad2f-794889658720,64709fd8-9448-4cb0-ad2f-794889658720
6496ff16,74d482be-b97d-5c8c-a73c-42e84a914acb
64a68efe,15f19129-9e7a-5fec-8ab8-f675b57d852c
64acbfa1-80cb-48cf-a6dc-cd4d7957f3cf,64acbfa1-80cb-48cf-a6dc-cd4d7957f3cf
64dbafc5,c70a63a0-6fde-5a0f-acec-4105faa648f1
64df2f5d,f5e963d5-bc78-5dbe-8587-9a362dbd02a0
6517782c-d142-451e-899e-d1ed848b7a32,6517782c-d142-451e-899e-d1ed848b7a32
6521b961-7626-4deb-84f9-d7c508aa2634,6521b961-7626-4deb-84f9-d7c508aa2634
6525cc86-17a1-4e93-9df5-0702fcdb6e65,6525cc86-17a1-4e93-9df5-0702fcdb6e65
653415d3-221f-4615-9b91-b3439125316a,653415d3-221f-4615-9b91-b3439125316a
655cb0ff,0a516ad2-9a86-5a02-9847-1b4b4bd6f5a8
655e77b9,a87bf920-1cab-515a-bdb3-4486422d7208
6594afe9,698bd553-9525-5c87-a3e0-2e2a0d47f209
65955c57,a1c383a3-d355-57c8-b9d1-f2a1e62227d0
65a5a8bb,8703132c-1e5d-50b2-881c-06939c4dc085
65ba64bd,54f689c4-9493-5e6c-80b4-c0cf0387ae12
65de424b-3f0c-4560-8554-352e4b1ebc91,65de424b-3f0c-4560-8554-352e4b1ebc91
6612c77b,e167d3c9-60f1-5681-9bc8-cfaff1adf9a6
661ca143,9d467b91-42df-53cd-81d1-7db0adb7da84
6640e2a9-b551-4296-9c74-5917436d1f08,6640e2a9-b551-4296-9c74-5917436d1f08
6660b1e7,92215893-96a2-56ea-98d4-cb9d3cce29a2
66721231,6d2fd061-340e-5c25-9c0b-e844def08fd3
66a07b42-13e3-4a14-a059-6385d1fa5e3e,66a07b42-13e3-4a14-a059-6385d1fa5e3e
66b160e1-0dfd-44e9-8e43-10f617685035,66b160e1-0dfd-44e9-8e43-10f617685035
66b9aa33,3152638a-1f85-5f90-a9dd-a7807327885f
66c4ed5d-157d-4a15-bc7c-5ef99cb8070f,66c4ed5d-157d-4a15-bc7c-5ef99cb8070f
66ce2731,364e0ba5-b1c9-5d98-b971-9e7fa606888f
66d9d653,749786fd-9d51-5874-91a8-3d7510c3995d
66ec69d9-a233-4e25-96e8-803cca9e15d9,66ec69d9-a233-4e25-96e8-803cca9e15d9
66ed659b,5d0bfe02-8818-5694-9fea-c792ca046459
66f8381b,1fb8bbf1-e1cc-5ea5-81bc-23b1ebdf5e8b
67259a84-f71c-49af-a5fc-0bd997405a88,67259a84-f71c-49af-a5fc-0bd997405a88
6727a3e7-63e9-46a2-a9ce-a239e0e6dc57,6727a3e7-63e9-46a2-a9ce-a239e0e6dc57
673d302c,29b1bc6a-b1ca-5135-860f-ce1d76451d56
674231d8-1ede-489a-a06d-ceb3cfded70b,674231d8-1ede-489a-a06d-ceb3cfded70b
67488999,0c7c7f53-95df-5c46-8492-9ca747a2852c
674e97ae,4276d0b0-5ae5-53f2-8a5f-f44fbb9434e2
6765cb5b,025a5bd8-f3b3-57d9-8af2-18c5deac7eec
67671c56-161d-486c-8dfd-8cf13daaa11e,67671c56-161d-486c-8dfd-8cf13daaa11e
67b3ed50,4e82cea5-652f-5556-bdbb-42a96cbcd4ce
67ca57db-472a-4a8a-a4d2-b7e665c63240,67ca57db-472a-4a8a-a4d2-b7e665c63240
67eee23a,1873233a-1a9b-5662-8adc-abcc48db7e89
6817967c,99512534-73d9-5414-a32c-fa8380f196ff
684a0f0e-c513-4528-8d71-99e215b4b1dc,684a0f0e-c513-4528-8d71-99e215b4b1dc
6855a4f8,0a583cc4-63ff-54e6-a1c4-2ca93622b06d
688bd5b5-7177-47f3-aaad-f2ad71abbf2b,688bd5b5-7177-47f3-aaad-f2ad71abbf2b
68b17820-9c35-4071-bb9f-98310e0ba9f7,68b17820-9c35-4071-bb9f-98310e0ba9f7
68d149f7-4d5f-4bb4-b088-b9dee51dfce9,68d149f7-4d5f-4bb4-b088-b9dee51dfce9
68e6d953,a7f9996f-e041-5219-9942-bbb4370916a4
68f58dbd,fc4faa2f-e5e9-5093-b318-2498fb32e5c6
692c75e1,1f8ca72a-3536-5393-b1f1-92edac74023c
6935c571,92a3a273-6cba-54a0-b06c-11f83d2d95b7
69475025-34ec-41b3-bc6e-c6bfb26ff760,69475025-34ec-41b3-bc6e-c6bfb26ff760
694dd225,8b8990cb-ea88-5224-a9d2-b95e5bc8bf33
697de965,64151407-55c9-518c-b207-5464f3b8600a
69979e7a,9d6954d6-8edf-5ce9-bcc6-c509df0f1687
69a65d92-fa34-4ffc-a46c-83d8e62be2ad,69a65d92-fa34-4ffc-a46c-83d8e62be2ad
69cea0ef,ebbbb4f1-83f5-5a72-9135-0ef5c407ccfe
69dc6787-8947-4591-81bc-712a5b24e56b,69dc6787-8947-4591-81bc-712a5b24e56b
69f7bfc2,9941d75d-5699-59ca-9044-3df774cd3cbc
69fbbbdf,1b28efd7-0151-599b-957e-c788a58c7de6
6a0bc674-e8a9-4c98-9cf3-891decbaa9ff,6a0bc674-e8a9-4c98-9cf3-891decbaa9ff
6a112d7d,81fc2ab5-4f3d-5971-9ced-1e3a9e3b9a51
6a23160f,c74ea542-499e-5f8f-9acb-ce578314842d
6a239fdc-80cf-4d93-8eaf-91e24f267e95,6a239fdc-80cf-4d93-8eaf-91e24f267e95
6a2f843e-e7c9-49e6-b56f-3fb26246282a,6a2f843e-e7c9-49e6-b56f-3fb26246282a
6a3b74aa,f737fcdd-9e90-5ce2-a578-177b6cea0e0d
6a3fdb2d,1dd6ecdc-97e6-58ab-b3a5-671883fbc033
6a45f2f7,f7983be6-d20a-58c3-b095-43ddc5571fea
6a46758f,2c2c241c-0f50-51f8-bd5a-0d435bc7bec4
6a4b79bc-7652-4887-8ba5-61e27eaea049,6a4b79bc-7652-4887-8ba5-61e27eaea049
6a50f3e9-3ac1-4d2f-841c-315aea18444f,6a50f3e9-3ac1-4d2f-841c-315aea18444f
6a65c85b,180d0d97-1021-5186-8d43-11e276cb913a
6a776d98-ed5d-430e-b9ac-f55c120344b4,6a776d98-ed5d-430e-b9ac-f55c120344b4
6a79ce9a-2793-404e-8f8c-f56f5ae3fe11,6a79ce9a-2793-404e-8f8c-f56f5ae3fe11
6a84c512,9c460452-c393-5401-9323-00e8c35185c3
6a9a7edf,2022bdce-652f-5297-b707-82b4e547ae97
6ac63e09,f3243231-33fd-5f67-9af3-bc76ba80d6a0
6acd8ee3,f902d2a1-363b-5c1d-9779-d47c3ec7a223
6ace8fe7,13c566e0-427f-5ac3-956d-b11191799bcd
6aee4a58,9e5204a6-ed89-54fd-9156-47a74f1b74aa
6b0b2d8a,4ef232f7-32f0-58f4-b20e-c2dc824f4ede
6b228581-a59a-429e-9ac4-172aae02d8c7,6b228581-a59a-429e-9ac4-172aae02d8c7
6b229dd7-1778-4c7a-be55-03db289fedf0,6b229dd7-1778-4c7a-be55-03db289fedf0
6b2a4bfe-919c-4d20-8af8-86d0a24a30c5,6b2a4bfe-919c-4d20-8af8-86d0a24a30c5
6b32635f-ea9d-4d8e-aa0d-188bf1b3e241,6b32635f-ea9d-4d8e-aa0d-188bf1b3e241
6b8c4237,6ea368cc-b278-5cd1-96f3-6a8d40b6f272
6bc73528,7770b754-264b-58cf-84ab-965c596cf179
6bed3da0-50f9-49b2-bdad-f3a8fec5dc09,6bed3da0-50f9-49b2-bdad-f3a8fec5dc09
6befa02c,4ea5b409-d8ae-5919-84f5-15c29b09029c
6bf6d861,d02fc74d-134d-5c19-86cf-4a3592c65907
6bff1f1b,dc6fde61-310d-5ee8-b0af-3bfe7dcfa5ab
6c0ba711,19651ca8-d7b5-58c9-88b3-bbd93ce2fec4
6c0e2456,ae5dcd4c-162a-5f8b-8c6a-927fc5f7e810
6c1aafac,a903e01a-084a-5611-ad34-d5a29478303e
6c25ad95,cbf06a0d-c55f-51c2-a7ee-ed73bcd7ee37
6c319802,704f0ed6-3e12-545a-aa79-0346ae56e257
6c34c9e0,1cc58be5-3239-5360-80b4-81ad02c5729a
6c388dfa,2f9ad296-eeb5-59d7-952b-4615a11d6c8e
6c3b98d6-0d6c-472d-a008-824de08fdcd2,6c3b98d6-0d6c-472d-a008-824de08fdcd2
6c5f228a-7e01-47a7-98aa-c29d75ac0dd4,6c5f228a-7e01-47a7-98aa-c29d75ac0dd4
6c70f204,fe6341de-cd1c-5d45-8075-0902d08ee1ab
6c8cac29,b1526575-0a75-5efb-a3f8-62f334023da5
6c91c2e4,e5775dd9-d0c7-5dc6-8110-16920122c1dd
6c9888a9,589e7c3f-a1b3-5121-aef3-860ee44f6009
6c9ae978,ad7d124a-07b5-5ec0-878e-03e184996d4a
6ca1c93c-165a-48d4-8e9a-30581829aa33,6ca1c93c-165a-48d4-8e9a-30581829aa33
6cc0432b,caf7d336-47de-58c1-9c60-1b698b4dbc9a
6cc142f4,26f954d8-060f-5bf4-8779-5b22436fb4e3
6cc56729-178f-4614-9a2c-9c943841f4fd,6cc56729-178f-4614-9a2c-9c943841f4fd
6cd4b03a,0552ffa1-9db5-5ce4-affc-51bbd7af994e
6ce238de,418d163d-2acf-5548-949c-511e1b5b9ec8
6d22996b,120fc85b-a16e-5b77-80cc-ba117524a585
6d497236-8915-4ad6-86ff-1d51aea6e247,6d497236-8915-4ad6-86ff-1d51aea6e247
6d4afcc1,6113eeb9-fa5e-583f-9312-99ab90bc1a2b
6d9684fd-546e-452e-a2c4-39be02110b75,6d9684fd-546e-452e-a2c4-39be02110b75
6dad2321,8da48590-ea15-557e-b57c-64579dbfaa7f
6dde3315-09ac-4ee3-b196-71ee645bc254,6dde3315-09ac-4ee3-b196-71ee645bc254
6de495d0-6ca3-4891-88ff-10dbec1c56ec,6de495d0-6ca3-4891-88ff-10dbec1c56ec
6df5cc7f,c64cce73-050c-5b82-8e4d-a6042c0e08cb
6e1c5749-a94d-4257-8ccc-5979c407c7b4,6e1c5749-a94d-4257-8ccc-5979c407c7b4
6e1f9565,fccff579-e0a3-5a41-90d3-634c451df20c
6e4065ae-517c-4c1f-a3d7-cad754f2b5e0,6e4065ae-517c-4c1f-a3d7-cad754f2b5e0
6e45b184-b418-48a1-bfa9-cb71497f5b67,6e45b184-b418-48a1-bfa9-cb71497f5b67
6e4c1f45-8a96-44d7-8dfa-993087cb19bd,6e4c1f45-8a96-44d7-8dfa-993087cb19bd
6e5cc3d3-40e0-4e81-8cdd-42d6f22bda79,6e5cc3d3-40e0-4e81-8cdd-42d6f22bda79
6e61d3e7-a5dd-4ab0-a691-d7ed506a1b77,6e61d3e7-a5dd-4ab0-a691-d7ed506a1b77
6e659e41,0ed04f0c-a22a-5cdd-a567-f2c0b6a7d5ee
6e6cbcd2,feb63743-3f04-578c-a25c-f7e811daaa6e
6e76c547,80c7df71-3457-589d-a6a6-040cefc7baff
6ea16f49-9e44-4394-bc18-b98b092018ca,6ea16f49-9e44-4394-bc18-b98b092018ca
6eb37c41,a7d1c0b6-ca46-5c2b-8dda-a0d7db268971
6eb8fcbb-cd87-4dbf-b17b-5a2c42624710,6eb8fcbb-cd87-4dbf-b17b-5a2c42624710
6ec81d08,3fd5d690-1910-5fbc-bcc5-91c08089d2a4
6edf1ec5,aaace143-ea6f-5349-b973-fa72f1eb27f6
6eeae4d7-5b98-43a6-a613-a51b2ef86684,6eeae4d7-5b98-43a6-a613-a51b2ef86684
6f04237b-c843-4884-9698-826d2b2c49f3,6f04237b-c843-4884-9698-826d2b2c49f3
6f0e0b94,174c6be1-2cff-5ed3-9b1f-b6c8e7cb6923
6f4415dd,57505282-1a21-5c74-bcd8-bf3dda4ea53e
6f456b6d-8c22-41d7-835f-3384c3f718bf,6f456b6d-8c22-41d7-835f-3384c3f718bf
6f5baded-eaa7-4376-b3b1-d9c2d8fe3158,6f5baded-eaa7-4376-b3b1-d9c2d8fe3158
6f5ee1d5-daab-43e9-93a6-2db259041efe,6f5ee1d5-daab-43e9-93a6-2db259041efe
6f636863-0d30-4aea-9bb8-4e72870dca34,6f636863-0d30-4aea-9bb8-4e72870dca34
6f8f6209-05fd-4904-a29f-3393cc21ae20,6f8f6209-05fd-4904-a29f-3393cc21ae20
6fa29658-1583-46df-8e8e-32f81b23e800,6fa29658-1583-46df-8e8e-32f81b23e800
6fb5aa0f-f41f-492c-b3ea-8796cd61c0dc,6fb5aa0f-f41f-492c-b3ea-8796cd61c0dc
6fbb8373-6042-4a83-904a-6d74385fa645,6fbb8373-6042-4a83-904a-6d74385fa645
6fbe9fae-7ed6-46c9-8eab-34201b3403bc,6fbe9fae-7ed6-46c9-8eab-34201b3403bc
6fce035e,73e7cdcb-7d23-5ca0-a1b5-96126935b38c
700296f3,a60226a1-6bcb-51df-b684-00f0a091242b
701639cb-8291-43f1-b683-da87e4557f35,701639cb-8291-43f1-b683-da87e4557f35
702855a3,ed6d186c-7842-596f-aace-7c2ce9e5b1f0
70350478,0c2a0b6a-bac0-5338-ab0c-652375218761
703cc9dc,20078fbe-0917-50d3-aaa0-4d90d84d301a
703d98d8,f771c59c-be5c-508c-a854-33432bcfed30
7040d943-20a2-4ce1-b21f-564fe44e434f,7040d943-20a2-4ce1-b21f-564fe44e434f
704e9aac,d3e4f864-a1bd-5aa4-a18f-4f0106746fcb
706b49c7,56c130d6-670f-5363-8d92-87596fb185c4
70b62107-a078-424c-858a-7b0524ea3445,70b62107-a078-424c-858a-7b0524ea3445
70b8d260-ee44-427c-a898-9bc31ab9e01a,70b8d260-ee44-427c-a898-9bc31ab9e01a
70c1b50a-bcdc-47cf-87c9-3011a089d8be,70c1b50a-bcdc-47cf-87c9-3011a089d8be
70cd4442,aed71ca5-5b4c-5137-9e58-f535b421bfc6
70dc55e5,d768a10b-ab5d-5716-9ab8-f0ddc04edb19
70de8901,50b004c3-0bce-5c11-8733-8d4f92fda93f
70f3f184-70cd-4d25-bae8-8cef249107f5,70f3f184-70cd-4d25-bae8-8cef249107f5
710b25b8,e49c8f4b-49ec-5303-b966-ece801773f7f
713022a1,910f00a0-2d65-56b6-99d0-7bdcba89e4f6
7131b50e-9cfc-4e8d-a999-c4b7983b7644,7131b50e-9cfc-4e8d-a999-c4b7983b7644
71365fdf-9249-4042-83f9-d4b815499af6,71365fdf-9249-4042-83f9-d4b815499af6
7147760c-9646-4646-a6bd-45d9fc3f81f7,7147760c-9646-4646-a6bd-45d9fc3f81f7
715a2e9c-9728-4068-b942-102dfed9b46c,715a2e9c-9728-4068-b942-102dfed9b46c
7165218a-9dbe-40f3-a8d6-2d19e0af9f91,7165218a-9dbe-40f3-a8d6-2d19e0af9f91
716a869e-53a9-4725-a5f5-a69069f8bf59,716a869e-53a9-4725-a5f5-a69069f8bf59
719dc135,855c06a3-38ba-5e4f-a9f5-89b2228aefdc
71a1d579-0d05-4ed7-b9fe-49114401eb4b,71a1d579-0d05-4ed7-b9fe-49114401eb4b
71f5ba9a,dc0c558d-e4bd-5dba-b9a3-2789dcb7e0d6
71f7d657-5f8f-4975-a60f-f5e370fd363f,71f7d657-5f8f-4975-a60f-f5e370fd363f
7208993e,7cbc3d14-c0c9-5655-b1f9-d41be7206872
72143720-ca5f-45a2-a6f8-29717b2df205,72143720-ca5f-45a2-a6f8-29717b2df205
72236815-206d-40b7-8b53-0cc6aa42712a,72236815-206d-40b7-8b53-0cc6aa42712a
722dd279-9ad5-4785-a81c-47f1b5603a20,722dd279-9ad5-4785-a81c-47f1b5603a20
7253c203-82f3-4ff9-8a2f-3369f4a5cbb6,7253c203-82f3-4ff9-8a2f-3369f4a5cbb6
7254f785-2e12-42f8-94e7-bde3ab2e762c,7254f785-2e12-42f8-94e7-bde3ab2e762c
7266082f-797d-42fd-988b-6d4e62f8bc4c,7266082f-797d-42fd-988b-6d4e62f8bc4c
72b4717b,5a397028-1e66-51c1-afb2-055bad1e959d
72b7e48b-100e-4be8-9953-7fa3eb79f8f8,72b7e48b-100e-4be8-9953-7fa3eb79f8f8
72d9cf54-a492-41d0-b59f-91ea7c186bb5,72d9cf54-a492-41d0-b59f-91ea7c186bb5
72eb95d7,6b7a87f4-8b11-5c2b-a392-1cc63e3de097
72ef598b,dac52e8b-2aba-55fa-a6b7-5eae7f62145a
72f8dade,cfa7f3c7-eb74-582b-843a-215f9169441e
7300d773-540c-4e62-aecf-c19742e6e4a4,7300d773-540c-4e62-aecf-c19742e6e4a4
7307b863,10a9bda3-8dd7-5c74-a416-3a7d4ba9b212
73377f71,f06d5c05-4cb2-55c1-8a21-c2ab5bb6ebc2
7347c346,a38758a3-3687-58b7-b386-361ed65d6797
736a923a,6c444c7c-4791-5519-9156-b491d9a96b44
7376d7ad-76ea-4a72-89d8-7770678a0145,7376d7ad-76ea-4a72-89d8-7770678a0145
73949190,4b315cb6-0e8d-5f65-bd77-1cef75305176
739b477e-27d8-4ff7-9d9a-4c40a0d2c899,739b477e-27d8-4ff7-9d9a-4c40a0d2c899
739fc977,a7e3e832-2ab4-5e90-8786-9ba782b790ba
739ffa8b-b267-41e6-ab6e-604f960d3ee1,739ffa8b-b267-41e6-ab6e-604f960d3ee1
73ad8525,9a00c3fb-13d1-5060-8e41-d1d3964aa7f4
73d4225b-f488-460d-8a36-aff05b7d3407,73d4225b-f488-460d-8a36-aff05b7d3407
73e617d4,ec8e632c-37e3-5416-b208-fc79d68ecce2
73f8439d,5d66018f-3c00-502d-9120-bc6ebfee7447
7400ad6b,9c81edf7-d5c8-5167-87da-0cc266d24225
740a3da4,500e3f06-c49a-5ebc-99ba-8567f3006d0f
7416d440,e4563f4a-3e18-593b-beec-1a88a3a6b5ad
744fd9b5,1c58fc84-feda-5611-a52b-a89058cfd9ff
746ed4ec,83439d8d-0091-5018-b654-2de41d61a5b7
747ea399-7bba-416a-ba65-e7a6169fde92,747ea399-7bba-416a-ba65-e7a6169fde92
7481987a-f49c-4dab-b2c0-2fc16886e18d,7481987a-f49c-4dab-b2c0-2fc16886e18d
74828240,e6b6528f-0463-52bf-9ba6-8618362bb2ef
748c5e2d-67c0-4c54-9934-f6e701c5c915,748c5e2d-67c0-4c54-9934-f6e701c5c915
7491b0a1-fb5e-4823-bfa3-2dae72ee5e60,7491b0a1-fb5e-4823-bfa3-2dae72ee5e60
749d79a6,7890c6fa-c872-5eac-8f82-8e9d9f1d1b4d
74a1201b,2705b132-7b2c-534d-b996-cdfc2c60b44b
74afbebb,8be13867-4bf7-5608-a167-4f974eda9599
74b2984d,ece25ab4-299c-5462-bc0a-b7a61add01b7
74b3dc61-88e2-40f8-8947-103cc2b208cd,74b3dc61-88e2-40f8-8947-103cc2b208cd
74b9c68c,691e9cad-5349-5a29-a0ac-5eee3deee6dd
74de8b04,2873d6d0-27e1-5d5c-bb4c-dcbe122cacde
74e69dbd,d2263ac3-d7f8-5058-994e-a14eeca4d501
750dbd41,1b536c32-d29f-5de1-a13b-57fce94e2423
7514da19-ca98-4047-8dde-f8bdf163c4c1,7514da19-ca98-4047-8dde-f8bdf163c4c1
756356ab-793d-4046-877d-270152b90917,756356ab-793d-4046-877d-270152b90917
756ecdba-e0fb-4912-a147-d234013c3080,756ecdba-e0fb-4912-a147-d234013c3080
75b1f942-c98c-4457-9ca5-7963d0b0cce0,75b1f942-c98c-4457-9ca5-7963d0b0cce0
75b4a5cf-5f0e-4b7a-a341-590ccbb0230c,75b4a5cf-5f0e-4b7a-a341-590ccbb0230c
75b71d62-2699-4cc7-bf58-c85dfdb14033,75b71d62-2699-4cc7-bf58-c85dfdb14033
75c67573-a2a8-4079-a63e-54bf978a86f1,75c67573-a2a8-4079-a63e-54bf978a86f1
75c993e5,9be65f5e-0073-5466-937d-c0404f891247
75da75ae,0756a380-c5bf-5c38-b17e-45676ce50b3b
75da985d,74768526-ea34-503e-b36d-8ca48cdf5834
75e88b09,11ebda32-32b6-5d93-b707-9028a12d08e7
7612c067,94bc4d6b-a9a5-5263-9852-245563622e80
7616d72e-dc20-40a9-84de-3cd105709adc,7616d72e-dc20-40a9-84de-3cd105709adc
76197d17,441c1f45-ed92-5414-ad45-eb9803910e23
762a0ce2-bd28-4542-8af2-d94db45450c4,762a0ce2-bd28-4542-8af2-d94db45450c4
7639c366-d723-4e28-9498-e48046484d8a,7639c366-d723-4e28-9498-e48046484d8a
763ce2f2,fb71ed8b-650a-5aa9-b7be-881b3e111f94
7656341d,aefaae9f-28ad-56e4-9908-05c25dd7a710
7662e017-9231-47fb-a10d-60a7c515baa2,7662e017-9231-47fb-a10d-60a7c515baa2
766d428c,c110454c-83b0-594e-acbf-76c207b07949
767070ec-44cd-42c4-8bfa-eff1ebc3ae8d,767070ec-44cd-42c4-8bfa-eff1ebc3ae8d
767798e8-23e7-4c26-96b7-69d48793d25a,767798e8-23e7-4c26-96b7-69d48793d25a
76814800-98c1-451c-a7fc-f768878debcb,76814800-98c1-451c-a7fc-f768878debcb
768d2c17-7d3b-41b0-a48d-54ac3f96e669,768d2c17-7d3b-41b0-a48d-54ac3f96e669
7695341a,937cefaf-0650-5405-ba05-94138b4f1fdb
76a82174,26894d67-6e28-58b5-ba32-940e1d20c464
76bed9f6-4875-4766-8f88-371910083757,76bed9f6-4875-4766-8f88-371910083757
76c37654,a47d399a-b61e-5f81-ae08-49a0aca4576b
76d91a41,25ec904c-d9c8-5ed3-aabc-1a8d8457cc2d
76daee55-cb6d-4af4-aa6d-9e61510e4f36,76daee55-cb6d-4af4-aa6d-9e61510e4f36
76e03a18,587aa2ad-8d72-5203-ba7b-8314f53932b3
76ff99e3,233069d6-b959-5ae2-8305-4a3d8e830750
772995df-1bd9-4aa7-a00a-9b8d5c529b14,772995df-1bd9-4aa7-a00a-9b8d5c529b14
775ec150,7963fc99-d804-570d-a1de-d33d9fff111f
776ec620-b712-4014-abc5-0d851c4c8af5,776ec620-b712-4014-abc5-0d851c4c8af5
77941aa4-4e5b-4926-94d8-26c1131d25bc,77941aa4-4e5b-4926-94d8-26c1131d25bc
7796da1d-0aa5-4a1c-917a-6b123bf230c2,7796da1d-0aa5-4a1c-917a-6b123bf230c2
77b6591e,7399d69f-97e1-5777-ae2a-5f9d7204990e
77cfbb90,2ed5edb1-1e12-5e02-a418-5f6665baf421
7829c25e,0704e74d-44d9-50b5-bd64-8817012fb924
78385dc7-067a-446d-b52a-ac8554aa2105,78385dc7-067a-446d-b52a-ac8554aa2105
783ebd1e-2864-48bb-8fdd-1465adc9e709,783ebd1e-2864-48bb-8fdd-1465adc9e709
7848907e,eaa8d244-943e-5b07-86b2-c05737568765
7855836a-09de-4cac-b825-f22a405bd7a9,7855836a-09de-4cac-b825-f22a405bd7a9
78699df5-f66c-4fb0-a56f-2f14ea17657f,78699df5-f66c-4fb0-a56f-2f14ea17657f
786a27cd,dffb1a5b-ae3a-5406-b2d3-648ad6ad2141
78807970-cb1e-41f2-8f67-6d8ed768db52,78807970-cb1e-41f2-8f67-6d8ed768db52
788682e8-cffd-4bfd-9859-ccd8f25366a1,788682e8-cffd-4bfd-9859-ccd8f25366a1
7889a309-a36e-4a0e-a1a5-94a4a1e5251b,7889a309-a36e-4a0e-a1a5-94a4a1e5251b
7897d537,64d5e34a-a897-510e-87b0-7b6c2c85cfab
789b181b,d77e96b3-93b2-5432-a17c-4e4e337cf3df
78a5c100,af83f195-db54-5818-8092-f7e023c1c959
78e549b2,d66193ce-dd2d-588a-b8b2-5bbb55a774e2
79007543,eb4a45af-f820-5d8a-961f-bfccefc20b9e
79034a2f-a0a4-42df-b2cb-9f7d178b0efc,79034a2f-a0a4-42df-b2cb-9f7d178b0efc
79081eaf-fe87-48b3-a15a-926a8d471b8b,79081eaf-fe87-48b3-a15a-926a8d471b8b
7916bc63,7c3fc403-dcfd-540e-bec6-2603bed9b63f
79427b88-2689-4e14-a172-9d275dd7545f,79427b88-2689-4e14-a172-9d275dd7545f
7951b6c1,01d30f2c-0ec3-5d6c-b51e-8b0696def17c
795a1dbf-ac41-460e-aa4c-14ae6a4ee2c2,795a1dbf-ac41-460e-aa4c-14ae6a4ee2c2
795cf98d,2f0438c9-e535-5fab-9e41-e9da770484e7
79694a81,8ca1b999-c5c2-5b1b-b917-df466f900a15
796ad1ad-a2aa-4cdb-8a48-587f1c1f9ed6,796ad1ad-a2aa-4cdb-8a48-587f1c1f9ed6
796c9179-0ff5-4fb3-9b13-b2f18851378d,796c9179-0ff5-4fb3-9b13-b2f18851378d
7978ff44,b4a7b9de-0730-5059-a07f-cf25031e0523
7994acd4,e2c5974f-e132-50c5-b445-b3485c2405d8
79b29e4e-8096-4d5f-911a-673afd547142,79b29e4e-8096-4d5f-911a-673afd547142
79b7217f,c8a43b6e-9349-5a38-b35a-741378073d35
79cd5551,993bb5bc-f2d6-5df9-866e-a203572cc6c0
79e8516c,2e8f5c3f-0215-53bb-98e7-30fc42d47834
7a0ae720,8ab28225-20db-5795-b3b0-d4562da1a672
7a3e230f-e605-4638-80c9-78ebda73cc8f,7a3e230f-e605-4638-80c9-78ebda73cc8f
7a558b6f-e136-4541-be67-039361b8c5a3,7a558b6f-e136-4541-be67-039361b8c5a3
7a72113d,63dfe6e1-9793-590d-b1ca-0e2149388391
7a7f1169,de72f4e3-9954-5f9a-b4ee-3ef1b48a49e3
7a8dbf8a,4edf37a7-996d-5703-b4e8-d798d29d5f2c
7a92ddac,58a19dae-d378-546a-a649-0b32320d60ff
7a9df721,0fc3e405-4671-5ff5-aa68-e376e3ac9ee9
7ad496b5-6f47-441d-929c-7a0e9d0a7fd3,7ad496b5-6f47-441d-929c-7a0e9d0a7fd3
7b00c106,7bd9b071-db52-571d-97a3-c9e8ffe40fa6
7b19e668,e71c358a-527c-5c94-96be-aff394e72bfd
7b2f13a9-9146-4d68-a6c1-abcba101e6d6,7b2f13a9-9146-4d68-a6c1-abcba101e6d6
7b36ad01,ec92b003-7cfb-5b00-8507-f84383071a48
7b3c1313,89498d76-5bb7-5c6c-824a-c7b0c4ea79e6
7b5da856,bf2e3809-1a90-5f33-a327-0eebc2cee5e0
7b6051ba,a4d1a867-fcd8-5811-bf8e-c1a331376887
7b6b0fa1-77d2-42e4-b863-31d8270f164f,7b6b0fa1-77d2-42e4-b863-31d8270f164f
7b7e5b01-8e08-456c-8197-346f8a05b8ae,7b7e5b01-8e08-456c-8197-346f8a05b8ae
7b9c4bde-d542-4b4f-bd76-3b37fed4f9f9,7b9c4bde-d542-4b4f-bd76-3b37fed4f9f9
7bb1da51-46ce-4a3a-be09-3c3344cce7fd,7bb1da51-46ce-4a3a-be09-3c3344cce7fd
7beff6f9,c436b0d6-5bb4-5618-a17b-dc300c863b05
7bf2c35c,9f5fc94b-ed54-5821-a815-d2df49746ab0
7bfc3c19-9ef2-498a-a215-d8c5df3c4d2f,7bfc3c19-9ef2-498a-a215-d8c5df3c4d2f
7c003f4a,d168ff82-8f51-5a1f-a7b8-328ba424e6c0
7c1aadf8-94ca-4949-b080-371939fdeea7,7c1aadf8-94ca-4949-b080-371939fdeea7
7c2db5eb,ffe1c0b2-fe54-5617-8414-f6bc7400d37b
7c3b8786,5b01903c-40ef-55b4-9609-b9f9d7a66e0a
7c3d65e3-cc0b-46e4-8961-5a4d52324f65,7c3d65e3-cc0b-46e4-8961-5a4d52324f65
7c4d35bf-37c1-4a36-88be-d4fcd33b80fe,7c4d35bf-37c1-4a36-88be-d4fcd33b80fe
7c4f6b67-387b-4da6-8226-67ff63de92e3,7c4f6b67-387b-4da6-8226-67ff63de92e3
7c50db91,9c676e58-923f-5d24-a83f-718f6549a6e8
7c64803a-38a4-4c4f-91ec-284c4b61ba76,7c64803a-38a4-4c4f-91ec-284c4b61ba76
7c69ed2b-c4b5-4b77-ae1c-aad832a5da4a,7c69ed2b-c4b5-4b77-ae1c-aad832a5da4a
7c7a681a,3f17835f-485f-56f1-ade6-bcd21d36e56a
7c9d5e03-9b7b-40bc-93c1-aa5084226fbd,7c9d5e03-9b7b-40bc-93c1-aa5084226fbd
7ca4dfd5,e24247f4-4088-5722-ae58-b28477d7b658
7cc1b75c-1f55-4ea8-bbe3-85f45d5d9e73,7cc1b75c-1f55-4ea8-bbe3-85f45d5d9e73
7ccdc947,f083526e-1e1c-57f3-abb6-f55fd11d3324
7cde0ecb-c397-4f4b-b026-b415c56f2a27,7cde0ecb-c397-4f4b-b026-b415c56f2a27
7cdec663-3d0d-4ebf-94bf-79f79080e238,7cdec663-3d0d-4ebf-94bf-79f79080e238
7cfa289d,e33aea08-3a66-5720-8c61-8daa85bdaa41
7d055e3b,ceaa6933-b86c-57f4-ab95-328cb322fca7
7d1031e2-1314-4d49-82bf-bb767cb94893,7d1031e2-1314-4d49-82bf-bb767cb94893
7d15cdd7-e554-4ed5-9f77-79cdda77f177,7d15cdd7-e554-4ed5-9f77-79cdda77f177
7d45d7df,39051a15-6d93-51a2-9da3-289c16c17a72
7d6c2654,baabb4f0-2d41-5ecb-ab28-6cf3d8e373af
7d7e2ff9-2039-4ff1-aa1e-048681162038,7d7e2ff9-2039-4ff1-aa1e-048681162038
7d8f59f1,f06389e7-889a-5f9c-a824-085f970dcddb
7dbcb66f-67b4-4ca4-a80a-575d3cde0f90,7dbcb66f-67b4-4ca4-a80a-575d3cde0f90
7dbf4bab-407e-4665-aa45-dbfec864c1c3,7dbf4bab-407e-4665-aa45-dbfec864c1c3
7dc7f797,ddaf86f0-4099-5f89-bb3f-08307bdbfd04
7de6e690-dc03-4e3b-ae7e-730e886948a3,7de6e690-dc03-4e3b-ae7e-730e886948a3
7deae800-ecd0-49e0-9e40-04108f95e613,7deae800-ecd0-49e0-9e40-04108f95e613
7df7be6d,1ea6a6f8-eb04-5374-aa18-b1bb2503dc49
7dfa6a72,4bb83460-2d26-5f60-8cfe-a38f8f887f26
7dffc83c,c1320e0f-b8be-5d77-8675-7c4c5221aa7f
7e38f977-1041-4a41-9223-fd86e4c175bf,7e38f977-1041-4a41-9223-fd86e4c175bf
7e53f535,80269782-72fd-5ad1-b3a4-0f8c2b9e752f
7e5e76e1,c15b486e-d9fe-5f77-bb15-c4d8244762d5
7e6b9725-8954-42ae-a0b3-f3b78a4dc40e,7e6b9725-8954-42ae-a0b3-f3b78a4dc40e
7e9934f4,44121f05-1fe7-5c6c-b312-e8e1f90e63f0
7ea0c6c1,5334bbbb-c093-5ac9-afd0-fcda32626a98
7ea5631a,b637dac4-acca-5e00-a4f6-bff4722dad70
7eaccd77,99c60327-fcbe-53c8-9822-4189d50499db
7ebce40e-fb5e-44b3-ac14-5c78299021ce,7ebce40e-fb5e-44b3-ac14-5c78299021ce
7eea3fd3-35f2-4318-b2d8-020e9107a585,7eea3fd3-35f2-4318-b2d8-020e9107a585
7effd3ac,e9931a2f-aff2-53fe-a316-8e470c479f13
7f16319c-c44e-4f73-b181-2a2662b9f355,7f16319c-c44e-4f73-b181-2a2662b9f355
7f532b95,a5328dcf-d893-5cdc-8a30-d80493e62b17
7f57064f,27243e9a-39bd-5dba-a3d9-67abdbeea84f
7fbfad80,c622b273-6beb-54c1-9381-57ec5b6443ee
7fcd6870-35d9-4298-be01-76b4b1600282,7fcd6870-35d9-4298-be01-76b4b1600282
7fdb9c0e-89c7-4eba-b688-bfd94fde1f46,7fdb9c0e-89c7-4eba-b688-bfd94fde1f46
7fdc1080-f3f1-4969-8027-e947446da937,7fdc1080-f3f1-4969-8027-e947446da937
8002f030-bbad-4982-875f-6d99a1761bdb,8002f030-bbad-4982-875f-6d99a1761bdb
800cd8e6-165d-4a6a-becb-311eabcd2d22,800cd8e6-165d-4a6a-becb-311eabcd2d22
80124f6c,4275430e-7e7d-5c2c-92d5-f7e231a9b6f3
8018e25f,5bfa5742-b700-53e4-ac2f-1e7a28f0e000
802548c2,6c927b39-a921-576c-842a-289f275b156a
8025d915,b58672c8-39d8-51fd-9f66-d03646a16c31
8054175d-6adb-48a4-8d9e-f0fd20f4b08e,8054175d-6adb-48a4-8d9e-f0fd20f4b08e
806a627e,fc057e99-c076-50ac-a7ad-85bbad6317ac
8091cd6a,e2f7e9c6-071c-5e80-8f7f-d2c547ad9b83
809ee5d8,6c91550c-4d82-5fca-bef9-cb54d0c3ca4c
80a45467,425d567a-bd05-54a6-982d-eababa650062
80c6256f,183a4fec-0ce3-5c4b-a270-e53c421a22dd
80ea1610,e0c9ff8d-b3ef-5759-bc40-9b06f618c5fe
80f4b823-d86c-424a-b955-b17b2cd6ac5f,80f4b823-d86c-424a-b955-b17b2cd6ac5f
80f8a46b-3ef1-4598-9600-0a8b16c6e311,80f8a46b-3ef1-4598-9600-0a8b16c6e311
8102d3dc,30dcb4dd-2976-5cf7-9c1f-46b6d737f46d
811d91b3-a845-4e47-ab2e-575a5ea0ad21,811d91b3-a845-4e47-ab2e-575a5ea0ad21
814185da,a32b517e-f970-5b45-ad63-410e795471b5
814f0183-e435-49b4-ac2a-3aecb90c4d62,814f0183-e435-49b4-ac2a-3aecb90c4d62
8170fea0,466b37b5-ef6e-5f90-9a57-8891f7d14fe3
81aa4e76-f369-4350-9ba8-214935d44f55,81aa4e76-f369-4350-9ba8-214935d44f55
81ac2f4e-3a38-4cfe-b2e0-4b58641a1f96,81ac2f4e-3a38-4cfe-b2e0-4b58641a1f96
81e2bd88-4594-44e8-8ab2-aad2486cf7e8,81e2bd88-4594-44e8-8ab2-aad2486cf7e8
81e993bb-8892-4d0a-bb8b-7e80b400a3ae,81e993bb-8892-4d0a-bb8b-7e80b400a3ae
81f96e39-8524-462a-9043-1a73a8252107,81f96e39-8524-462a-9043-1a73a8252107
821739de-dcc4-44a2-87af-8071ca7f7ba6,821739de-dcc4-44a2-87af-8071ca7f7ba6
82242d2b,49d66275-c28f-58f2-9170-b1bf8839b36e
8228bdcc-12ac-4db5-b47f-f41dee2b7a80,8228bdcc-12ac-4db5-b47f-f41dee2b7a80
823a4f01,fef125d8-170b-5c16-acc2-92239eeca1ad
82431ff7,65130183-03d0-5a6e-b6ce-1e413b1f3b2e
824ad0f6,cd49372b-e997-57ec-8c5e-6629709fbcdc
824fddc6,fdde675d-db22-54d5-958e-650db7af791b
825c5da1-eaae-4b83-9829-4b958263cfea,825c5da1-eaae-4b83-9829-4b958263cfea
826b040e,56ee009e-c5ff-5741-be0a-04377dbf072d
827854bf,c4be6e1b-e293-5a34-81e6-7b229a76376d
82870e7e,c89d1848-4977-5399-aa7b-e01d7f293281
82a147d9,57c44134-d1aa-524e-acc3-34094334955c
82a5a7ad-cf11-4f3c-b6f0-6d9b88a7892f,82a5a7ad-cf11-4f3c-b6f0-6d9b88a7892f
82aec346,855570c6-07c5-5a0f-a20d-2a2592e69ae8
82b122de-e5a9-44dd-be69-5ab915aace7d,82b122de-e5a9-44dd-be69-5ab915aace7d
82b243fc-003c-439c-aa0d-7fd2284ddc58,82b243fc-003c-439c-aa0d-7fd2284ddc58
82c3adb6-9a37-44b0-9271-24f8a1b14ecd,82c3adb6-9a37-44b0-9271-24f8a1b14ecd
82d93881-0940-460b-86bf-1fee613b5565,82d93881-0940-460b-86bf-1fee613b5565
83039099,819a2298-0a16-547d-971d-b4209a3082ce
8347ac67,092a023b-bf05-575a-85fa-40f2c82ca693
83492c17,60ea1abe-e941-517f-b290-20d46db0aabf
836e6bd0-5bfe-4fc5-b522-8c178a4d9e18,836e6bd0-5bfe-4fc5-b522-8c178a4d9e18
83999c63-4078-4242-b41a-47bdc71ca454,83999c63-4078-4242-b41a-47bdc71ca454
83afb16b,db3dedc9-97f5-54b8-adcd-172b21596f7a
83bd38c4,da5113da-b84c-5afe-a182-5432bc239eda
83ccdace,d1ac0a7e-0471-5336-9827-6ba9bdd8c4f7
83f8a08f,144d53ee-399b-5080-b4c5-e0ad740e3c1e
84028e1d,44a15dd9-b673-5993-85db-93bc633dadd8
8405c49e-d298-4b3b-8f0b-af79cb4da799,8405c49e-d298-4b3b-8f0b-af79cb4da799
842599ba-e141-4a41-9fc5-8aca61ec368d,842599ba-e141-4a41-9fc5-8aca61ec368d
844f0152,0ebfb3eb-97f4-5521-9772-dcab517728f6
84546d3d-d7ba-4695-9be0-5a615d8d695d,84546d3d-d7ba-4695-9be0-5a615d8d695d
847513b1,fec92236-ccf4-5ff0-9dc6-16e31e155ba8
849c63da,5aac446f-5d5c-5942-855f-8866937f579f
84ad732f,9bea674c-dbda-5b15-aa8b-6acff5081852
84b247e7,09138dd1-14cc-5b68-b892-28a79068e147
84b62de2,d55fc78d-2e1a-5a9c-9330-9b3b2bdcdf5e
84c42d1d,2ff0361c-dc18-5d8e-b864-adc657d557eb
8511760c,1bdda215-eff4-546e-9c99-f6b2b67adf94
851739b2,ba51d757-0140-5b5d-9952-50213a55ef48
8517dec2,0213667a-08f6-52f8-b150-0d2b913c4cdb
854dbf81,4e4247a9-2189-5e5c-a8cc-c4b5d161d142
85810267-9ef4-45b7-a111-8f3798a9ea83,85810267-9ef4-45b7-a111-8f3798a9ea83
858556d5-e990-4fe5-bccf-d13e167e7ebd,858556d5-e990-4fe5-bccf-d13e167e7ebd
85988e4a,9047ec56-8368-5409-8e1b-95238831149f
860a634e,3ffc463d-8768-5c46-8348-0595dc3616f7
860b7154,f0fe9555-1ca0-5caf-a75d-24b56bf354fa
861884b7,aaf8ee86-cbd2-5ba5-8c41-ba2c8cd0516a
8645e4c9-fd2e-4a31-aa7e-0e88ecb3881d,8645e4c9-fd2e-4a31-aa7e-0e88ecb3881d
864eb87a,cc46ee9d-0b21-5de2-a27b-19e5c25cd51f
86566c25-473f-490a-b818-67f0bb12ba25,86566c25-473f-490a-b818-67f0bb12ba25
8663dd4f-2534-45c9-896d-96ae63296c2c,8663dd4f-2534-45c9-896d-96ae63296c2c
86740388-eb8f-4768-ba1e-8b9007b5ff22,86740388-eb8f-4768-ba1e-8b9007b5ff22
8674d71a,38f2ae59-c62b-5f41-968d-c46d65157fd0
8681a129,dc4cc7a6-fa0f-5c2b-a1b3-145f37bafb07
86825aaf,0479ac4c-57dc-5a18-ada8-4af9f5c2ffa1
86843e68-c573-4545-a751-bdc2c720a82a,86843e68-c573-4545-a751-bdc2c720a82a
8695c87e-9313-4fa5-a0f4-e48301f2eebd,8695c87e-9313-4fa5-a0f4-e48301f2eebd
86acb0f8,9ee9a802-2438-5675-9d54-2682e6dcf581
86c86262-f8f5-431f-a55d-931a427c8f87,86c86262-f8f5-431f-a55d-931a427c8f87
86cb8da9,ff8a4a41-33de-5f54-8198-5065d21086a3
8715af79-d813-46ad-8ce6-d2d4b95d1856,8715af79-d813-46ad-8ce6-d2d4b95d1856
871e9922-cc9a-4cd4-8898-e52a3564b1e8,871e9922-cc9a-4cd4-8898-e52a3564b1e8
87315fab,4b1cecf4-485a-54dc-b9ff-661ce58969ed
8754a7cd,abdd07de-73c7-5ecb-8f01-69a8dd93ece2
8755a8ac-5a1d-4162-9592-c1450d8ebcbc,8755a8ac-5a1d-4162-9592-c1450d8ebcbc
875930cb-e56f-499d-a226-9fffb303d6da,875930cb-e56f-499d-a226-9fffb303d6da
8775fae3,38b04f85-fb2e-5b9d-83fa-ee2e9ae761e9
87954c76,d4566fef-dbe8-5a36-8244-c47b35517b2c
87b3ee7f-4e76-4368-a859-6f586cec9d23,87b3ee7f-4e76-4368-a859-6f586cec9d23
87bca294-e676-4475-bb87-d7b9b003fa95,87bca294-e676-4475-bb87-d7b9b003fa95
87bef00a-6ebf-48cc-8b1d-c2a27f945cbf,87bef00a-6ebf-48cc-8b1d-c2a27f945cbf
87c182b0,12893a9a-2c40-5b4c-97fc-588ddb789418
87e1129c,0504d8fa-f3ab-5fcc-a912-0f9eb3eff934
87e75c0e-9781-4f0e-b800-70aa33c4b285,87e75c0e-9781-4f0e-b800-70aa33c4b285
87f5f8b9,8ddf65de-16a6-55fe-a004-9f349024de97
8807dc09,0d52795e-8253-5665-aa99-4f4c97a7bf82
882ae75a-3f9c-4dc5-9e50-1233a55e1568,882ae75a-3f9c-4dc5-9e50-1233a55e1568
8837942b,37ecca4e-c6ed-5a98-9386-3b3955f68492
884550d2-8834-4fbf-b297-41ff42be4351,884550d2-8834-4fbf-b297-41ff42be4351
884af249-f439-47f6-9983-358f248ffac3,884af249-f439-47f6-9983-358f248ffac3
8858fa4d,f62c2c46-23bf-5a21-b5bc-c0d9ea44a514
8865a120-7049-44f9-a019-483484a67952,8865a120-7049-44f9-a019-483484a67952
88908d52,d6e7b00f-1bc9-534f-b747-18ced556c9e0
88bb5eeb-2fed-422f-a0b1-f4ca93848e39,88bb5eeb-2fed-422f-a0b1-f4ca93848e39
88c76869,12ba8fcd-e5e6-53ba-87f8-ec1d03e6d5e0
88d77177,ce05061f-0f88-5382-8a0c-a82fb92f1a7c
88ddb7d2,d87e1f00-f1f3-5966-b660-39df16f1988a
88e1afb2-2197-4763-941f-076a4822f8c0,88e1afb2-2197-4763-941f-076a4822f8c0
88f42940-5b83-43d4-b6f1-d97f05eb8174,88f42940-5b83-43d4-b6f1-d97f05eb8174
88f508ab,a3cc6a17-a3ed-53ed-b164-441f390d248d
88fd2314-66a4-4d83-84c5-f34de458db83,88fd2314-66a4-4d83-84c5-f34de458db83
88fe281b,ce5a9189-d019-50ed-97e9-6511420ebcec
88fe5864,b563f63e-0a00-5ec2-b3ce-4b4511e51d29
891799a4,3f83bc51-8df9-593c-97c8-017291087574
893cafd6,5136487a-51de-5c2a-a88b-5bec8eb74f01
89632b48-0141-4805-9ff8-30d3f8bd2d88,89632b48-0141-4805-9ff8-30d3f8bd2d88
8988203a,3f19c983-025e-50b8-b6ed-cdd1b98f85ec
89a06962-a99c-429c-95ca-c7d0a20b2e8a,89a06962-a99c-429c-95ca-c7d0a20b2e8a
89a0730c,cd6f4ff9-5d2a-5442-897e-db1cc23fe480
89ab5077,a11a663f-ce5a-51f3-b61b-68efe772a73a
89b33f24-aeca-4658-866f-d2581cc61031,89b33f24-aeca-4658-866f-d2581cc61031
89b67f8a,8a17b3d9-7d4d-5330-b2e2-9ddb38e08b28
89c66730-90d4-464b-939d-1ab2aa455b33,89c66730-90d4-464b-939d-1ab2aa455b33
89d6bf35,15640b28-6d48-5c08-ae29-d5d59320ed0b
89dd3cc0,93afd1e2-22c8-51a2-9f95-02dd9edeaa6e
89ea7338-2d5e-4ab6-aa90-9bc45f533f9e,89ea7338-2d5e-4ab6-aa90-9bc45f533f9e
89ef16ca-d8ae-4f72-9c50-2ee4ba27b17b,89ef16ca-d8ae-4f72-9c50-2ee4ba27b17b
8a3095d3,3fbb6a33-5394-536b-8517-9dd8e1566113
8a59a182-531d-41c1-859c-ff7b17814122,8a59a182-531d-41c1-859c-ff7b17814122
8a697db0,a24efb68-8ca8-5170-bea9-bfdd907772ce
8a6d380b,b123a170-cdd3-558c-96f0-84d63b808cb1
8a8edb29-3b0b-4db3-9734-bd4288c6d4b5,8a8edb29-3b0b-4db3-9734-bd4288c6d4b5
8a9bbb10-9ed1-4256-9b8e-e6b537ffb5ca,8a9bbb10-9ed1-4256-9b8e-e6b537ffb5ca
8a9d0332,a4d6efd0-f35d-528b-9564-86c6843f580c
8aaa2ec6,d248b7e0-8d77-53a0-9b63-96c7e59f120b
8ab26f43-eb02-4461-8b63-0d5200898528,8ab26f43-eb02-4461-8b63-0d5200898528
8ac39dc8,6f6bcff4-4835-5cd0-b236-339fa1680edd
8adb397e,b3d4f64e-428c-5eb8-a6f4-c28bd29e8be1
8ae64df7,b68621ce-71b3-5d15-874a-1051bf3d481f
8ae91bb1,3b2e4303-e50c-5734-b789-d1bc5839fe45
8aefd5d9-ee8d-4006-b210-41ee2d8f01ce,8aefd5d9-ee8d-4006-b210-41ee2d8f01ce
8af75703,4ada1d2b-baec-50e3-a91b-a9106ee50366
8b28a5b9-33ba-4da4-9165-bfc960215200,8b28a5b9-33ba-4da4-9165-bfc960215200
8b41303a,7f4f68b8-86d6-5824-8a43-aee62b23fcd5
8b78766e,b43a6031-2071-51ba-a9ad-9f4d10702d22
8b86e271-4760-4017-ab6e-f5d4af2b4fac,8b86e271-4760-4017-ab6e-f5d4af2b4fac
8b8c3bab-37f2-48b8-b123-007956225e46,8b8c3bab-37f2-48b8-b123-007956225e46
8b987125,23479d88-b92e-54ba-9fe4-46401d437024
8b9f8933,17263754-0f51-58f6-b320-1d31af329166
8bab937e-d85a-4a8b-868c-bafeca9703af,8bab937e-d85a-4a8b-868c-bafeca9703af
8bb745ce,bf88effb-ffd8-5d3c-92f9-101e4c1c8ac9
8bc6deb3-e78d-4f5f-be57-744c2b756838,8bc6deb3-e78d-4f5f-be57-744c2b756838
8bcc45df-9937-46e9-9a3b-64e452e85edc,8bcc45df-9937-46e9-9a3b-64e452e85edc
8bddc66a,1cc78b5b-4080-518f-abc0-0102deccf878
8be8d4c5-97d7-477d-a3be-d25b33ccc042,8be8d4c5-97d7-477d-a3be-d25b33ccc042
8beb473f-46f8-451f-a4a2-08fb4134b1c4,8beb473f-46f8-451f-a4a2-08fb4134b1c4
8bec8326,0e26cff3-fe4c-56fe-a5c9-e211b53c7f67
8bfda043,fe7afbc6-61b1-5fa0-9f78-53ec7d1b13bc
8c1799e0,30f90dc8-f770-5037-8aa0-fb8ff75af121
8c235ca5-e38a-4670-bf35-fa6f17a13f2f,8c235ca5-e38a-4670-bf35-fa6f17a13f2f
8c3e32ec,80daf0ec-a78c-542a-9929-80e90769e58e
8c4df3dd-5170-4572-b05e-3c01890de15e,8c4df3dd-5170-4572-b05e-3c01890de15e
8c576545-4bdd-4e0e-9b1e-9277bf0b2412,8c576545-4bdd-4e0e-9b1e-9277bf0b2412
8c73951e,822527a6-2f76-56b2-8986-6aa85d4c45dd
8c8085aa,e68e84af-45a1-541d-aaf8-03ff5c0037c4
8c9fae36-7df9-4ea5-9248-aba074404d8f,8c9fae36-7df9-4ea5-9248-aba074404d8f
8ca4127b-a08e-415b-8763-59307a0f4547,8ca4127b-a08e-415b-8763-59307a0f4547
8cae1c18,afe145f4-9076-5eb7-b74c-9fcead319429
8cbd50e1,98cbf5e6-20b8-5f14-8215-a9f1f292b0ff
8ccf5f6f-87d8-4b2b-b24f-956b54acf07a,8ccf5f6f-87d8-4b2b-b24f-956b54acf07a
8cd2fc65-cf46-420e-90e1-fffda7a809cb,8cd2fc65-cf46-420e-90e1-fffda7a809cb
8cdf78e3,4c4c0ab8-3e10-5cb0-b4f2-d42abb879ec2
8ce146ba,a4dc4666-b21f-553a-9939-0d6fe4be2b5e
8ce2d162-8109-4573-9b6a-c0c6412a8eea,8ce2d162-8109-4573-9b6a-c0c6412a8eea
8ce39967,19fd04d7-b9ef-5749-96b9-fb7c0a8c851e
8cfd8dd5-cd8a-41a4-9277-d8a0952495cd,8cfd8dd5-cd8a-41a4-9277-d8a0952495cd
8d0febea-9e33-4fac-8588-fb964689d0f9,8d0febea-9e33-4fac-8588-fb964689d0f9
8d4278b4-8320-4827-b405-c549049b044f,8d4278b4-8320-4827-b405-c549049b044f
8d4c7138-25b2-4cb6-9b99-b5edb2ed259d,8d4c7138-25b2-4cb6-9b99-b5edb2ed259d
8d53a0ea-5f3a-460b-b73c-2d89a658db2c,8d53a0ea-5f3a-460b-b73c-2d89a658db2c
8d657d22,91eaf224-19d8-5a51-a29b-a7d56cb049af
8d6f6742-7cdb-4ec1-82bf-abb4c13a6379,8d6f6742-7cdb-4ec1-82bf-abb4c13a6379
8d7514c3,3a727acd-6f63-5d75-9525-9c2c60b4fc6b
8d8ad102,d16c3a5e-3d14-5db4-b6f8-5dbe3b17f558
8d9218a7,0dbe97dd-9427-5f31-81b2-1111959c44c8
8d9c0b28-7b8c-43f6-94b4-1de4827f2e7d,8d9c0b28-7b8c-43f6-94b4-1de4827f2e7d
8dab48d4,b9761363-d1fc-53ad-90c2-883a6afc14ae
8db8cf5b-3c8f-4887-83f5-46e0b49f485a,8db8cf5b-3c8f-4887-83f5-46e0b49f485a
8dc46a31-2eb6-47dd-baa9-1347c2e1190a,8dc46a31-2eb6-47dd-baa9-1347c2e1190a
8dc8fff0-0ec9-49c8-901d-9da95c5fd5cb,8dc8fff0-0ec9-49c8-901d-9da95c5fd5cb
8dd91e16,448cfda9-43b0-5b5c-9595-6efacc774f72
8e1fedca,4220b2c9-00ea-5cfb-b9a2-67ca6945b43b
8e29728c-bb8f-4aae-8265-91882c3d03c3,8e29728c-bb8f-4aae-8265-91882c3d03c3
8e3956ff,3868b24e-1dbc-594a-85f5-f8f82e01983e
8e5ad798-d7ba-43d5-8c26-c0c69ee948ec,8e5ad798-d7ba-43d5-8c26-c0c69ee948ec
8e5c9514,064609d7-44e2-5747-979e-c2a1af1524b4
8e6ef8bb,a5fa89a0-2dc3-5dfe-b2d4-46e16eaf396d
8e716ae4,4a764043-93bc-59a6-90a4-9f730ae7dd29
8e855a8e-9bbb-4782-b426-f3f03559bf08,8e855a8e-9bbb-4782-b426-f3f03559bf08
8e8b5776-8c2c-4a9c-9eeb-ad4d19c1f9bf,8e8b5776-8c2c-4a9c-9eeb-ad4d19c1f9bf
8e8d45b7,028f48f0-be88-5f56-be92-99a80719149e
8e8d4e8d,051f4ec8-9e18-5831-b154-12667db8618d
8e938a3f,cce6b208-60f6-5432-b27c-fa59c6fd22ea
8ead29a9,ce8d80e3-fd4f-5063-91ce-3e5c12e566c3
8eb0bba0-a52b-4a25-b1fb-ac23fe865830,8eb0bba0-a52b-4a25-b1fb-ac23fe865830
8eb785e1,17360a35-4ef7-557f-8ef1-64566abca542
8ec1b1e7,a1b4f13b-1465-51b2-a4be-8efd91eb0471
8ec253b4-f023-4c16-94a7-4c88f5a62b5e,8ec253b4-f023-4c16-94a7-4c88f5a62b5e
8ec272de,f6ddb32a-4a68-5a2e-9396-23afc42ccbe3
8f0b1193-5015-43bf-bdb7-f6eb9170857e,8f0b1193-5015-43bf-bdb7-f6eb9170857e
8f12b0cc,729e5a34-60fa-5dcd-9d18-c5153526be14
8f1dc01c,8a29f2ef-237d-54b0-bce9-0222bb414f1a
8f30cd04,4fe51363-6b77-5e35-ad87-fbb5a67f9193
8f509654-4522-4687-8ecb-16abd4331d35,8f509654-4522-4687-8ecb-16abd4331d35
8f5dbda8-36f4-40bc-bc34-db521ba02a4c,8f5dbda8-36f4-40bc-bc34-db521ba02a4c
8f696e27,c86bbc53-9e60-5300-a9d6-99fb8b44a770
8f6c85a7,0371e74b-1b49-5371-b101-3c2c6bf2fd6f
8f87e577,5d0bac4d-3d39-54cd-8366-4d0e71d2c3e2
8f9138a5,921eaeba-fea9-58a7-ad8f-259753591f88
8f9ac031-4675-4156-abd7-b1841a618520,8f9ac031-4675-4156-abd7-b1841a618520
8fa1ea59-101e-4703-a9ff-e0039ff4db30,8fa1ea59-101e-4703-a9ff-e0039ff4db30
8fcee7cf-814e-4c26-8caf-00bcadec000b,8fcee7cf-814e-4c26-8caf-00bcadec000b
8fd5de65,2746b070-df8a-5def-be61-9f4c4e7641d2
90250318,ddb9f1bb-57af-5a57-983d-902c3ff4aa17
9037cf52-95f4-4f3e-85fa-19f30f8cb3e3,9037cf52-95f4-4f3e-85fa-19f30f8cb3e3
903a7601-9158-473c-8a16-f1d58c972365,903a7601-9158-473c-8a16-f1d58c972365
903ecafe-b6b7-4420-a348-9b5f21508f7d,903ecafe-b6b7-4420-a348-9b5f21508f7d
90480ea8-166a-4bc5-b5fe-0bfaf6a9d8c5,90480ea8-166a-4bc5-b5fe-0bfaf6a9d8c5
9053ff53,ace95eeb-7193-51ef-bf83-aa4eb20f7528
90875cf1,7c9e7bc8-68a7-510a-aec2-7752465c8261
90976a45-46fe-43e5-ae98-fa53a91b0e07,90976a45-46fe-43e5-ae98-fa53a91b0e07
90b96d55,98d4c6ff-113d-5984-9524-ff91477f3b97
90e28715-c63f-4cd0-8154-08a9de68ae5e,90e28715-c63f-4cd0-8154-08a9de68ae5e
90e6c0a2-b3c3-4edd-b57d-5da90450cc0a,90e6c0a2-b3c3-4edd-b57d-5da90450cc0a
90feadc5-1d02-42d6-afa0-4a779c518ec1,90feadc5-1d02-42d6-afa0-4a779c518ec1
9102e47b,3f740b6e-5087-5968-b404-4e31e5cb970e
910a3586,9fa5cc16-ced4-5234-b84d-9643fb82f310
911c7787-21b8-406a-9810-ff70af60be86,911c7787-21b8-406a-9810-ff70af60be86
913c0838,63437b61-507a-52f1-91bd-069a33e46b22
9149d1e6,65047844-8773-54c1-8c17-73077edf3fb4
91506af1-dca5-47f3-9128-d4d2b5c173c9,91506af1-dca5-47f3-9128-d4d2b5c173c9
9153718a,c2916daa-1264-5115-85a3-8eda7d9f6af9
91578bf1,8be28c54-2e14-54fe-9e4d-920b6d33ed8b
91579e5a-10ef-4636-ae27-6be0602a13d8,91579e5a-10ef-4636-ae27-6be0602a13d8
91657b0a-fee3-4f3d-b212-f25e9d820d22,91657b0a-fee3-4f3d-b212-f25e9d820d22
91721270-378b-438f-8f54-b98cf91f6abc,91721270-378b-438f-8f54-b98cf91f6abc
91b40baf-58c1-4c83-bd54-cb32947aeb07,91b40baf-58c1-4c83-bd54-cb32947aeb07
91b8a0d2,a4679ef6-6cce-5580-a4c1-8a9839750e74
91be7956-66cc-495a-8fca-deb6d4e3f1d2,91be7956-66cc-495a-8fca-deb6d4e3f1d2
91d7271d,de98ac4c-51c6-5864-9a3c-1709ad2cf6a7
91da90e1-7298-40f2-bf12-1f710d882d7d,91da90e1-7298-40f2-bf12-1f710d882d7d
91fc80a7,3791b49c-6431-5183-a5fd-d81cffea40d0
92211052,10487fc5-0f34-511c-a52c-1c7e20309b0f
9225b342,27e0bc07-4b15-59cb-9ba6-64880fec5ad2
926380a2-7ece-4f4b-8a2a-82c303f02280,926380a2-7ece-4f4b-8a2a-82c303f02280
9266fe1e-9225-4e4e-a1a9-7da7395977c4,9266fe1e-9225-4e4e-a1a9-7da7395977c4
927b7835,fd4237c6-55e7-5aea-a536-bd485a8ec768
92833db1,74487c51-2f57-5f54-9111-937ce2a8e252
928a8586,9fa68c09-3902-5208-984a-f854c4fc0dd3
9293e54d,bda4ba7f-7b75-542c-bf22-4f70d06e4a5f
929e4c41,d1f70a5b-f512-5c63-a359-c38475943da2
92b04d2d-f73f-4b46-ab09-530bebe3f3c1,92b04d2d-f73f-4b46-ab09-530bebe3f3c1
92bc81b4-0838-4c62-a093-3751066fd8e7,92bc81b4-0838-4c62-a093-3751066fd8e7
92bc8b4c-1377-446d-b65f-81a96d0c2913,92bc8b4c-1377-446d-b65f-81a96d0c2913
92cb9eef-40a9-4ab9-90ff-9beb63bebf61,92cb9eef-40a9-4ab9-90ff-9beb63bebf61
92d9e0a3-efec-4bf3-babf-17cc1cb420d4,92d9e0a3-efec-4bf3-babf-17cc1cb420d4
92e2d2f4-7c21-41f7-a502-c5e847272596,92e2d2f4-7c21-41f7-a502-c5e847272596
92ec786a,c62f5f6b-f3ae-5321-9c53-b2462ee55710
93042854,495d78f9-08ed-5e6d-8b87-1153633a33f8
93165749,ed704342-38ca-5935-9914-8f5a496244e3
9378a985-c135-4750-b254-108dc311cffb,9378a985-c135-4750-b254-108dc311cffb
937d7849-1e3c-433a-a9d8-b60859e1abd1,937d7849-1e3c-433a-a9d8-b60859e1abd1
938444be-c158-4028-90f7-abd7f85be9cf,938444be-c158-4028-90f7-abd7f85be9cf
939b79cd,8c11a244-1927-5b09-a6fd-14286b1c1b55
939f1a20-b72c-4c4d-8967-351dd72a5be7,939f1a20-b72c-4c4d-8967-351dd72a5be7
93b1bf4a,dd2de472-3f7c-55cd-a91b-d8fe15304675
93b29ca5,6c2b9797-c497-5597-8991-341691dfb9f0
93bf2eb8-171a-4df4-9023-75535c0dec0d,93bf2eb8-171a-4df4-9023-75535c0dec0d
93d968bc,25f63760-a255-5297-841b-9b3b60d8abdf
93e0e1d2-a3bb-4f88-8164-ce7c883f40ce,93e0e1d2-a3bb-4f88-8164-ce7c883f40ce
93ed08f5-685e-4e49-9019-c72112eb53e1,93ed08f5-685e-4e49-9019-c72112eb53e1
93fd08fd-4a40-4fdb-b69f-f03549b9e54f,93fd08fd-4a40-4fdb-b69f-f03549b9e54f
9418e654-4841-40ce-83ce-c042d39343ce,9418e654-4841-40ce-83ce-c042d39343ce
94306c95,700f2afe-68d4-5352-b556-9041952f5981
944de6a8,185a2cef-e147-5d39-a9c6-16c4f01302d1
9457f25f,74a8b32a-befb-57aa-ba32-5e48c362c260
9467ccbc,83cbeba6-5df4-5df6-8361-6b08bafdd407
94756cf5,72279133-f95f-545a-b675-014859f0d6cf
947ad90e-bfc9-4f1a-b6de-91e83e519ae5,947ad90e-bfc9-4f1a-b6de-91e83e519ae5
948495b4,2cd8ec2c-ace9-56cc-8da5-5de430ee0990
950d3deb,cd79f0ad-1293-54b7-be0e-dba03125800e
95409f07-6a5f-476b-bd1f-c76ab01cfbb0,95409f07-6a5f-476b-bd1f-c76ab01cfbb0
9548ee1a,a75a2bd8-e771-5de2-97b9-4bc17803faa8
9555184b-6cc8-4d65-bd02-8112bbdfbcc4,9555184b-6cc8-4d65-bd02-8112bbdfbcc4
956fe6c0,6e25b01e-f929-5c46-8556-c45bfa2783e0
957d469d,77b75992-8d2b-510c-ad5d-16445902f6c5
9589ee5e-c825-4836-a71d-9061b2a9d0e8,9589ee5e-c825-4836-a71d-9061b2a9d0e8
95b40a3a,e9219944-846c-503c-9bde-f89d42c358e1
95dc1d17-53c4-4764-b9e3-04579383ee3b,95dc1d17-53c4-4764-b9e3-04579383ee3b
95e1dcf1-f7e8-4e0a-82cc-596119974af0,95e1dcf1-f7e8-4e0a-82cc-596119974af0
96006890-a5f0-4b82-8139-2f28a6a51eaf,96006890-a5f0-4b82-8139-2f28a6a51eaf
96137d41,a48b20f0-c939-5a5e-97e7-8b51417592dc
96205560-428b-4d82-9459-c0124e90d02a,96205560-428b-4d82-9459-c0124e90d02a
963bfdb8-ca31-4d39-8a7e-8395f608680d,963bfdb8-ca31-4d39-8a7e-8395f608680d
966bda48,a534c8ef-6258-53d5-83ac-74ffd72c28fc
9679e27a,7f2d191a-bc09-5b5a-8d3c-88a9cb58c5f1
9699fb18,332931ec-00af-583a-a901-c4bf55e6010f
96a34e9d-81b2-46c8-9d68-9b3ff077cea2,96a34e9d-81b2-46c8-9d68-9b3ff077cea2
96accbdc,39f473bd-df72-51e3-9f46-23893bb7a6fc
96c56556-1c1c-400b-8e99-f96753d56868,96c56556-1c1c-400b-8e99-f96753d56868
96e8c3dd-29cd-48ac-9697-f1665706f7ea,96e8c3dd-29cd-48ac-9697-f1665706f7ea
96f74d21,6c566619-047d-5b55-a86a-bd178dda9c2d
971adde7-bc33-4ffc-bd6a-f97610a18c8a,971adde7-bc33-4ffc-bd6a-f97610a18c8a
972b56eb,78c8a3cd-1c30-5748-9615-2dcc3fa6699d
973afb03,0ce34ba2-745f-5bc6-8067-fd93b6c0516d
973bdfb7,405fa5b8-c227-5232-8593-7558d083a217
9744465d-9cf1-4953-a101-682cadbdbf3d,9744465d-9cf1-4953-a101-682cadbdbf3d
9749f773,1cf716b5-b7fc-5597-b7a0-e8e9d2096db2
974fdfdf-14a9-474d-a34c-e1c911b57fe5,974fdfdf-14a9-474d-a34c-e1c911b57fe5
97637eff,a1be057f-1e7c-567e-93c5-a04e5b6495a7
976b8860-b0ae-4701-9fc8-b54f784d15e7,976b8860-b0ae-4701-9fc8-b54f784d15e7
977b2955,d7f6a0c8-e9c1-565b-a6e5-fbd9b64bd261
977c036f,bff16ceb-b7d7-5f0c-a0cd-6b428aa9b19f
977ea97a-996a-4bea-8570-70481e76b895,977ea97a-996a-4bea-8570-70481e76b895
97cb0045,16f3a681-e5d1-5627-b2fa-cd1107463310
97d01b3c-60f7-496b-9191-43b5cab24b89,97d01b3c-60f7-496b-9191-43b5cab24b89
97e0f10c-d946-4824-b4f4-508b08308d12,97e0f10c-d946-4824-b4f4-508b08308d12
97ede4c4-d5eb-485a-9d18-418baf1d5b91,97ede4c4-d5eb-485a-9d18-418baf1d5b91
97faa9ed-2f5e-49b6-8163-69d1f53c0610,97faa9ed-2f5e-49b6-8163-69d1f53c0610
97faeac1-e4bf-400e-bf62-c64e1e32228a,97faeac1-e4bf-400e-bf62-c64e1e32228a
980e556b-86ef-4f13-930a-417330719e49,980e556b-86ef-4f13-930a-417330719e49
9811f5d0,0ec00c41-ba7b-59ce-b9d1-3b9556aecee5
98146738,1a42d191-a8cd-5f45-a419-7722f77c7532
98554b66-1de2-48d9-afdb-24884aeabc65,98554b66-1de2-48d9-afdb-24884aeabc65
987bf060-e5f3-4986-bf1a-0a0254497420,987bf060-e5f3-4986-bf1a-0a0254497420
988a5370,ea485001-d086-5339-a37a-b3bbdc2a9a8f
988ae2df,88926547-62ab-52ef-9431-dd80b5f418be
98aac834,a7ff9983-3582-5ba6-b026-d15f0a3b2444
98b92fc5,afc2c50b-3195-570f-9143-df4dbf33d987
98da9b74,86868ac1-63b5-53be-a059-c692694ca91f
99255e95-1c1f-4958-a685-c40813d4ede9,99255e95-1c1f-4958-a685-c40813d4ede9
993bb330,df82fe88-6f9e-5f5c-9620-c3acbaf78c32
994f8a2a,032cde01-ed91-51a0-8b5f-34a2a185aa7f
996b94ba-0600-4069-b362-b733b41e105b,996b94ba-0600-4069-b362-b733b41e105b
997019c8-7c21-4fa6-964e-285daee790b6,997019c8-7c21-4fa6-964e-285daee790b6
997d71a8-5fdf-4ced-b6b6-d67933b71367,997d71a8-5fdf-4ced-b6b6-d67933b71367
998976fa,1ef5a0f1-ef38-5758-b93e-624b301ea45a
999fe74b,9f938536-b42d-5c10-b1e1-faf5b67a2803
99a69c5f-96c2-4aa2-a7ce-4eb8a4aeff91,99a69c5f-96c2-4aa2-a7ce-4eb8a4aeff91
99da326e,a851cbbd-f03f-54cf-aaaf-14fb1d49032c
9a11ffb6-e711-4023-9463-cec95f8b4e80,9a11ffb6-e711-4023-9463-cec95f8b4e80
9a2ec8ea,14222594-6da1-501f-a614-f1e2eed1097c
9a5fd298-92a4-48c3-88cd-f9c3f19c2fa0,9a5fd298-92a4-48c3-88cd-f9c3f19c2fa0
9a8031f9,f0102f72-0d4a-51b3-94ed-7fce4c7f6b48
9a9e633c,61cf4ec1-ddd5-56be-9eba-807884caa685
9aaed737,6fb8818d-4fa2-5acd-bbd1-598eda657fa4
9abf7755-780f-4794-a06b-73996f9a9183,9abf7755-780f-4794-a06b-73996f9a9183
9ac0743e-a088-4c9e-9242-25353cc20aa6,9ac0743e-a088-4c9e-9242-25353cc20aa6
9acb5ede,d83f0379-a6c4-551e-8bd4-c0b91dfe64d1
9acd6ee5,9d64ed66-3fe6-50ca-bf55-12e2b39bdf9e
9ad659e3,397c4dee-f35a-5375-ae10-932bf56eb882
9b0ff2dd,f727a931-572a-51fb-98bb-6ddbeb73114f
9b20d627-3150-492e-8a28-8d2d1ac28b7d,9b20d627-3150-492e-8a28-8d2d1ac28b7d
9b36bd23-8b67-4c36-a746-76582b494a6b,9b36bd23-8b67-4c36-a746-76582b494a6b
9b3d81da-a2ac-4afe-a767-76f39be0dded,9b3d81da-a2ac-4afe-a767-76f39be0dded
9b987c8d-22c5-4f1d-826c-e1813fafe311,9b987c8d-22c5-4f1d-826c-e1813fafe311
9ba8ca5b,a652c6a4-61e0-5110-834b-f8357b842deb
9bb6feed-7bcb-44e9-9fbd-64a344c569f1,9bb6feed-7bcb-44e9-9fbd-64a344c569f1
9bc1d9d6,a03c5d16-2b69-5553-a321-f6a5303203f8
9bc924fa-d2e6-41cb-a418-e98f8d18ab3f,9bc924fa-d2e6-41cb-a418-e98f8d18ab3f
9bcb8c8b-c651-4604-8247-d4dfecac289c,9bcb8c8b-c651-4604-8247-d4dfecac289c
9bee7af7,3d6ab03b-c478-5e42-910b-1988e2fb4353
9bf6458e-ee4c-4ab1-9a2c-039da49f8828,9bf6458e-ee4c-4ab1-9a2c-039da49f8828
9c18d1a7-48b2-412e-bc90-b1ff2bd89740,9c18d1a7-48b2-412e-bc90-b1ff2bd89740
9c32beb2-ead1-4424-9c8c-cf8816ed2ac5,9c32beb2-ead1-4424-9c8c-cf8816ed2ac5
9c3be5f2,26cfd141-d6fe-5a4d-8e6f-f3342c702c33
9c528e01-716b-4c6b-a730-5ecaeca43d06,9c528e01-716b-4c6b-a730-5ecaeca43d06
9c5c6416,df7b7f7f-a785-559e-aa79-0b74a4fe1bf3
9c640ef0,ab3b9631-2fe2-5247-98da-13b802414c60
9c80bb37,cc67c19c-d510-53b2-b5fa-c0bb00af45cd
9c9f29f1-c69e-4d21-9105-c0ab8346c579,9c9f29f1-c69e-4d21-9105-c0ab8346c579
9cb7bc05,bca32bef-a630-5728-9454-8fb6c1adea99
9cccec82-a651-40bc-8e9f-bceb8b16ae57,9cccec82-a651-40bc-8e9f-bceb8b16ae57
9cdf586f,462a6359-fc73-53bc-a895-ac55723e63f0
9d13033f,c5569c58-2a45-51a5-8f8d-976c8df24baf
9d151d71,8495bfe8-ab88-5de2-9427-1ae4f226f6b4
9d18433f,f32dd77e-47ce-5480-9c19-c1bc5b34d5a5
9d2ea0a8-5469-4fd9-8471-33e8b8c4ab38,9d2ea0a8-5469-4fd9-8471-33e8b8c4ab38
9d3b7c1a,7b8a6638-5499-5f88-b67b-f11076cd3a1d
9d3ed069,733a5ce9-c395-5ff9-9ea5-75b8e34bc61e
9d42bbd4,52404c7a-f345-5a02-aba8-5309a7cdb21c
9d454a17,e438d42c-5649-512e-b7cc-117fae1e1cbb
9d47a15f,6ad4349a-1f77-5157-9567-d70df0b218e6
9d78bbb4,4882076c-4017-5a3a-ac86-d2b9bb1a87cf
9d914a6d,8d01820b-2504-5a94-be14-5b7ddc5c983b
9ddf7f88,1c50977e-adba-561c-9b0a-dd542938a002
9dec33a1-2425-4d69-b17d-8f430ede70c2,9dec33a1-2425-4d69-b17d-8f430ede70c2
9e0ac9c9-c383-47a3-a445-cc5281b58023,9e0ac9c9-c383-47a3-a445-cc5281b58023
9e21a17e-8676-4446-be41-a195ed09089e,9e21a17e-8676-4446-be41-a195ed09089e
9e27a01e,e25fae28-2a9b-536c-8800-6b2c57764f00
9e2fccc2-9c02-4b4f-ad33-2f250a7ae4c5,9e2fccc2-9c02-4b4f-ad33-2f250a7ae4c5
9e3071e1-dc06-4b47-9872-8c1cba0314ce,9e3071e1-dc06-4b47-9872-8c1cba0314ce
9e35e352-1f4e-49ac-b313-9ba1a61aed64,9e35e352-1f4e-49ac-b313-9ba1a61aed64
9e3cdf8d-1c87-4011-92af-f9d0bf882b62,9e3cdf8d-1c87-4011-92af-f9d0bf882b62
9e6a3819-7861-4613-95f6-3679df9594e0,9e6a3819-7861-4613-95f6-3679df9594e0
9e6aee09,7a179a7e-a030-57f8-a11d-12146786d597
9e7f939b-9311-4b2e-8ae9-cda2cd62f4d2,9e7f939b-9311-4b2e-8ae9-cda2cd62f4d2
9e925c20,c36ce19c-2cb6-56d0-b6ae-db9c6dc51da8
9ed45749,07c43332-5edb-5d4d-98c7-77323d134773
9ed8820d,c31c7d08-d992-5d2e-95de-8a3f6a3542f0
9efc6953,e29c73fc-2d23-5bf1-9baa-1f5f16bb8dc8
9f028cf8,a443cca1-4766-5150-96b4-ba91e1b51629
9f0ae02f,8dbc4d69-a4c8-5076-b40f-8232590857c1
9f0d8a23,b0c4720c-e435-51af-98c2-4b365e646e77
9f15895e-e648-431e-8777-5ea8ea61aa57,9f15895e-e648-431e-8777-5ea8ea61aa57
9f17ae4f-6579-4fb1-a575-c1390ca87546,9f17ae4f-6579-4fb1-a575-c1390ca87546
9f17b69f-b16c-4d3a-ad7f-68012592fdba,9f17b69f-b16c-4d3a-ad7f-68012592fdba
9f1f095b,b1411f05-2658-5da5-b4e3-3344c3fec8a7
9f3c6ab5-329a-475b-8a41-cfcda1458297,9f3c6ab5-329a-475b-8a41-cfcda1458297
9f47b307,027d95a4-a1e1-569b-9199-ccbe9ee42058
9f51dff2,3f246b21-679f-5a51-b510-ae54fbc9b7b0
9f61efa6-4aa8-4020-b31d-8df0b769beb4,9f61efa6-4aa8-4020-b31d-8df0b769beb4
9f65dda8-0042-459b-a740-c54ad9df22cf,9f65dda8-0042-459b-a740-c54ad9df22cf
9f83e8ff,c312f736-13ee-5612-823f-e7577dcc3263
9f85d4fa,64b52773-daf5-5ef2-a343-5dcca60bbcc0
9f8d4db2,9281d8f6-5eea-5c90-8a1e-10c843cb06a7
9fa52708,a8fa1510-6c3d-54ee-9395-e3688c32d09e
9fc8d2c7,71455db2-ead9-545b-920a-165b2abab324
9fd87b01-56e6-4e7e-a9e9-1dd0079adac2,9fd87b01-56e6-4e7e-a9e9-1dd0079adac2
9fdc399a-65d4-4908-8654-756187dfcef0,9fdc399a-65d4-4908-8654-756187dfcef0
9fffeb18,a4722e59-e193-5062-9806-9756a7b67a1e
a0253ed0,14650226-75c7-5a1d-a18c-a00060f8b7b5
a03dddc8,c19415d9-9d98-5069-8d17-0501049707e0
a05377e0,2889296d-36e3-5d3e-a312-df15de6e9a7c
a061fbc0,8acde3b9-1dda-5f70-a03e-bf139fbfa2e2
a06733de-11f1-4a96-b785-c75a596c49d3,a06733de-11f1-4a96-b785-c75a596c49d3
a06f96ba-c171-4ea0-8b11-ad9274fb5668,a06f96ba-c171-4ea0-8b11-ad9274fb5668
a072593d-37d6-428f-8c33-7a7feecce967,a072593d-37d6-428f-8c33-7a7feecce967
a07316a7,8d6fcd15-aa48-5605-aa6f-58bca007bc57
a075d7fe,556dfa0f-d026-5412-9442-7ae457cf82a4
a085e501,96571bfe-4a1e-5bca-9c9a-9c503b9efebb
a09c8764,b5fd4351-4b0e-5830-833f-c300571bca57
a0b031a8-8d39-4ea6-9113-390953d6ed02,a0b031a8-8d39-4ea6-9113-390953d6ed02
a0b0b08b,cfb1dae9-f0e2-5db1-8f18-c37603360ef2
a0cc06ca,b192e0e7-fe67-5e6b-9584-a25ae1486ad6
a0f52533-984b-4dcd-b967-5e3108464b91,a0f52533-984b-4dcd-b967-5e3108464b91
a1072e64,a722eda4-0c12-561a-9354-3eef9b683041
a1094a32-7692-40af-ba77-e904bfc5e1ba,a1094a32-7692-40af-ba77-e904bfc5e1ba
a11122e9-2370-4616-bc17-88c78b62dc7c,a11122e9-2370-4616-bc17-88c78b62dc7c
a11fc47c-b05e-46d6-9b21-b4c4839aed13,a11fc47c-b05e-46d6-9b21-b4c4839aed13
a136499e-31ff-4b8d-8b0f-cea90fe4db15,a136499e-31ff-4b8d-8b0f-cea90fe4db15
a18a5c09,965ca590-c974-581c-a1ee-277a29ede649
a19e66e9,36fa4b35-5bf4-5a61-969c-943bb107ab73
a1d95f49-23bc-458c-bfa2-d15084969810,a1d95f49-23bc-458c-bfa2-d15084969810
a1ea99c9,4fcaf0eb-4673-5a6f-8f81-79feae176e0d
a1f2c327-ca3a-4cf8-8d42-25cf05a100a2,a1f2c327-ca3a-4cf8-8d42-25cf05a100a2
a21fbc22,b198c9ca-a98e-556a-a720-e3c09caf48bb
a22aeb7c-6b7a-493f-99a8-eb45977345f9,a22aeb7c-6b7a-493f-99a8-eb45977345f9
a2365b56-2d0c-4c6d-8b5b-741d710b8ee3,a2365b56-2d0c-4c6d-8b5b-741d710b8ee3
a241166b,0db9ef54-6e68-5d43-a473-5d5fe254fd11
a258b173,56df8603-6a9b-5c8a-b918-72336b361e1c
a280b5f0,9b297ad6-a32a-520f-8717-2ce201da88c5
a2862cea,8dc08d44-283f-56b9-ad66-01f600690a03
a293592c,fda0255d-0035-58ee-a960-f80f303023cf
a296ac67-0648-4900-836b-346d9729911b,a296ac67-0648-4900-836b-346d9729911b
a2e633e0,3de9b01c-419f-5738-94e4-1b5ec119264d
a2e7e301,bf99de5e-9d7a-54e3-97a7-41938184e811
a30572c8-9535-4fa0-a4c7-82a56244edf8,a30572c8-9535-4fa0-a4c7-82a56244edf8
a3092cc3-d118-4ba8-b0fe-f10d9c7d646e,a3092cc3-d118-4ba8-b0fe-f10d9c7d646e
a316a60f-245f-433c-b883-4f084feb229e,a316a60f-245f-433c-b883-4f084feb229e
a32261da,c6d5e43b-1ceb-5ee6-af48-02739b772d42
a34bcc8c,171f28cb-cf50-5c2d-a94f-39db562d05f4
a366cdf7,d396937c-80bf-5d99-8bd3-d76d8febd735
a36b2445,e0964654-7fbc-55ca-8b6c-f9a09ad0f0b2
a37d1bc3,9a1294d7-2e22-592e-8040-228f3c98c761
a3928d27,62f33f57-6469-5724-9d3c-c98088a87be0
a392d346-cd1b-40fa-bdd4-ce9f72e7a9f4,a392d346-cd1b-40fa-bdd4-ce9f72e7a9f4
a393202a-b3a7-4c56-a652-938ee08952c0,a393202a-b3a7-4c56-a652-938ee08952c0
a393c7b6,df44440c-70c7-5b21-8d19-ea5be7f562f4
a3a31754,3dd8afe8-e850-522a-bbce-4eca741350c2
a3a6d2cf-ff84-403e-9b1e-9e83235a4a61,a3a6d2cf-ff84-403e-9b1e-9e83235a4a61
a3ae91e2-9541-4394-9cc9-aa8353ee3dc1,a3ae91e2-9541-4394-9cc9-aa8353ee3dc1
a3c410d8,45ab0270-1f62-5155-aa1a-4cb66055dfa0
a3cebcf1-aa34-4e32-ae95-a89815535962,a3cebcf1-aa34-4e32-ae95-a89815535962
a3d702e3-045d-4c21-a8a6-c9a539359c7f,a3d702e3-045d-4c21-a8a6-c9a539359c7f
a3efb151,fdd31ef7-aeee-534e-94ad-440fb0f5c3be
a413fae9,9163d462-85a5-5753-8606-f69bfa4ce7f2
a42a28df,53e29105-752d-50de-a931-7530cf61a67e
a43106a6,f207e93c-a862-5723-9f1c-cff514a0b9a1
a43b36d0-74b4-4531-bdfd-036d30d38093,a43b36d0-74b4-4531-bdfd-036d30d38093
a43e4971-023f-45a6-ba72-2f29080798a5,a43e4971-023f-45a6-ba72-2f29080798a5
a43e9872,b1662c42-221d-5062-b3e9-69861278cf63
a4641aa3-c60a-400a-b3ef-d112c0af8523,a4641aa3-c60a-400a-b3ef-d112c0af8523
a46c534d,59879594-d3aa-518c-8861-b94b1bb719a2
a46ce614-d97a-4333-9740-f22c2c6b21be,a46ce614-d97a-4333-9740-f22c2c6b21be
a47a2564-405c-455b-9d0d-4d72d1d6bfb6,a47a2564-405c-455b-9d0d-4d72d1d6bfb6
a4958808-d88b-46e1-b499-183c2728835d,a4958808-d88b-46e1-b499-183c2728835d
a4960f6a,ed3d1e80-cc5a-5216-90da-2088169f5510
a4a09d60-d022-4918-9782-8d8ef775c970,a4a09d60-d022-4918-9782-8d8ef775c970
a4ac2217,806c29d8-07a7-5ce1-a3e0-90f2632e74c2
a4c93f47-734c-4382-92fa-c5c1050ffcc1,a4c93f47-734c-4382-92fa-c5c1050ffcc1
a4e7e66b-8869-4628-91d5-ccb90aec1d18,a4e7e66b-8869-4628-91d5-ccb90aec1d18
a508c100-21de-4f16-a183-be4cce11f0c7,a508c100-21de-4f16-a183-be4cce11f0c7
a516133f,2445cbef-ff32-5915-acb8-ab1898654065
a51badef,35d70c9b-0ad4-52fb-82f1-9143df119a91
a5365522-09a7-4ae8-a6db-487f17a3b849,a5365522-09a7-4ae8-a6db-487f17a3b849
a53660c6-c3f9-4f9e-a1ae-f18ad39d3e45,a53660c6-c3f9-4f9e-a1ae-f18ad39d3e45
a557ad9d-b732-4e86-b390-d8f1b14991c2,a557ad9d-b732-4e86-b390-d8f1b14991c2
a567f581,8508c3dd-20ca-5709-aed1-d50beba9d6d5
a583ba9a,7d0ee05d-242e-5d69-a96e-2ce3e709ee94
a5a1e619,69657d92-0bde-5894-9e30-8934bd45732e
a5b7fda6,99e74915-74e3-5ad9-967a-e1989341cf98
a5eec198,7cc2e0cf-2bd0-51cd-8797-1ff5d2d3ea85
a605dbe7-8440-4cae-8273-3d9591c954de,a605dbe7-8440-4cae-8273-3d9591c954de
a6060ede,17497d2c-877f-52dd-926d-e2443347cb6f
a60c1f8c-4494-48e9-92aa-8059a8475685,a60c1f8c-4494-48e9-92aa-8059a8475685
a62e829f,2056672f-9044-5326-ba37-d98184387332
a648e375-5ebf-4ebe-9035-8ab2976f443f,a648e375-5ebf-4ebe-9035-8ab2976f443f
a66aafeb,5cd0a8e8-b278-5d2b-a2bb-4f4488a5a18d
a6702875-b527-412a-9b91-2f08dce87133,a6702875-b527-412a-9b91-2f08dce87133
a673b928-d703-4e66-9388-42bd33d57da1,a673b928-d703-4e66-9388-42bd33d57da1
a69108d8,76f376ee-1437-5674-bc77-c0f715b4931f
a69456e3-8c3a-44d8-8200-9443affd54d5,a69456e3-8c3a-44d8-8200-9443affd54d5
a696b65a-b861-4131-b702-f38c54bb5e10,a696b65a-b861-4131-b702-f38c54bb5e10
a6982f7b-b2f8-4fa9-b524-c56b235111b3,a6982f7b-b2f8-4fa9-b524-c56b235111b3
a6a4ded8-5268-4dc2-9b19-e37c0b676ce7,a6a4ded8-5268-4dc2-9b19-e37c0b676ce7
a6be7f13,07be7738-eacc-5394-a97c-9cdc3af98d59
a6fa4fa7,dc46f8e1-069c-56a8-bded-b4644a121bde
a6fd8ae4,4caccaf9-5781-5f0d-a790-eb86d2da2f08
a713b295-e1fe-4d77-a7c5-d489744f9cd4,a713b295-e1fe-4d77-a7c5-d489744f9cd4
a7161efa,b123bdaf-1905-58c7-b799-927c17fcd70f
a722e8fa-c0ca-4d89-833a-0f251f0da603,a722e8fa-c0ca-4d89-833a-0f251f0da603
a72e9279-38ed-410a-b272-c3f54b35f62f,a72e9279-38ed-410a-b272-c3f54b35f62f
a73248cc-50dd-4dd0-a5e2-3892bf7f3124,a73248cc-50dd-4dd0-a5e2-3892bf7f3124
a7336f08-ae78-46cd-a64b-5b343817e4a8,a7336f08-ae78-46cd-a64b-5b343817e4a8
a739fb3c,54234c1c-834f-5d00-b3cd-afbec9c7619b
a741e33b-e0bd-4b3d-ac52-9467344cb19f,a741e33b-e0bd-4b3d-ac52-9467344cb19f
a77aba62-277b-4a2d-a596-412c4b70850c,a77aba62-277b-4a2d-a596-412c4b70850c
a78dbb29-de89-49c8-b31e-5ee0dd86decf,a78dbb29-de89-49c8-b31e-5ee0dd86decf
a79d8e70,9c9776fb-6003-5dfc-8083-583f3153fd33
a7ba55bb,7106374c-eba6-53bb-bcc7-d35bf67ae801
a7c3551d-f983-4644-af02-dd027c4e8915,a7c3551d-f983-4644-af02-dd027c4e8915
a7dfa894,1c2dcc97-1994-5eb3-afc6-ce6a88f2e1ef
a7f5c110-69e9-483c-bc12-505127abc816,a7f5c110-69e9-483c-bc12-505127abc816
a7f92eb4,e160f0d2-106b-56c6-b692-1dc8e9587e64
a7faace9,8f00d547-028b-5785-a80d-1b8daf4e3645
a84c7e67,64e6d42d-d7b2-5b12-93ac-25133e39b736
a8635f0f-2463-4357-bc74-b53df0ed42bb,a8635f0f-2463-4357-bc74-b53df0ed42bb
a864a151-4e26-4b0f-9f7f-7c523d654906,a864a151-4e26-4b0f-9f7f-7c523d654906
a8b4ed89-9626-45b8-9289-24fe296d8772,a8b4ed89-9626-45b8-9289-24fe296d8772
a8bebc24,b13e88fc-dcf1-5136-bc71-18a491d241f0
a8ccc93b-b95f-4492-bcf9-0616c565126f,a8ccc93b-b95f-4492-bcf9-0616c565126f
a8e5ee8d-1813-4e96-8a93-e6451ee32264,a8e5ee8d-1813-4e96-8a93-e6451ee32264
a8f3ba24,62629af6-2c3c-5af0-9d6f-560f854a84f2
a8f47046-61fa-42a3-9ff6-0d62639bd992,a8f47046-61fa-42a3-9ff6-0d62639bd992
a9090e1b,4d2ac4ee-a2e0-50b8-843a-7c44b31611ad
a90f16e9,fa846f8f-6e7f-5b94-afe9-41f9be775dee
a9177e30-6c05-4f32-8527-fdf27924e15c,a9177e30-6c05-4f32-8527-fdf27924e15c
a91d4880-90fc-4277-bfad-c9b6cd030cab,a91d4880-90fc-4277-bfad-c9b6cd030cab
a946d8f1-d109-4400-84e1-6fd5f4cfa715,a946d8f1-d109-4400-84e1-6fd5f4cfa715
a971667c-8c1d-491e-b785-a3d104e515bb,a971667c-8c1d-491e-b785-a3d104e515bb
a997a4fa,47b2210a-5a58-58f8-83fa-c937c6ff37a9
a99feae5-1b84-4680-8507-7ff7d8f9c7c5,a99feae5-1b84-4680-8507-7ff7d8f9c7c5
a9bec700,f10d8e1a-1bd4-5b60-a2f7-aee5fb20e140
a9c8ed3e-6652-43f4-b7b1-a424396f47d3,a9c8ed3e-6652-43f4-b7b1-a424396f47d3
a9d543d1,960923c1-aa8d-5a00-96a2-fe02584a5ae3
a9f3161e-9b35-48f4-9cb9-3c2795166681,a9f3161e-9b35-48f4-9cb9-3c2795166681
a9fb57b6,cfdd7620-2213-5390-be7e-2c9dda601c77
aa479c53,2680b68c-470f-59e3-884b-bf616cc8435b
aa506cef,a9c00945-f114-5ba8-bcf0-078c7b889695
aa62478d-2d9d-4e32-948c-337defc28a53,aa62478d-2d9d-4e32-948c-337defc28a53
aa65df44,535e7c9e-12ee-5bd5-9ab7-2e66b50f6eec
aa6db1e7,819929d8-fa7a-5ae1-aeae-ca12238fd387
aa70c5be,f1625d16-2429-556a-8b0d-1c48c96d4b7d
aa71edf0-4298-4a34-b506-1295b877d931,aa71edf0-4298-4a34-b506-1295b877d931
aa781bf8,e1b5921f-2bc8-54c3-a6a9-79e374b80f5c
aa7898ca-b010-4a5e-bf7f-ca80b91f8b27,aa7898ca-b010-4a5e-bf7f-ca80b91f8b27
aaa2e6c8-f1ac-44a9-becb-34f776872700,aaa2e6c8-f1ac-44a9-becb-34f776872700
aac9dd58-c160-43eb-8bd7-450fa00abdd1,aac9dd58-c160-43eb-8bd7-450fa00abdd1
aad41fca-abd6-4440-922c-1bf21d5febe4,aad41fca-abd6-4440-922c-1bf21d5febe4
aad75b15-259c-473f-bba0-70053af69602,aad75b15-259c-473f-bba0-70053af69602
aadf95c7,28859766-b25c-56a1-82d8-1d103205916e
aae29d9e,1e1774ef-0882-5e18-8228-736b47ae4783
ab0fd77c-0285-4320-8ec2-6019b25f2fd8,ab0fd77c-0285-4320-8ec2-6019b25f2fd8
ab16648e-a3f6-48a4-b99a-4852e71d56d1,ab16648e-a3f6-48a4-b99a-4852e71d56d1
ab51cc50-ff7d-4823-9a93-e82118f3b8b5,ab51cc50-ff7d-4823-9a93-e82118f3b8b5
ab5d1e41,9b62b36a-812d-5139-9fde-566afec8b217
ab77d2dd,21fd61f2-d27b-5b63-998b-89ade7b9ad73
abaa2049,b8394cad-2775-585d-9003-cf7460e96af1
abb66f96,04d789e2-8575-521e-9932-344284850b1f
abbdeeab,b6159106-f1d1-5c4a-9a1e-14e12321a8fd
abdb881e-f5d6-4235-b328-15edf2df2daf,abdb881e-f5d6-4235-b328-15edf2df2daf
abf870c3,3e002758-d007-5944-bee6-a0a1616a410e
ac08fdb0-6b0f-4a70-bd18-65d2f2327b25,ac08fdb0-6b0f-4a70-bd18-65d2f2327b25
ac0e9665,d8636d14-fee7-538e-8b71-276724f52def
ac2008c4,5bf9e814-c9da-5e10-b65e-84ab0070cccb
ac20e7dd,93d98861-bfb4-5704-b7a9-eff2893e76dc
ac21738d-bec5-4aa8-af20-896985419db6,ac21738d-bec5-4aa8-af20-896985419db6
ac2d1e8c,93cf3f61-4c9d-5f45-bbff-a39371cbdae6
ac2f0edc,4a1576ff-c6ce-540a-82a0-bfadf7f6254f
ac38df8d,e41142e3-93fd-50be-9101-94e4646db372
ac5aa76a-4b89-43f9-83a0-0b7643666ece,ac5aa76a-4b89-43f9-83a0-0b7643666ece
ac63fa7e-da18-4ac2-9c68-28d4d1265a49,ac63fa7e-da18-4ac2-9c68-28d4d1265a49
ac6f0bc5-e5b8-4879-8009-c9b0d99dad44,ac6f0bc5-e5b8-4879-8009-c9b0d99dad44
ac84a7e0-bb25-4515-91e3-22e7c0507cf2,ac84a7e0-bb25-4515-91e3-22e7c0507cf2
ac98acfb,c4853b99-f438-5157-a8ee-ccb7bacc119d
ac9beeb8,a72fb223-d8ac-5c6a-ac7f-cb687fec618d
ac9c940a-352a-4086-a835-6250ed3b08db,ac9c940a-352a-4086-a835-6250ed3b08db
acbe2c8c,26a2e86a-16d9-5c13-b3ec-367c8df093e2
acc4a227,aff35414-a402-5938-9704-d0238d5da7d3
acdad0fd,cc32de63-f40c-5a7a-9283-36037464d29d
ace01d01-401c-43cf-9b21-52e597ecdd1a,ace01d01-401c-43cf-9b21-52e597ecdd1a
acf74141-eaa3-4861-90f5-74f436baf585,acf74141-eaa3-4861-90f5-74f436baf585
ad08d77c-d976-4dc5-9dd6-2314123f0904,ad08d77c-d976-4dc5-9dd6-2314123f0904
ad0ce3fa-0ac4-4be8-a8a9-9055b7116717,ad0ce3fa-0ac4-4be8-a8a9-9055b7116717
ad1ce1d2,d9490f10-183f-554e-974c-8ae07db31510
ad221a91-6aec-42fd-aed3-e8243e1cac6c,ad221a91-6aec-42fd-aed3-e8243e1cac6c
ad4c6bba-c14a-4c6d-b6b3-13ec5e4cd533,ad4c6bba-c14a-4c6d-b6b3-13ec5e4cd533
ad5a2e5f,f81dca2f-ce37-54dd-8602-411468650331
ad63b60e,f6a5adf8-e71e-531e-97f9-96870138ff20
adb446bd,de03cad5-2740-5ad0-a2c0-2e387092af50
adc33ea5,173b3dd7-7fa0-5821-bce1-815da62fac30
adcd63e1,2ef0500f-ba87-56c1-a87d-1f79a2479465
ade87ff2,244c8927-aeb3-52cb-ac61-3ff92de2b702
adeaafab-ca84-4b65-b29e-85682d238d39,adeaafab-ca84-4b65-b29e-85682d238d39
adfbbe25-5faa-4ab2-a6c7-f2b0209e7269,adfbbe25-5faa-4ab2-a6c7-f2b0209e7269
ae2e8572-7fea-4df0-a285-15ad8a80f50e,ae2e8572-7fea-4df0-a285-15ad8a80f50e
ae3a11ad-fae3-4263-8f7e-7d27bb83e4ba,ae3a11ad-fae3-4263-8f7e-7d27bb83e4ba
ae46ec4c-1b14-4e1c-b1fb-ede70d20103c,ae46ec4c-1b14-4e1c-b1fb-ede70d20103c
ae5b355e-721f-4693-a3e0-2d5242478d8a,ae5b355e-721f-4693-a3e0-2d5242478d8a
ae942c42,4272d2d8-a48d-5168-a00f-b95c149cffb0
aea70f37,c66a2255-f023-5267-818c-368d864228ce
aea7d716,f2cca835-993e-500e-8216-272d0df17056
aea8f9e7-a5a2-4224-a7b7-1663d57680f5,aea8f9e7-a5a2-4224-a7b7-1663d57680f5
aebda295,c25d5fa7-ba9d-548f-8f65-cddae0591efb
aebe252f,751da327-7e00-5a97-a8b2-fd55100bb894
aec8ae61,315132e6-408a-5aba-9df1-1900084e6d5f
af03e6dd,660c4fb1-5e93-52d1-bc46-ac2a6095e20a
af052d30,65110a8c-fc8a-5f0e-b406-5bf6e9b3b75c
af0f2aad-6038-4b0a-a299-e85e69d41b34,af0f2aad-6038-4b0a-a299-e85e69d41b34
af245548,455a2b8a-8ad8-51d9-96f8-e5b8f734c706
af37e753,db210fde-8fda-5af3-a0ca-5d19c67d5c77
af4e7d1e,45d79081-58ec-58c9-891a-99a496f1137c
af53329f,0399448d-995b-551c-be93-6f22fc8e7af8
af573442,caa3005f-9fac-554e-bd19-bbc8083217a5
af5eeb31,bd4565b1-1494-5705-9838-131799820e2c
af784512,c922f9de-ad96-53d5-87a8-b8484bdac301
af8079e1-2ec5-4b4e-9438-77b5fb069a08,af8079e1-2ec5-4b4e-9438-77b5fb069a08
af81deb4,be1233d7-ed6e-57dc-ac6f-f5380a46ddfd
af82834a,f493d05a-5657-5706-908c-b82cc5bcf901
af9442d8,40fa25f2-9a1c-5d1e-a933-86b77c4424b6
af981fee,1a365ee2-81d1-5d70-ade1-c0e04f365992
afa83c28,4127fc02-b704-51d0-8a16-76bbd1e7c0d8
afb41a22-ac34-43ae-ae44-31146d2e8179,afb41a22-ac34-43ae-ae44-31146d2e8179
afd5bb31-d6e3-4178-9cb3-5c79c1ed9faf,afd5bb31-d6e3-4178-9cb3-5c79c1ed9faf
afef8dcf-9afe-4b7f-bba2-ca88259c6b83,afef8dcf-9afe-4b7f-bba2-ca88259c6b83
affe8151-ecdc-4215-9cc7-f7624e7af0ef,affe8151-ecdc-4215-9cc7-f7624e7af0ef
b0109bd4,ddd73a00-ed44-59b4-a52f-90240da303ea
b0216279,45039fdc-7031-5893-ae8e-be52b1b977aa
b02a3350,2af987de-71fe-57ca-8700-9939fd37f6c6
b0511ddd-ad27-4ca8-b271-5d348a775dce,b0511ddd-ad27-4ca8-b271-5d348a775dce
b05a6974-1aa5-4e89-ab54-6f7ba9116995,b05a6974-1aa5-4e89-ab54-6f7ba9116995
b09dfccc,298260ef-4ef4-5602-91f7-d0d814d6d575
b0b91718,0b8ff911-bec9-5d3c-9f79-86f48bebae18
b0ed52d4-7d60-41a1-b250-4ecb5588773c,b0ed52d4-7d60-41a1-b250-4ecb5588773c
b0ef5dcd,a0aa7342-e24f-5605-9676-f5a8dbad07ea
b0f469ca-35cf-4477-838f-22018a982e5f,b0f469ca-35cf-4477-838f-22018a982e5f
b11500e9,b1fb45e3-f51f-54b0-8fbf-11acde8420af
b12bdbc5,d972a44b-b109-5389-bea9-3e03c018a349
b1368f29,1d15a3bf-ca94-571a-9c9d-613ed0e21e0c
b155982b-e0a8-45a5-9e5f-142ed3e38054,b155982b-e0a8-45a5-9e5f-142ed3e38054
b161d26a,d99a4f41-1b53-539a-bce6-275b45a4a4ce
b166306b,f314a7b8-ce4d-5ad7-ab91-a57a80c077bd
b175d156-11f1-428b-b851-99ce91daff5d,b175d156-11f1-428b-b851-99ce91daff5d
b1a43c8b,4c6490da-16ed-5188-96ad-74464bde0dff
b1c7ce9a-120a-4145-ba5f-369fa370d859,b1c7ce9a-120a-4145-ba5f-369fa370d859
b1f7e71c,199e6674-ab12-5c00-b31c-574637a6f61a
b20ac73d-d0c4-4a54-b37d-e8f3d0001d5c,b20ac73d-d0c4-4a54-b37d-e8f3d0001d5c
b20b50b0-7f0c-4936-877c-dd33a8ee742a,b20b50b0-7f0c-4936-877c-dd33a8ee742a
b20db96b,820e8062-c0fa-5692-bdff-2551541f6a56
b2196989-4c8a-4bdc-8f24-ae793f958799,b2196989-4c8a-4bdc-8f24-ae793f958799
b21e1979-7bbb-4105-bfb8-eb71cd6cacc8,b21e1979-7bbb-4105-bfb8-eb71cd6cacc8
b23891dd-3a4f-4b7f-ab18-228670334efb,b23891dd-3a4f-4b7f-ab18-228670334efb
b2601e62-7fe1-46b8-b649-8bb404185699,b2601e62-7fe1-46b8-b649-8bb404185699
b2a8f299,7c8c3638-cb6d-5d50-bca6-7ef2094757bb
b2bd8f1c-5af9-4fdc-b686-f87fcd71bdf8,b2bd8f1c-5af9-4fdc-b686-f87fcd71bdf8
b2c572f2,2086a2f9-8a9a-5040-ae2e-ada9d4155af5
b317dadf,0d7b1c9a-aed7-5075-884a-8c8c33e89f4f
b35526b5-52ac-4832-82be-65ea92a1e499,b35526b5-52ac-4832-82be-65ea92a1e499
b3728846,c029037e-a3ca-5af4-b0b2-56b4d4a33a17
b3a7f51a-6ad5-4995-a503-a0ecc354f441,b3a7f51a-6ad5-4995-a503-a0ecc354f441
b3af7490,2ee39a5f-ee84-5179-a1fb-9f91c9430719
b3b92b69-1ba8-46a1-b988-20c12cf75e16,b3b92b69-1ba8-46a1-b988-20c12cf75e16
b3dbd0f6,e2d69846-1842-5c36-85a7-5bfebbfad5c3
b3e2fb3e,6456efc5-e072-589a-a6e3-5f126fdee512
b3e4dbdd-078a-474d-8580-2ddf558b85bd,b3e4dbdd-078a-474d-8580-2ddf558b85bd
b410f67e,e395a481-1cba-51aa-9817-7fe1994bc568
b431465d-1433-4dc4-b449-11310bf5e1a7,b431465d-1433-4dc4-b449-11310bf5e1a7
b45ff660,a9ba9dc3-3b4b-5fb3-a941-a22336a1e4b9
b4829478-6a72-435c-8070-13e53ef0be7a,b4829478-6a72-435c-8070-13e53ef0be7a
b49df270,66db2133-fe9a-571a-b425-77e436ecc6b5
b4d4e083-e575-473b-8462-8d975e5dba72,b4d4e083-e575-473b-8462-8d975e5dba72
b4e5284d,8649b243-354e-514d-906d-daf568d22b56
b4e8989d,52a35388-c771-5fd7-bc5c-43fa0daa46ef
b4f6e74d-ac9c-427f-bef3-ef43f8335863,b4f6e74d-ac9c-427f-bef3-ef43f8335863
b50bf0da,b4de8ce3-a1a8-5ae5-ab26-56113e0b95c7
b517a21d,2b2cd148-807c-5b03-9725-45677ed5f1d4
b51c9671-56e8-4001-ab4d-bb7dcfe25ed0,b51c9671-56e8-4001-ab4d-bb7dcfe25ed0
b532a079-5e51-4447-b787-1246a1c2e75f,b532a079-5e51-4447-b787-1246a1c2e75f
b53bca25,097be892-fec6-55ba-8ff5-e25370c20be7
b53c1d00-0eb3-4f15-a13c-ff6abaa77c10,b53c1d00-0eb3-4f15-a13c-ff6abaa77c10
b541f794,41e2970a-92b0-57cf-96c5-b29cb47a2ae0
b5451c0b-c7a7-49cb-9644-82a794482d8b,b5451c0b-c7a7-49cb-9644-82a794482d8b
b554b114,c072eb04-57c4-5448-ac6c-a9376487cb03
b56c3ce7,06b894df-e9ec-57c4-b6c4-9e5bdf5be486
b596d6d2-b988-4e6f-9a03-06340c79caa9,b596d6d2-b988-4e6f-9a03-06340c79caa9
b599688e,2e5ae109-8f1d-5727-9caa-fbb9034ed3a7
b5a020b7-14f2-49de-bfca-12d3f20ffca1,b5a020b7-14f2-49de-bfca-12d3f20ffca1
b5ad7db0-83f3-4183-a9d8-f1e8a54e1d30,b5ad7db0-83f3-4183-a9d8-f1e8a54e1d30
b5b0f7cd,4bd9bf95-4ba5-54df-8400-89f709aebad1
b5da45e2,ed8ad6ef-b933-5c6c-8547-815fb2fa7018
b5ec1695-fc27-4d64-9b45-c4ed0608e14d,b5ec1695-fc27-4d64-9b45-c4ed0608e14d
b61de50d,8ca04a0f-d7b0-5f90-bc6c-e8fd67874f2b
b62783dc,eb876179-3b0c-5477-a84c-6a254011ab94
b6495761-2746-4582-b92f-623621e36450,b6495761-2746-4582-b92f-623621e36450
b65f30ad,d7ce0b18-4b99-582a-8b84-046abb2bf32e
b694d33e-5614-4f23-ad7c-58d091882bd7,b694d33e-5614-4f23-ad7c-58d091882bd7
b69bb45a,a1460dc2-4a3a-5acd-b249-d7a1387fd174
b6b4454b,9823baf4-7cdb-5456-bf30-f043b64ae2ea
b6c2fd80,01552a08-ee21-516c-90c8-0d0408f87cc2
b6d6acad-e5a1-4c95-818d-a8fd954a7d9c,b6d6acad-e5a1-4c95-818d-a8fd954a7d9c
b6d92769,a9fda152-5ae1-5ad6-a6e4-b1d13b40d3a2
b6df119a,759e506f-7306-5942-8954-679137d15d96
b6f607be-dffc-44cb-8766-46012bede78b,b6f607be-dffc-44cb-8766-46012bede78b
b6f76b27,c836ccf1-4557-5912-b648-2d60fdcbb861
b7073b77,15830b9f-d73b-5ec3-bbb6-ebeb1a0ac1b9
b734a009-413c-4171-8c9b-2422555e1435,b734a009-413c-4171-8c9b-2422555e1435
b739b246-3e18-41b3-a14a-222af17e5d6d,b739b246-3e18-41b3-a14a-222af17e5d6d
b749a816,90cfac22-f17e-5b75-a24b-64da765e856d
b75f1335,413b8d27-805d-5961-a8d2-cf92c65c0d3f
b76576ce,14d2cb37-c722-5da3-b211-d8f07d85239e
b778bf11,bb09a852-44d6-50d0-8505-c2abcfda120c
b77c9db8,1fb7f6df-5e8d-56a3-9d35-f7d3a421d143
b781f986-5ada-459f-80e8-9bb5dab288b8,b781f986-5ada-459f-80e8-9bb5dab288b8
b7b8ec79,b6e16714-aea0-58d4-a805-19d50b7b4ea6
b7bd8ff5,40bee4ab-7b1b-5977-8514-da5eb233a076
b7bf6f64-e059-41ab-8324-a30229bd5b70,b7bf6f64-e059-41ab-8324-a30229bd5b70
b7ccfbbd,bd87a1d0-e2b1-5269-9106-0400c92730fd
b7ea87ec,b9c23452-d1dd-5fd1-b1f1-dbc8582bb476
b7fead04,4a772c1e-15ee-56c4-a3f1-e90d13b122a6
b809826f-c0e0-4bbf-b276-dc13db965705,b809826f-c0e0-4bbf-b276-dc13db965705
b80c4333-a0ec-42d1-95bc-5a9a0ccc1ee3,b80c4333-a0ec-42d1-95bc-5a9a0ccc1ee3
b8378675-f45b-42dd-b0f8-70ae17b207a2,b8378675-f45b-42dd-b0f8-70ae17b207a2
b84f6f05-ad2c-4007-aa95-d35318e8a093,b84f6f05-ad2c-4007-aa95-d35318e8a093
b854ab48,d1083dc0-bb44-51f1-83db-e1c37535270d
b8762130,5cb67829-9bfb-5bbd-ae11-801e002f1a44
b87ecce5,f93015f7-ddcf-5dcc-ad14-2610616f102c
b89ea07c,c6547059-b351-53a7-b7e8-926d43800266
b8bf7cfa,2fd8bee3-a994-51e0-9717-2a015c3d75c3
b8c768ab-bccc-4362-b157-63cbe20baf72,b8c768ab-bccc-4362-b157-63cbe20baf72
b8d3a222,47ace32f-aa8d-5c55-8e32-8027b409ec07
b8f7e144-85fe-4fe3-a497-5457a4e9bffc,b8f7e144-85fe-4fe3-a497-5457a4e9bffc
b907a862,4b6a1625-46dd-5782-a218-11f4e0699f09
b90b24c9-19f3-4a6f-871d-ce58873a1ac9,b90b24c9-19f3-4a6f-871d-ce58873a1ac9
b9316320,8856b3a6-6803-50a2-b725-1cd6b781415e
b95728a3-0f1f-41c7-9489-9e88b44e9c4a,b95728a3-0f1f-41c7-9489-9e88b44e9c4a
b9760dbe,43b994bc-52be-521f-83f2-90fa4929348b
b98c8ff1,c1d1e95f-bfb4-5b6d-8037-36b5d8862a48
b9d050a1,b8d1c2d3-c932-569d-8cd8-eff58b0e617c
b9ff6739,d797bf09-56b6-580e-b91c-ee5cea1ce811
ba01d5d8,2626e79e-fc16-514f-acc5-beb8b7683d37
ba504456,e10f53d4-3318-5784-9311-40e1770e97cc
ba586a2d-9d55-4186-901d-dc1ca2743577,ba586a2d-9d55-4186-901d-dc1ca2743577
ba634ed0-f749-4146-bac0-ea316f48668a,ba634ed0-f749-4146-bac0-ea316f48668a
ba66d269-5ab7-4101-a7c4-b94128329b72,ba66d269-5ab7-4101-a7c4-b94128329b72
ba6747c3-3b07-4c35-989f-943034dd4af8,ba6747c3-3b07-4c35-989f-943034dd4af8
ba9a44bc,76dd68bb-2cc0-5b72-8626-8782d430b29a
ba9c0fb5,2bc37543-ec0d-582b-a66f-20486ee26850
baa05003,1d18e15b-3d21-5f13-b523-f5bec13af98e
bab902f1-a56e-4351-b9ba-84b89f5992b6,bab902f1-a56e-4351-b9ba-84b89f5992b6
bae1eebb-e610-462c-b3b1-fd7f8ef93971,bae1eebb-e610-462c-b3b1-fd7f8ef93971
bb0e7976,cbe96633-fda9-5915-98cd-de36688cef77
bb2416ac,f15c97a0-4e05-517a-82de-780e29ab3911
bb39dbc3,b0b1cae4-b312-5e21-82be-146b67fc4e49
bb3e4470-9bb0-491c-8b40-8d4dce73e7bd,bb3e4470-9bb0-491c-8b40-8d4dce73e7bd
bb5f9c0e,cd4bcd8d-0916-5815-827b-205e0f024076
bb618033,4ab2102c-7641-501e-86ab-8aaa880bbd6a
bb66cdef-384f-45d5-8402-f413641f293e,bb66cdef-384f-45d5-8402-f413641f293e
bb9e3d98,5f6def94-978c-5830-ba2a-f664017b6fa7
bbc26f20-490f-466b-950d-c2947ae7b5e0,bbc26f20-490f-466b-950d-c2947ae7b5e0
bbcdc533-f986-4418-add5-6c4c2c2b2edb,bbcdc533-f986-4418-add5-6c4c2c2b2edb
bbd33218-77ec-4608-924b-40c5a009ab64,bbd33218-77ec-4608-924b-40c5a009ab64
bbd565ba-fac3-4cc4-9ec5-1421ac1b8de9,bbd565ba-fac3-4cc4-9ec5-1421ac1b8de9
bbdb1bda-7142-4986-891a-f05f1a77f127,bbdb1bda-7142-4986-891a-f05f1a77f127
bbfee893-38da-445a-b401-cd156eddff59,bbfee893-38da-445a-b401-cd156eddff59
bc182bf1,20152cb2-a8c6-5350-9c90-bb9331d47f8d
bc24544c,0a75272d-2b7a-52f0-90d2-d9d010fadefd
bc28a0a3,5f6eb1e9-cb08-5580-8c51-33890d84a173
bc2c861a-44de-451a-b96e-db851c0fe617,bc2c861a-44de-451a-b96e-db851c0fe617
bc2fb480,82f8c5e2-dc3b-5369-ae17-bfaa04c44abc
bc315055,0e10bcf9-c586-58ff-910c-58db2fa9a865
bc504932-fe41-4a8b-9d66-db9d3b2ef9df,bc504932-fe41-4a8b-9d66-db9d3b2ef9df
bc62c631,6fdffc6b-e535-5eb4-87b4-9e86a4d7dd9c
bc68ddff-ca14-4e65-b82d-ec1301f92ab2,bc68ddff-ca14-4e65-b82d-ec1301f92ab2
bc6fd4aa-9b11-435f-85ac-13807f904cc6,bc6fd4aa-9b11-435f-85ac-13807f904cc6
bca570cb-3f22-49d5-9e28-ed75b8f5643a,bca570cb-3f22-49d5-9e28-ed75b8f5643a
bcb81748,c368d616-1a6a-569e-bc50-7bf889a12f41
bcd2e59a-b3e9-4c75-b7cc-454c8bb16757,bcd2e59a-b3e9-4c75-b7cc-454c8bb16757
bcd51a99,da354f12-b9db-5655-9129-426153f45151
bce88f70-806b-4de4-9a70-3ba00a149f86,bce88f70-806b-4de4-9a70-3ba00a149f86
bd274301,c72083d8-ce68-5266-97b5-9828e04b3305
bd2aa70c-63c4-4841-80ad-fb9f877ba2d1,bd2aa70c-63c4-4841-80ad-fb9f877ba2d1
bd2d2b6c-3c11-40a4-90c0-39ee42baadef,bd2d2b6c-3c11-40a4-90c0-39ee42baadef
bd306f9d-1f99-413b-a39f-2690845cd846,bd306f9d-1f99-413b-a39f-2690845cd846
bd41b59c,121e08b3-ef46-5a6c-86ee-7103746da2c7
bd463650,5f665f3a-cea8-55b7-ac32-a841597587f7
bd4c4c30,8b002b31-6766-58fa-ac98-cedc0e5f5763
bd582e9f-9b11-4693-bd3f-6d52bb4b01cd,bd582e9f-9b11-4693-bd3f-6d52bb4b01cd
bd6f5c60,917e7c26-63a1-5040-b008-995b73c4cda7
bd791eb5,57aeda4e-b944-5cf7-940f-1d4086e2ed1f
bd7974ce,f73ffa0b-bee1-54c7-acf4-2d9ce0f2e6ca
bd7ed9aa-0a2f-4b92-98e3-f8e16d386edb,bd7ed9aa-0a2f-4b92-98e3-f8e16d386edb
bd8b1851-7af7-413e-881b-50fae521da25,bd8b1851-7af7-413e-881b-50fae521da25
bdb818dc-4228-488e-91f2-48d06b475490,bdb818dc-4228-488e-91f2-48d06b475490
bdd41cc6,aa2dd2b1-76fe-55ff-98e2-1a8436a3922c
bdd42455-c32d-4aa5-aa99-c1737520f199,bdd42455-c32d-4aa5-aa99-c1737520f199
bdd7d4f4-544c-4197-bd3f-8915ac91f60d,bdd7d4f4-544c-4197-bd3f-8915ac91f60d
bdf358a7,f0eaafd9-7a2f-5d1e-a7ea-31cbbe8666fd
be191f63-0885-4b33-8842-c5dec805eab0,be191f63-0885-4b33-8842-c5dec805eab0
be21e62b,49d4d902-58ae-5e33-a45b-cfc69c444f22
be3ceb67-00cd-4b56-8e7f-9cda6f5761f4,be3ceb67-00cd-4b56-8e7f-9cda6f5761f4
be48c40d-52d1-4786-8f34-3d790afe19ee,be48c40d-52d1-4786-8f34-3d790afe19ee
be512870,5e8217ef-fa58-522f-96ec-9b2e7a0177be
be59eaf0,844733f7-8123-597d-9c2c-218d9755cd39
bea978ad-ec7d-4084-b67d-77b28f14908a,bea978ad-ec7d-4084-b67d-77b28f14908a
beaf8e48,cb8d1552-16ac-57a4-a719-2dae4f8529a8
beb8cc64,ce888761-4c56-5031-bf66-2e6653b142c0
bebcebb4-a027-44a4-ab92-d98b8840f9da,bebcebb4-a027-44a4-ab92-d98b8840f9da
bed15daa,428c073d-3df4-5b60-ab94-74a71ad0a169
bee0eee6,a994a3a8-d313-5108-b9a8-77a0f4814fba
bf14d46b-9e18-441c-912d-50c7890eb652,bf14d46b-9e18-441c-912d-50c7890eb652
bf3447b6-548b-4c7d-82a0-faf1616734c9,bf3447b6-548b-4c7d-82a0-faf1616734c9
bf36b86b,20fd0820-d36b-5b95-a04c-1fbf853ae50f
bf507cb4,55747cab-344c-5733-a96d-6b2773a98951
bf723319,9acbc5d9-adf6-55e9-a162-2a34f32eb3a9
bf930766,f5e6e642-58a0-5351-ab1b-09b46f3a3002
bf9b0575,b9cf0727-41f6-5720-95de-7bb849ce2ca2
bf9ba50d,6d04f9fb-94f2-5ffd-8e69-bfb2b0f63015
bf9d1bc3,e49fa5fb-4c14-5c80-96cd-453c088d62af
bfabd252-054d-4105-ac2b-a5cfd191557e,bfabd252-054d-4105-ac2b-a5cfd191557e
bfbf5999,7cdd0046-e39b-5ab6-9c49-5a79bb9e6fbc
bfcaea34,393bb9a8-c52c-5d57-a1b8-776f836a9b73
bfcbb327-4cfe-458d-86df-186c57e228d4,bfcbb327-4cfe-458d-86df-186c57e228d4
bff83fa3-e40b-4684-9972-3f6d16f5d23c,bff83fa3-e40b-4684-9972-3f6d16f5d23c
c00606eb-97e0-4a14-8ca4-f7c1606bb777,c00606eb-97e0-4a14-8ca4-f7c1606bb777
c01aef24-01de-4e94-b28c-a303dcca8458,c01aef24-01de-4e94-b28c-a303dcca8458
c05a2474-b0b9-48fc-8afe-498ac12ed474,c05a2474-b0b9-48fc-8afe-498ac12ed474
c05d3fc5,e6053a76-5e6e-5012-8a24-c16c061974d1
c07d5d01-1610-4dda-b94c-ed3cf35b4b8c,c07d5d01-1610-4dda-b94c-ed3cf35b4b8c
c08b996a-f4e4-439d-8570-8111c6bfd43e,c08b996a-f4e4-439d-8570-8111c6bfd43e
c08be4ad,d106ebff-ef6f-5a43-835b-a05b804f4a30
c08cee5b-619a-452b-b096-e34ee5c161ca,c08cee5b-619a-452b-b096-e34ee5c161ca
c095e57f-7438-4bbd-b557-780705aff179,c095e57f-7438-4bbd-b557-780705aff179
c0a7037e,11537f74-b48c-530a-ab1e-abfbadeb2a8f
c0ac97fe-1d5e-4d35-bf7d-f014faf828c3,c0ac97fe-1d5e-4d35-bf7d-f014faf828c3
c1104382-168f-4e10-88fc-8f72c14be64e,c1104382-168f-4e10-88fc-8f72c14be64e
c111a857,c8bd7339-0405-55d1-8471-b9d6c6e4b1f8
c13b2fa8-5e25-4a54-843d-e98765572039,c13b2fa8-5e25-4a54-843d-e98765572039
c13ef7f8-e3b3-4fe0-bded-4e582918f58c,c13ef7f8-e3b3-4fe0-bded-4e582918f58c
c146860d,5fd09149-b1c5-5e23-8b57-dc883513cb44
c152a212,fc7cb2fa-58c6-59ef-9c00-05e5099bf37b
c15387f0,ec2e42a8-ec3d-5dd4-a307-247e9adfa3cd
c15bfe27,a1135961-54ba-5e42-b637-066062bc99d8
c1660c21,89169ddc-6939-55cb-a1a3-10d23a36b2f7
c1682307,66b908d6-0dcf-5322-82ef-b35940c90ed9
c1776200-fb2b-43f8-912f-f048c740e7e7,c1776200-fb2b-43f8-912f-f048c740e7e7
c190f8cb,fd601c73-6ffa-52a9-83a3-5dcbb0399bb3
c1965c90-7c1f-4104-a784-c682a2d9c41c,c1965c90-7c1f-4104-a784-c682a2d9c41c
c1a7b62a-c87b-411b-aed6-bc42daf7b4b6,c1a7b62a-c87b-411b-aed6-bc42daf7b4b6
c1abe248-5a9b-4901-b53f-f0219c20c7e0,c1abe248-5a9b-4901-b53f-f0219c20c7e0
c1ad8035-67aa-42a8-825f-df4d2ffb96d3,c1ad8035-67aa-42a8-825f-df4d2ffb96d3
c1b1bf41,90dcf452-1c94-5838-af1e-b54d40656ee2
c1b39172-e6ac-4cbc-97bc-c5f0b79a6f45,c1b39172-e6ac-4cbc-97bc-c5f0b79a6f45
c1c14c45,8733c6ca-ddd0-574b-8efb-fbe287599cd3
c1d3bbfc-2237-451d-8b5b-4859f3645316,c1d3bbfc-2237-451d-8b5b-4859f3645316
c1dbf3ba,24f4a36d-2f81-5475-9271-912f11265b52
c1e5165a,297a8abb-67d8-5408-ba0a-84ca04e8855b
c23af4d9-636c-4903-9da6-f1db3880ce0f,c23af4d9-636c-4903-9da6-f1db3880ce0f
c25cbd9a,5e3f0b43-05cb-5caa-a82a-3e46c01557fc
c267a09e-8051-4556-a356-cd556ba3b9ab,c267a09e-8051-4556-a356-cd556ba3b9ab
c26b9189-1ebc-48e7-9dc9-3ef7752f4c49,c26b9189-1ebc-48e7-9dc9-3ef7752f4c49
c29f4977,a1933fc0-e9d1-5ebd-ac29-f9130887272c
c2ab6026,a1e7f835-f121-5495-9a5e-71e660fd6e98
c2cb75bf-d604-4a9e-8071-40048f4d789e,c2cb75bf-d604-4a9e-8071-40048f4d789e
c2ce1557,f78b6f90-f62d-59e9-b0a1-2839393f1b06
c2e8b8e6,1e49f77a-4ede-529e-b259-53677ed5b05b
c2f16c66,757bab7c-0869-5629-9d59-8bc03c991f83
c2ffe953,912f646b-4150-52d1-852c-e55e7ba24f81
c309ff07,45fdc984-b18d-535e-9329-82f1e860ac64
c30ed38f,a9bb287c-6a5c-5eac-ad90-82f85408c5f8
c319c557-e86d-4d75-a5ec-8b0afcc400c7,c319c557-e86d-4d75-a5ec-8b0afcc400c7
c33595e8,b0fd29ab-c241-5933-9a37-cc8deb1028d7
c3368b0c,32755627-df4d-51b1-a7b6-2425a3424f3e
c34accf3,f57e4ace-fb58-512d-8ca4-11871b6bdc1c
c35abcca,e2b7a207-3cd3-5ab7-8daa-e7e27f049297
c36c6829-5245-41d5-bafb-c1b4503b16ab,c36c6829-5245-41d5-bafb-c1b4503b16ab
c36c8976,391264fe-c1b5-5365-b374-f965b4dc74d0
c38b8366-61f6-4397-9e54-4cb76ce171c4,c38b8366-61f6-4397-9e54-4cb76ce171c4
c3ad9f30-cf53-4f01-8eb0-b98cb7dbfe81,c3ad9f30-cf53-4f01-8eb0-b98cb7dbfe81
c3af5b10-62c8-4df6-aa0b-4cac6936e778,c3af5b10-62c8-4df6-aa0b-4cac6936e778
c3b3030b,2e1a53d6-69a9-5394-a733-136a763128d6
c3b9e8cd-b16f-4133-b28a-6346507bcc51,c3b9e8cd-b16f-4133-b28a-6346507bcc51
c3eb6df2-364a-411b-9ddc-f8da4c17dbd2,c3eb6df2-364a-411b-9ddc-f8da4c17dbd2
c4226aa8-edeb-4378-8ca4-b27b25cfea83,c4226aa8-edeb-4378-8ca4-b27b25cfea83
c4419bef-617c-4165-8b2e-e0c756d411c0,c4419bef-617c-4165-8b2e-e0c756d411c0
c462174c,d3f7e397-5a32-5363-bf02-8475a5502349
c469e77d,7406f094-9087-541c-bea1-37e8f08199ab
c4bc7cd4-f4a2-432a-bb3f-29c71bce7373,c4bc7cd4-f4a2-432a-bb3f-29c71bce7373
c4c0ab57-5f42-44e4-865b-bb4f8665d5ca,c4c0ab57-5f42-44e4-865b-bb4f8665d5ca
c51f464e,dc0a793e-4534-5086-ad9f-ceb3797fed65
c52394c7,3f43273f-9da3-595b-ae1d-7fe90afdd511
c5437efd,7a033714-1d22-5e86-b63e-60b4e08f612b
c5708812,038ab567-a40b-52de-84e7-43abd9e34c48
c57ae6ac-70c5-44a5-b7dd-d9fa356bf814,c57ae6ac-70c5-44a5-b7dd-d9fa356bf814
c58006a5-629c-4e06-b243-b69a5b2846ae,c58006a5-629c-4e06-b243-b69a5b2846ae
c58a4eed,ba77024f-41c0-56fe-849b-b4756e8abc2a
c58b3ea3,761ead34-84a2-5798-8c03-6ef3bb9f788d
c59d0e6a-89d0-4517-93d3-8bc14ebbf07e,c59d0e6a-89d0-4517-93d3-8bc14ebbf07e
c5a96ba1,55a9171a-46bc-5d7a-96f6-2a5d86d18385
c5b16778-c8fe-4751-a5b3-798f86f0a734,c5b16778-c8fe-4751-a5b3-798f86f0a734
c5bb2071-45d2-47ca-8bcc-42f85bd56965,c5bb2071-45d2-47ca-8bcc-42f85bd56965
c5fda14c,20ce7430-49b3-5670-97cf-e82da440894d
c6019afa,b8539a79-24fa-5412-9f57-5bd7389a11f3
c61a46de,85b2de6a-79d0-5273-9712-4261010938c5
c61c9c58,ac263c3d-a6bd-5e42-8271-2ac27d4894eb
c62031ac,be589b6a-da14-58e9-bf3e-65494a9bbc92
c6251aa4,732a1814-ed85-5928-9e78-f22fe151ac7b
c6331a9b,fde0ef4a-7e01-5ff6-8535-2f50001ea11c
c63a32a1,8f7474dc-f7bf-5a01-a0cd-a5ca34863f04
c63cf8d5-abc7-4e6e-b1e2-e3e335691f4e,c63cf8d5-abc7-4e6e-b1e2-e3e335691f4e
c63e441e,7b96b9e0-e611-51ec-93ae-f02301eb6a26
c645789d,71d0d3a3-78e8-5079-8cb3-e510089ae126
c66708ee,1360beba-ca78-5557-86e0-4651be1a47fd
c678c10e,1c804425-5c64-5797-93e5-1bfbb9f74f10
c684c7d1-7409-4768-94e2-ba8dbb64c115,c684c7d1-7409-4768-94e2-ba8dbb64c115
c6a9bfd2,ad25d429-0c5b-5e38-9c4b-147c3190094a
c6b6e1eb,119d7e29-789b-5cda-a326-e67407c46321
c6b79475-744c-4019-b3aa-03621bb82d5f,c6b79475-744c-4019-b3aa-03621bb82d5f
c6c460da-8657-42a5-ae05-e172c2494902,c6c460da-8657-42a5-ae05-e172c2494902
c6da3523-9043-43ce-89d5-130e07a1b6ba,c6da3523-9043-43ce-89d5-130e07a1b6ba
c6e6232e-00af-4181-ba55-ceddb9e4fe23,c6e6232e-00af-4181-ba55-ceddb9e4fe23
c6e994a1-8141-4026-b737-7fcd0e514766,c6e994a1-8141-4026-b737-7fcd0e514766
c6f44752,7246849b-e8ab-5df1-a621-513feab3a1d6
c7247b00,77260074-3925-5e8b-a988-e1abc0a4e95d
c744d803,e00b2586-6772-51af-a64a-f24d9884e543
c770b07c,f00eb5b6-50e3-5f74-ac5d-15cdf8631c6b
c77dad08-04a1-4f80-acaa-6edad48e56e3,c77dad08-04a1-4f80-acaa-6edad48e56e3
c7808e8f,3f4a799d-b38d-56f9-84a0-1039f065e4ff
c79e79e0-72c6-4900-8b09-4625f629f87b,c79e79e0-72c6-4900-8b09-4625f629f87b
c7a6d2d3,00c3b082-756d-56d0-823d-3b0ea676f44c
c7a8b0b4,6a4f080a-cc2a-5034-b1f8-82fd3ab6aa1a
c7bc0663-27a6-4583-a26a-cc67e9250eb1,c7bc0663-27a6-4583-a26a-cc67e9250eb1
c7f3a0ae-4889-4c3c-b84b-564c8114fdbd,c7f3a0ae-4889-4c3c-b84b-564c8114fdbd
c7fb5f7a,1f71134a-a523-5450-a6d1-e8349859a895
c83c4712,0580b905-70c2-52ae-adbe-9d023f71ef4a
c83f3399-7662-491b-a0bb-d799d8b26ee5,c83f3399-7662-491b-a0bb-d799d8b26ee5
c8544357-5b5b-490b-989c-d179b5182c7a,c8544357-5b5b-490b-989c-d179b5182c7a
c88a2002,ccfbd573-9a7f-5320-a512-406855169cec
c898aac9-b248-433d-974e-09d704572b8b,c898aac9-b248-433d-974e-09d704572b8b
c8b27228,049b8c1c-b77d-50a4-bab6-45226bdcacaf
c8e94753-2bd7-4c19-8ca3-9314d97b5434,c8e94753-2bd7-4c19-8ca3-9314d97b5434
c90bbaf6,b507ce54-f3da-53dc-b631-100c2539d2f3
c91cdd25-ee65-4286-be16-1fad28a28e9e,c91cdd25-ee65-4286-be16-1fad28a28e9e
c94cace3-fa01-417c-8930-1b57a840c890,c94cace3-fa01-417c-8930-1b57a840c890
c964a084,e5fce355-bc62-58d6-9256-23d6052683cd
c9664368-0dda-4288-a009-4e92fcea3516,c9664368-0dda-4288-a009-4e92fcea3516
c971e6a3,1b850452-1ae5-50cc-a26d-7e387b38b606
c97994aa-6f7f-4ee7-b02a-343a72ce3971,c97994aa-6f7f-4ee7-b02a-343a72ce3971
c9bb55d5,f1c94175-608a-5573-b781-3e0cc3625b7f
c9e100dc,dc4cc7e2-f87c-534a-a847-fa187f6a7bf6
c9ecd7c5,792f8b7c-06a8-5fd0-95e6-de6a025dad0f
c9f536c8-d08b-4f5f-813e-c6de0c6c7f8e,c9f536c8-d08b-4f5f-813e-c6de0c6c7f8e
c9f5afd6,70d32df6-a00c-5116-ada8-f2abd739f2d6
c9f9c449-3860-4294-ac25-f4ac6f4c22d5,c9f9c449-3860-4294-ac25-f4ac6f4c22d5
ca1b117b,34611baf-1b18-5f32-a45e-3d39eee0e4b7
ca1b358b,c4446024-2013-57d2-8d55-2d4a088b1290
ca219c82,c7c74fc1-3530-589b-a958-1c63c24dd70d
ca2ac6d0,4cc9810e-3bab-5d5f-8d00-4910bd04604c
ca3c549e-bdda-4b50-85ce-95432de60305,ca3c549e-bdda-4b50-85ce-95432de60305
ca51c497,b8a168d7-fdc2-5b0f-9103-593f4a63f299
ca617b19-de0d-458e-9228-9c9563bb046f,ca617b19-de0d-458e-9228-9c9563bb046f
ca748772,33e2d0a8-706c-5fa2-bb8f-6f2bc3e12f35
ca85cf9e-4605-4946-b66c-885d03aabbc4,ca85cf9e-4605-4946-b66c-885d03aabbc4
cab24986,fe535e0c-e881-502e-8c52-a83d2f1ac0c6
cab695a0-eecb-454d-bf18-c9972dec3f4c,cab695a0-eecb-454d-bf18-c9972dec3f4c
caffcef8-99e4-421f-b9d2-041325c0eb41,caffcef8-99e4-421f-b9d2-041325c0eb41
cb01d922,f62ddd7c-0d00-5359-908a-b243c2ad4cea
cb14a21a,77390e8d-ba19-58f9-8f6d-084da9d27200
cb4208d5,5a858768-5ae6-5868-a1cb-a10b4d09763b
cb4f3c45-c669-4ddf-a924-a00ad09fee3e,cb4f3c45-c669-4ddf-a924-a00ad09fee3e
cb51a9f9,34514230-97f9-589e-8e27-14b32c8d5532
cb562786,146e4877-f781-5965-aaf9-4dd427c7c792
cb6065cb,bd938c3b-c209-51c0-b542-ba64316f529e
cb73e0ff,1245cf83-4441-5235-8cf6-eb44fbf47c42
cb8f5811-d7b0-46f9-a4ff-70ce46a3eea1,cb8f5811-d7b0-46f9-a4ff-70ce46a3eea1
cb9499e0-6e61-4dce-8469-5e036891df96,cb9499e0-6e61-4dce-8469-5e036891df96
cb96d90f-c5da-49e6-b99a-6c58df07ae33,cb96d90f-c5da-49e6-b99a-6c58df07ae33
cb98170b-3055-4120-8938-55a399c251dc,cb98170b-3055-4120-8938-55a399c251dc
cb98c42a,d83940bf-c3b2-5cee-8f96-63a6784b1b28
cb9eb83b,1cec19dc-acec-5f4d-8be4-ba55a5585f9b
cba72ae2,a4d8864a-37cc-5d7e-81c7-8e0deef1a203
cbb5198d-7761-4bcd-ba25-0935f0794da2,cbb5198d-7761-4bcd-ba25-0935f0794da2
cbc46857,c8e2828f-c9f4-5dd5-a814-63e8279465c8
cbfb53e4-b3dc-4880-80a6-564578c09876,cbfb53e4-b3dc-4880-80a6-564578c09876
cc22d686,d29aecd6-517d-57cf-8269-ceb505089b4c
cc513dd1,b97d73a6-9ccc-5736-9300-442b0a9a3b88
cc53413f,e922d85a-b536-50aa-a13b-fadd4e7f9c2f
cc887886-a36c-4210-90cf-65e632e1e673,cc887886-a36c-4210-90cf-65e632e1e673
cc8b06b5-26e4-43ca-bea8-41a76b1f76ec,cc8b06b5-26e4-43ca-bea8-41a76b1f76ec
ccc30c94,3d49e2d5-fbd8-571b-b5f8-fd383f784687
ccd0983e,3a2fa6ff-2b71-5771-9b03-e3ce9674eca9
ccd44df3-7eda-4881-8ae0-934e7de10d2e,ccd44df3-7eda-4881-8ae0-934e7de10d2e
ccd8f100-50c7-4aaa-ad23-6d0deba94e1d,ccd8f100-50c7-4aaa-ad23-6d0deba94e1d
ccf3cb43,83746105-bed8-5cc1-8eb4-edb83d057a82
cd011b11-5952-4f08-b3af-53197c48fe79,cd011b11-5952-4f08-b3af-53197c48fe79
cd1c9c1b-1499-4429-87df-901c9418782c,cd1c9c1b-1499-4429-87df-901c9418782c
cd34303e,313883ac-6efd-5fd6-819d-0ea51efe9c4a
cd45f121,0c00932a-0b18-512a-9f80-6bc1d58e166a
cd4cb51b,a6b62fcb-dfcb-5719-b319-cbcde591c466
cd4cb7d4-7d73-4413-8707-b28fccb83660,cd4cb7d4-7d73-4413-8707-b28fccb83660
cd883501-0dd7-49e7-ba31-60c471226e02,cd883501-0dd7-49e7-ba31-60c471226e02
cd8ab9a1-4071-45fc-9f38-d137fdf08088,cd8ab9a1-4071-45fc-9f38-d137fdf08088
cd91455c,afcaa569-38f5-5bcf-90c8-073f538b6f1d
cdb53151-06ef-431e-99f2-65fb85c8c887,cdb53151-06ef-431e-99f2-65fb85c8c887
cdb6eb16-295c-4c91-8cbf-e050d2322793,cdb6eb16-295c-4c91-8cbf-e050d2322793
cdd4d56c-9983-45d4-9cfa-e0e08c53c093,cdd4d56c-9983-45d4-9cfa-e0e08c53c093
cdd863c5-a17d-4121-8baf-1707e849b884,cdd863c5-a17d-4121-8baf-1707e849b884
cddfac67,9f8abe9c-a966-51d3-b747-f6ff4aabf736
cdeebce0-44b3-4fca-9b25-f1806b334f04,cdeebce0-44b3-4fca-9b25-f1806b334f04
cdf33351-14d0-4aee-8611-8a51fd6bad5f,cdf33351-14d0-4aee-8611-8a51fd6bad5f
ce101eb6,76e9c135-a227-57b1-95ae-e9c5ea1ad9ba
ce1cbcb3-ae7c-4444-8b72-921e1a2862bc,ce1cbcb3-ae7c-4444-8b72-921e1a2862bc
ce23c8ac-d3cd-4808-934e-bf36db6d6b0f,ce23c8ac-d3cd-4808-934e-bf36db6d6b0f
ce3d8d95-09c9-4e77-82f9-72bb51106c3e,ce3d8d95-09c9-4e77-82f9-72bb51106c3e
ce50ae36-d22f-4680-a6f1-201747aab12e,ce50ae36-d22f-4680-a6f1-201747aab12e
ce519fe5,4b3d78f1-c53d-598b-92f9-f3a03e9dae2a
ce71ca8f-5417-4116-8c3c-e65a36814ed2,ce71ca8f-5417-4116-8c3c-e65a36814ed2
ce7762d6-77e0-4b39-aeeb-b3dbc5d186ae,ce7762d6-77e0-4b39-aeeb-b3dbc5d186ae
ce88335d,c7ca4005-d211-5b59-91fc-eec106e78746
ceb6aadd-f826-48e2-b506-e67b9df02bfc,ceb6aadd-f826-48e2-b506-e67b9df02bfc
cef70b3f-aa90-4cd6-ac3e-cd8da5297207,cef70b3f-aa90-4cd6-ac3e-cd8da5297207
cf16cf7e,1e22850a-b576-5f1f-b896-12f770a49f8e
cf2b5481-1606-4587-8070-3f484787423e,cf2b5481-1606-4587-8070-3f484787423e
cf4004c0-9f0c-4daf-b20f-d7bc4cc1e862,cf4004c0-9f0c-4daf-b20f-d7bc4cc1e862
cf42fa37,4ac7dcbb-cc2e-5260-9479-bae2814c745d
cf5a3dfd-86ff-4cfb-98f6-a049c53c6a88,cf5a3dfd-86ff-4cfb-98f6-a049c53c6a88
cf5c9213-abd3-4793-b7db-aeaf080efc33,cf5c9213-abd3-4793-b7db-aeaf080efc33
cf900bc9-2207-41c7-9455-b04e6362e770,cf900bc9-2207-41c7-9455-b04e6362e770
cfd363f5,024599af-7832-56cc-a889-f571bed42ea7
cfe148d6-6cbf-400f-81eb-a49b8e32940e,cfe148d6-6cbf-400f-81eb-a49b8e32940e
cff0968f-0858-4972-92a0-37129e0aff25,cff0968f-0858-4972-92a0-37129e0aff25
cffa2b0f,7e423604-19f1-56ec-bacb-1e02ea682aa8
d02174e4-b332-4d95-8798-e6011b5838b4,d02174e4-b332-4d95-8798-e6011b5838b4
d0566fb8,330b50c9-7c87-55a9-802d-01289158d1b5
d06688bb,3f424db0-cb7c-5119-a8cb-03eda086daf7
d06dc394-95e3-46d1-87a9-f90fa2787420,d06dc394-95e3-46d1-87a9-f90fa2787420
d07509c6-7d5e-4530-a0e4-b9be9e687616,d07509c6-7d5e-4530-a0e4-b9be9e687616
d077b022,bcecec49-cf3d-5acd-8201-ab1d8e43dd74
d085e704,506471f4-3c32-5a72-9981-7855dbb8c897
d0968d36,47244397-3a8c-5ae6-b875-73d0b0325d44
d09db9a6-0a7e-4e43-b863-7890fa821e8c,d09db9a6-0a7e-4e43-b863-7890fa821e8c
d0c2f7df,ae68da5e-d015-561d-b106-47f0a8735c69
d0d53a52,c106834b-8a13-5a4c-8370-6ad64cbbca24
d0d6a83e-6d72-4dea-be6b-8da2e5cde8fc,d0d6a83e-6d72-4dea-be6b-8da2e5cde8fc
d0dc3243,875cad2e-a954-56ca-9929-9a062d32c318
d0e12d2c,1ebbf344-abc4-5971-8af4-3278eb30c84d
d0ed2919,089efbbc-6a97-5026-b96d-55b345d770a6
d0eeb92c-8faf-4488-8464-dcf4d2ff89d6,d0eeb92c-8faf-4488-8464-dcf4d2ff89d6
d0ef1a7d,65114c6d-bdcf-5df5-858a-544194eaf702
d10aa981,8dce0209-a69d-5bbe-b880-be5e53bad17b
d10ffecc,dd1c7b7d-6c9f-59ae-9741-78bdb97acdb5
d117555f-2abc-4200-8a39-69a56578a502,d117555f-2abc-4200-8a39-69a56578a502
d13c32bb,c792a8b8-c9d6-5afa-a73d-06512d3015e5
d15fb9f9,4ecd9bf6-eb00-5e10-83d0-527f7e8109fe
d162a8ab-1fa0-43d9-b8de-6df75a367d40,d162a8ab-1fa0-43d9-b8de-6df75a367d40
d17cc20c-0ca9-48b4-80b1-2061ebe9c6e7,d17cc20c-0ca9-48b4-80b1-2061ebe9c6e7
d18fa31e,c470b16a-8783-5f48-8f47-8f6a364afb1c
d1b5f35e-070c-42b8-8138-de32dc974995,d1b5f35e-070c-42b8-8138-de32dc974995
d1b64f75,7c696e0f-6732-52bc-9ba3-0b8f4fddbc48
d1bf33af-b57a-4588-8511-6d88e3c4e82a,d1bf33af-b57a-4588-8511-6d88e3c4e82a
d1d9e693,232d1d3c-ea4b-5edb-a817-991b7d88bb67
d1ed7a11,769c049e-d232-5248-ae94-29e9eb28eb95
d20983ab-086c-4d97-9130-d642bbe577b7,d20983ab-086c-4d97-9130-d642bbe577b7
d21eb4fb,9f66642c-8db0-552a-ae09-a594b2c8ae7c
d25aa37f,01bd79ea-b2dc-51a2-934c-e3572c6d2d64
d2a33356,68bed34d-7d87-524b-b6b2-0d4faf0a9209
d2bb9bb7,0f82b351-b1df-50b2-a2cb-aa639cb74ddd
d2e758ca-abb9-4da5-8d3e-23f68a969e68,d2e758ca-abb9-4da5-8d3e-23f68a969e68
d3050c61-2cec-485b-b27f-97de31ee8c1a,d3050c61-2cec-485b-b27f-97de31ee8c1a
d30bce15-665b-4fd7-bed0-80006b5eb70b,d30bce15-665b-4fd7-bed0-80006b5eb70b
d31ebcaf-197b-4200-ba2d-d9cd03ea88f6,d31ebcaf-197b-4200-ba2d-d9cd03ea88f6
d33ef1d4-8cd7-488f-9279-6a6ac77dc2ca,d33ef1d4-8cd7-488f-9279-6a6ac77dc2ca
d39a3873,0387dc9d-c4b0-5ca6-901a-cab219403cfa
d39b6b0d,a06d0e77-a47a-52b5-a621-10885010828b
d39ccf80,5716c82d-fec2-574d-967a-ef25ee1ffcd8
d3a80c87-455d-4841-9763-3c85f9278001,d3a80c87-455d-4841-9763-3c85f9278001
d3ab0cb8,a0aa359e-446d-58df-a680-ab6c49c8298e
d3d602ba-5cb1-4ebf-a85a-6a3616df25a5,d3d602ba-5cb1-4ebf-a85a-6a3616df25a5
d3e0c812,6b240410-8f6a-5110-9f57-1284bc7daff6
d3fbcd38-99e6-49cc-a187-ac66112bbb52,d3fbcd38-99e6-49cc-a187-ac66112bbb52
d41126de,9b7d8a86-e862-5649-9899-5b16f03bcfe7
d41bac85,10e5af42-de38-5e44-95b1-c3a8cc0ab84c
d447fe26-a057-4606-a2bf-14f3662436a6,d447fe26-a057-4606-a2bf-14f3662436a6
d48ecef8-650a-4a87-b13b-0e829c4f90ba,d48ecef8-650a-4a87-b13b-0e829c4f90ba
d49d5611-9122-4d14-b2fb-ff1522b9c3dd,d49d5611-9122-4d14-b2fb-ff1522b9c3dd
d4a5a91a,599a6af9-3ce8-5d8b-ae64-68abe21844f1
d4b86916-469f-4d71-835d-1941c3cf8f18,d4b86916-469f-4d71-835d-1941c3cf8f18
d4d5bc37-01ec-44f1-be92-711537b67a7b,d4d5bc37-01ec-44f1-be92-711537b67a7b
d4e30820-5c9c-4613-906e-c08437b9e812,d4e30820-5c9c-4613-906e-c08437b9e812
d4e63258,7b35c013-e753-5654-b02b-5a04caa7bc9f
d4f4605a,c0678f81-38e5-589d-8a6a-768e2458c3f0
d50df407-3842-42d1-8249-1fd47d8b4355,d50df407-3842-42d1-8249-1fd47d8b4355
d51656a6,b940b2a6-e996-5515-b8e9-24ef37d3f946
d51ed133,d7a23c22-a3b0-59f1-aede-438aafeb8f0f
d5201325-b677-4f21-87a3-0578658f7939,d5201325-b677-4f21-87a3-0578658f7939
d529db6a,c0e5184a-bc3e-5802-88f9-719ce880399c
d539dd35-e02d-439c-a28d-2f50a4717c6f,d539dd35-e02d-439c-a28d-2f50a4717c6f
d5402b76-526b-4820-aef7-213dfdd5da21,d5402b76-526b-4820-aef7-213dfdd5da21
d5789d54-7150-4814-a975-b3c9e98fb5dc,d5789d54-7150-4814-a975-b3c9e98fb5dc
d58016ce,90ff6864-1cca-54ef-a1e7-41dc2f6fc5d2
d581cf8a-ea7a-4ae2-8789-a692eb536ab6,d581cf8a-ea7a-4ae2-8789-a692eb536ab6
d5949049-0285-48dd-9791-101896152020,d5949049-0285-48dd-9791-101896152020
d595be57,3e355896-17b0-51d0-ba5b-e4ae79538918
d5abc200-d8cd-4c08-97ae-6506a4a566c1,d5abc200-d8cd-4c08-97ae-6506a4a566c1
d5b21457,cd38e03a-cfd9-5351-8b74-519d7d90eea6
d5b96bcc-3477-460a-91c1-76645044b156,d5b96bcc-3477-460a-91c1-76645044b156
d5d15c5f,36a4ddde-9f66-50d0-8656-a583e10358db
d5faf4cc-b94b-41a3-b878-b7239e28a483,d5faf4cc-b94b-41a3-b878-b7239e28a483
d6133924,776fb89d-70ea-5de6-bceb-51d985701701
d6147493,8eb711e4-4699-5494-af2a-e14d5ebf38fe
d6508d7b,1624d344-c25e-5cec-9fd7-af0682979ad4
d654d794-b76f-4f7a-b2c5-745aa4c14b73,d654d794-b76f-4f7a-b2c5-745aa4c14b73
d6769e8d,53d43909-6a7a-5fe8-b348-dab66400e5bc
d6772d4f,2c7665de-9ffd-5b55-90d6-90ed8cd5baea
d67766b8-2656-4cdb-86b5-aa3c47737093,d67766b8-2656-4cdb-86b5-aa3c47737093
d6b42ed9,5a378877-f497-565d-809c-d3c04fa63754
d6b99e3c-0a0d-4ff6-9291-95bd4dec01e0,d6b99e3c-0a0d-4ff6-9291-95bd4dec01e0
d6bc5ee7,2db704a9-8598-5f00-b525-cdee9e142760
d6d851f5,7d094b75-1ec0-5e4c-8d3d-ad62d9490baf
d6f1ae0b,fbee89cd-4a26-5814-b143-668c1b70b7f4
d6f63a40,de843d3c-18ee-5245-aabe-02d298ff48e1
d71fc00c,de7cc928-1884-502d-a3a2-71fae30c3cc5
d7235227,9e8795c4-bff2-5bcf-bc42-493b25842ecf
d72e3a2d-e143-4773-af68-e27f3eece48c,d72e3a2d-e143-4773-af68-e27f3eece48c
d7306f2b-1ee7-459d-850a-026a6ff84891,d7306f2b-1ee7-459d-850a-026a6ff84891
d73c5add,010eb1a1-c5bb-504c-836f-a818be21db8f
d75496a4-153d-4fe9-a810-a4229c9fc03f,d75496a4-153d-4fe9-a810-a4229c9fc03f
d754e6e9,f53be788-1468-521e-86bf-66833ae68b6c
d7666efa,0f10a49d-c3a5-5980-a5f9-65c7626ff283
d77b0075,c79b410f-9f86-53fc-bc87-8c2a36e94331
d7868a63,5344c666-93fd-5259-a13a-699a5a7febf7
d7950139,8be913d1-0d4c-5e3a-a2e5-c69a25527c91
d7ad6825-97a1-4013-bf9c-c8e937b4a6ad,d7ad6825-97a1-4013-bf9c-c8e937b4a6ad
d7b8aa9c-f125-45d8-abd8-f3ab405e2515,d7b8aa9c-f125-45d8-abd8-f3ab405e2515
d7d38e37,7655d788-61d3-58b5-9c94-95aa803f468b
d7dbbcc8,601e48bf-b149-58b5-92df-9f14a1f1ae32
d7e1b21e,b1946c61-4b18-5d8f-9218-cb52eb4ec499
d7f5cb10-5f1b-4eb5-9ca5-7060f0bd764a,d7f5cb10-5f1b-4eb5-9ca5-7060f0bd764a
d7fb8f22-1aa2-461f-b75d-f743105c3890,d7fb8f22-1aa2-461f-b75d-f743105c3890
d80522b8-691f-4878-b614-5a466d3cee51,d80522b8-691f-4878-b614-5a466d3cee51
d8098113,99d7abb9-a08b-594b-adda-73fb8a79fb89
d8154644-7001-4e6a-bd11-e156d15785a0,d8154644-7001-4e6a-bd11-e156d15785a0
d83e48e5-4c55-41fe-b682-5a02ae787d5e,d83e48e5-4c55-41fe-b682-5a02ae787d5e
d8429f66,87be8e22-6eab-5c85-ad7b-d24dff5a8058
d8494b8f,cd9e6fd6-7019-5046-8434-bbdbbd036b13
d85e05a3-b07c-49b0-9b9a-3e26b333912c,d85e05a3-b07c-49b0-9b9a-3e26b333912c
d860dd96,f9931e7d-7fcc-5bf9-b067-0e6e0b612ede
d8618944-d471-44ff-8f59-205a6fc013ff,d8618944-d471-44ff-8f59-205a6fc013ff
d8bdcfb2-5665-43e3-89fa-2ab53add56f7,d8bdcfb2-5665-43e3-89fa-2ab53add56f7
d8c82049,ffa73087-8420-5fb6-be2f-ba77bcdded54
d8ca2a75,316e79c2-1c80-5c18-a6f6-886735df20ad
d8e76279-c493-436e-90e9-e9c15dc23cc1,d8e76279-c493-436e-90e9-e9c15dc23cc1
d9061bb3,891f3943-afc8-5935-b34f-71aac0e2eed5
d919be50-1563-4664-be1e-4964ac1016c6,d919be50-1563-4664-be1e-4964ac1016c6
d9208d8b-a7d2-465d-baef-a629bf004d3b,d9208d8b-a7d2-465d-baef-a629bf004d3b
d95e2ccc,adea42c8-d66a-5580-bea8-1384bd4e5592
d9735cac,b90a5663-6335-5290-8eee-85bc3c537a75
d97d8734-5771-4ded-8ade-c6c7be960f40,d97d8734-5771-4ded-8ade-c6c7be960f40
d98918c6-9381-40bb-adea-22dd7f9059f4,d98918c6-9381-40bb-adea-22dd7f9059f4
d9c10398,47a5e866-d911-5d90-a3a1-5c9fea055ab9
d9d488a1,c1e4bf96-887f-52d6-afde-f695df9718ab
d9dc79e7-1903-427c-9938-1a7a237c989b,d9dc79e7-1903-427c-9938-1a7a237c989b
d9ea11b0,52f4225c-12a5-50eb-a39c-7699fbe0fef1
d9fb69cc-4e1c-43c3-bf92-9930fc9d99c2,d9fb69cc-4e1c-43c3-bf92-9930fc9d99c2
da056f1b-1368-48bd-b668-0512ff1cd65f,da056f1b-1368-48bd-b668-0512ff1cd65f
da153ceb,a73f99bf-14ab-5828-915b-3abbd9b857b2
da2da482-8ae5-4061-a2b0-6c6a42f43150,da2da482-8ae5-4061-a2b0-6c6a42f43150
da38c2e6-7083-443c-951b-f510c2c5a8c1,da38c2e6-7083-443c-951b-f510c2c5a8c1
da3975e0-2693-48fe-99a5-d88347ccfb5f,da3975e0-2693-48fe-99a5-d88347ccfb5f
da3f3852,5f9fc730-7f8a-5fde-a7ec-e05aa09cd7d8
da5b6ad5-6fa6-4995-93a7-22c84b79e392,da5b6ad5-6fa6-4995-93a7-22c84b79e392
da5fb31f,14629b7b-b3a6-5f05-87ed-b6e23fd172ee
da90b8f9,0334fb6b-d880-5493-a8d8-80b3f1029bfb
da94c0a1,aa3d13da-14b8-5e1d-a88d-501c95fb01e6
daaf5bd9-d306-46a9-9055-07e53dd11166,daaf5bd9-d306-46a9-9055-07e53dd11166
daebbafc,55636a60-4a91-5981-a611-bfa34c444710
dafc26e5-433f-43c4-9d30-2d442cd47d8b,dafc26e5-433f-43c4-9d30-2d442cd47d8b
db049309-5c17-41d1-ada6-253f67e7a447,db049309-5c17-41d1-ada6-253f67e7a447
db1dfaf5-9d52-4ac2-9ff8-745a80e615ac,db1dfaf5-9d52-4ac2-9ff8-745a80e615ac
db372675,c4e17377-ec2a-59f6-8707-b7f4f363d35f
db454529-9daf-4db8-85c5-f97f7586985a,db454529-9daf-4db8-85c5-f97f7586985a
db531070-92d3-4fa1-a8c1-37c8172fdb13,db531070-92d3-4fa1-a8c1-37c8172fdb13
db64a3ae,96f9d58f-9616-5ba6-9b95-6f99cca80f63
db6c21d0-f1bd-46e3-9b1a-621886f2f931,db6c21d0-f1bd-46e3-9b1a-621886f2f931
db759975-6bc4-4e8a-b5d8-271aaadb776e,db759975-6bc4-4e8a-b5d8-271aaadb776e
db7cf8a3,525f3d44-ed7a-51cd-9097-713a78e400e6
db91352d-cc03-4bb1-9adb-99b423aa2811,db91352d-cc03-4bb1-9adb-99b423aa2811
db9b0656-0bae-4582-b4bf-598e61a25bf7,db9b0656-0bae-4582-b4bf-598e61a25bf7
dbc8ed91-ba4d-46a0-8db9-ae1c0130b30e,dbc8ed91-ba4d-46a0-8db9-ae1c0130b30e
dbcbd5bd,92a92f87-aee8-5729-8abb-c07b4278460b
dbec8b0a-a5c9-4ca9-82ab-f99fd14f9577,dbec8b0a-a5c9-4ca9-82ab-f99fd14f9577
dbfaaa59,891c6351-734d-55a8-b4a0-55edea0f225a
dc0a9179-be4f-45bf-93be-ac3ca84b0409,dc0a9179-be4f-45bf-93be-ac3ca84b0409
dc23c969,84eaea57-022a-52e1-ab29-31b70c0234c7
dc36fef1,35c4053a-c5bc-5bcf-9490-437f8f60bc1b
dc4107a4,cb030859-7009-5ec2-82ca-2b3b59f44e00
dc6564f3,d2374b7f-502f-5d2d-8201-86ac38f90f0a
dc8693ad,6a06b3f7-8b0b-50c7-af1e-4c993deef45c
dc8e342d-e4ea-4169-b56d-e9c5414986f8,dc8e342d-e4ea-4169-b56d-e9c5414986f8
dc98607d-b70e-462a-89c3-78c430d1a32d,dc98607d-b70e-462a-89c3-78c430d1a32d
dc9eaadf-7776-4bbb-a2c7-4f3c9d2f6d2e,dc9eaadf-7776-4bbb-a2c7-4f3c9d2f6d2e
dcb58f39,da935bfb-a581-5b61-9860-279d14f14b85
dceae69e,0432e36f-e731-5917-ab90-43741c14ebe6
dcf70443,3f75a1bd-3dca-5fdd-835b-bf223bdde28e
dcf70b8e-5dcf-40d6-8821-a6b0c3cb2efa,dcf70b8e-5dcf-40d6-8821-a6b0c3cb2efa
dcfac9a5-4cbc-4166-9091-a5f64caaad43,dcfac9a5-4cbc-4166-9091-a5f64caaad43
dcfc7942,a5b565ea-3827-5e2d-8c37-b15fe3e2f37b
dd3c2e42,dc400e00-64ee-5a0e-860a-771795f40b74
dd44961d,2a24e8a9-b949-5c67-8fb2-00ad90e51772
dd49d84a,b4bed2c2-7646-5607-9e76-bbafa54aa6fe
dd948a83-81af-48c6-bbb0-9b7dd551c814,dd948a83-81af-48c6-bbb0-9b7dd551c814
dd9ff6bd,88d9d4d6-45fa-59c9-8450-2af8a07ab1f6
ddad9165-7da3-41a5-8b94-6fd089bb76e6,ddad9165-7da3-41a5-8b94-6fd089bb76e6
ddfdabf2-72ef-4034-9d41-591eff8b4143,ddfdabf2-72ef-4034-9d41-591eff8b4143
de108afd-ea62-4f4e-88de-ad8c0600ca9a,de108afd-ea62-4f4e-88de-ad8c0600ca9a
de1d79f4,fb18e516-5b7f-5a16-86bc-308d580b6a85
de44d23d-367d-4020-855c-d70e237ded76,de44d23d-367d-4020-855c-d70e237ded76
de450660-af5d-4c79-843e-8e9a3e44a0ef,de450660-af5d-4c79-843e-8e9a3e44a0ef
de4d21a8,69de3812-a41d-5266-a869-1138f945265c
de526b9d,cfee48ef-8fae-5ff8-9421-174c7d80be29
de715ad2-f138-4538-b8e2-7195ec7b8511,de715ad2-f138-4538-b8e2-7195ec7b8511
de88ab08-d8c9-4a18-9bed-f914210226d4,de88ab08-d8c9-4a18-9bed-f914210226d4
de8c1691,97cf454e-db7e-5e1a-83b9-7ae17a2b2511
de931980-08c1-4254-a265-73974e2f4c99,de931980-08c1-4254-a265-73974e2f4c99
de977d0a,41eee5b4-3f0e-5dfc-82b0-f799a2074ea7
dec155ae-08e3-42b6-be01-01f00cd5337f,dec155ae-08e3-42b6-be01-01f00cd5337f
dec3cb36-f911-460b-b791-6df190206452,dec3cb36-f911-460b-b791-6df190206452
deca21be-37a5-4d55-8bf2-a2e3d8d6acd6,deca21be-37a5-4d55-8bf2-a2e3d8d6acd6
dedc2b34,49c9559e-247e-523f-99db-b46f3bda9c54
def73045,17f7668c-d059-5db2-a0d4-9a41a0fd17db
df1860cd,1870bc90-a11f-5470-b16a-ceefa1773fd9
df344610,16b9cd82-b8d5-5410-9658-8a5eb92f4c5d
df369a14,42e422d4-005f-5512-8dea-c79c93e30db2
df431860-08df-4da5-bb7b-62f8a6936660,df431860-08df-4da5-bb7b-62f8a6936660
df4b4467,1eee931f-aab8-52f5-b1be-5871d7092b7f
df5237d9,31091a16-42f9-5ca6-93c2-081aa9064100
df58437c-8a06-4835-a489-60de8a47259b,df58437c-8a06-4835-a489-60de8a47259b
df5b73d1,e848d436-3c97-5fdb-a782-738c3c49e4ec
df64ec9a,19f2601b-7d0d-5d06-ad6a-90e2923eed61
df772bf9-d640-4d9d-9aa2-d6ff7a4e8cf5,df772bf9-d640-4d9d-9aa2-d6ff7a4e8cf5
df7ea0cc-e13d-46bf-93a4-55ff4f5fd534,df7ea0cc-e13d-46bf-93a4-55ff4f5fd534
df8070f0,1d3f67e6-5d6f-588a-b5ae-97c5a8fad945
df9e6cd4-2fbe-4b30-b4dd-90567d3b3ff2,df9e6cd4-2fbe-4b30-b4dd-90567d3b3ff2
dfa0043e,9f2436ba-37c6-52b0-b934-0fbd5fd6bd15
dfc8e97e,cd00bc46-3304-511e-bb7c-c67ca407931c
dfd29f7a,dd2337b0-6e25-578e-9ccd-d421cb98d9a5
dfd6aa04,3a896e75-e118-583b-b426-c143e033c8c7
dfdb04de,db34f83d-be94-5cab-8acf-6dc9f0425370
dfe019bc-9e87-4cc4-8daa-88e117a6f56b,dfe019bc-9e87-4cc4-8daa-88e117a6f56b
dfee5a88,ca146f35-f9a1-5635-b9a0-9161fa21b5eb
dfef0706,d768a6da-25ee-51f1-b0a5-78f0899d68e4
e000137b,0e9b0730-ce26-5e3b-b330-3c7c5fb5522a
e00170fd,ee821731-c65e-5cb9-befa-3c6764e0b1ce
e00715ac,c0e7aa14-915d-5eab-b963-0cadf457ffba
e00e705d-613e-4c49-820f-a7e084134ecf,e00e705d-613e-4c49-820f-a7e084134ecf
e0107a1d-3731-42b6-9d57-dd12b5004fae,e0107a1d-3731-42b6-9d57-dd12b5004fae
e0140df8-7d3a-4bdc-8bfd-077b59d91192,e0140df8-7d3a-4bdc-8bfd-077b59d91192
e0403815-fbab-40d0-afbe-dffbc992197b,e0403815-fbab-40d0-afbe-dffbc992197b
e054dac2-fb73-4b2c-a7a5-d70a64e7a6e8,e054dac2-fb73-4b2c-a7a5-d70a64e7a6e8
e0627251,d9ae74fc-c51f-5b2b-9c01-21931ee07fc5
e077a8a5-6d59-4cc8-8d71-c203869f79eb,e077a8a5-6d59-4cc8-8d71-c203869f79eb
e081d71e-3fae-4d01-b338-53fac39bc27a,e081d71e-3fae-4d01-b338-53fac39bc27a
e09186a3-25d1-4821-9b2e-a2f1e23e112c,e09186a3-25d1-4821-9b2e-a2f1e23e112c
e098666d,404cf5f9-689b-5d05-a073-baba10ae9e26
e0998035-9bfd-4874-b98e-45de147eaac7,e0998035-9bfd-4874-b98e-45de147eaac7
e0ab33fb-3a00-4c8b-ae45-24c7a080d283,e0ab33fb-3a00-4c8b-ae45-24c7a080d283
e0b59da7,92c92a75-6d7f-561e-8330-890888aa6484
e0cc5705,0d416513-4b67-5286-ad6d-a7bc3101f820
e0eb85cd,bb60c44a-2619-5e22-9e4f-0b0d5135e635
e0f52568,5e12aac0-e992-59ef-ac99-f93936d725e3
e11f492e-658c-429e-85dc-cfc576803902,e11f492e-658c-429e-85dc-cfc576803902
e1279322,ac498ec7-8dd3-50c2-9b64-f00acb880602
e130e0f7,438b0ec7-1eea-53c0-a2a7-d56f28607ae2
e1398b16,640faf3d-ca00-5e84-8f6a-969f4efd6d2e
e14062cf,22d0d3ae-aa64-54fc-91c2-0bb712218a87
e1527a78,5a94f4b4-7dad-5e6c-ba0c-75fd56aadc1a
e1597168-aee0-48c8-a204-f0f0cf518693,e1597168-aee0-48c8-a204-f0f0cf518693
e1ba293a-f25c-4eb8-b8ee-acfe0a9ca896,e1ba293a-f25c-4eb8-b8ee-acfe0a9ca896
e1cee7b9-f290-4b86-8391-e0f539df14c5,e1cee7b9-f290-4b86-8391-e0f539df14c5
e1d5bcc0,50a5352a-604d-5a00-8908-ba9629c8a097
e1e185f6-3659-44a2-81e8-ce0c416f764f,e1e185f6-3659-44a2-81e8-ce0c416f764f
e1f64799-6823-4e17-bd26-9368cc23e8e1,e1f64799-6823-4e17-bd26-9368cc23e8e1
e211dd54-11b4-439c-b6ed-63190256d09e,e211dd54-11b4-439c-b6ed-63190256d09e
e2301cef-fa7f-432c-a056-3a5e835230bc,e2301cef-fa7f-432c-a056-3a5e835230bc
e23d9e31-1d8e-4d2b-ae42-d516dac92952,e23d9e31-1d8e-4d2b-ae42-d516dac92952
e244c7d4,659b7efd-ed53-5dc7-bb2b-7329965cadb2
e2bda62b-e040-4fd6-b232-ac109c88d894,e2bda62b-e040-4fd6-b232-ac109c88d894
e2c9d19c-1de8-4cdc-8ce0-7d2230ffe828,e2c9d19c-1de8-4cdc-8ce0-7d2230ffe828
e2d07065,4fd021f9-1cbb-5a4a-9939-43dd8d0b6b3f
e2d7fd32-52ff-47af-aa9f-15a7c566f17c,e2d7fd32-52ff-47af-aa9f-15a7c566f17c
e3053255-e276-4be5-bf0d-24a12de02b1e,e3053255-e276-4be5-bf0d-24a12de02b1e
e34b53b8,a9ef8bf8-aaeb-51b8-b332-15ecfdd9afe9
e350d3ae,bd39af19-c3e4-544c-87fb-13268411eb3d
e353091e-cf57-4341-b0da-89a8df8ca09d,e353091e-cf57-4341-b0da-89a8df8ca09d
e35e7991,7d0057f6-e767-5c2e-a9ab-85eba57ee7ae
e380d1ce-7361-49ff-bbba-67322458af35,e380d1ce-7361-49ff-bbba-67322458af35
e38a2043,40224422-661c-5e93-a72c-c0be51d4dfbf
e397ba5b,8dc9cc86-abd4-501e-b162-b5b3233aea23
e39cb2b8,9238a200-c1eb-51ad-ab7c-d32cf8cf3580
e3aa5535,95e13bae-da6a-5ccd-af2f-2f33bfa48be1
e3b0cad9,175aa229-53dc-56ca-a8fa-32e4c9142c63
e3bc0e86-7a12-4b77-ad95-d586b3c1811e,e3bc0e86-7a12-4b77-ad95-d586b3c1811e
e3e25a9b-b267-4749-8466-01b3bac3e058,e3e25a9b-b267-4749-8466-01b3bac3e058
e3e466a1-7064-4d3b-b075-ce1131aa4ffb,e3e466a1-7064-4d3b-b075-ce1131aa4ffb
e3e6cb55,9f99070d-d0f3-59bc-9b82-e98587c8d128
e3ed27aa-1b07-454e-9f12-f3181bb492c4,e3ed27aa-1b07-454e-9f12-f3181bb492c4
e3f208f4-fe67-463a-b5c1-a22ce13bfe77,e3f208f4-fe67-463a-b5c1-a22ce13bfe77
e40cadbd,59585c75-fb5b-5a48-8db4-ac9342e92cf1
e417c561,aa5051c6-2a0a-5243-83ba-fc0c9eda8ca3
e45ca8ee,e9ae466c-00f1-591b-8840-72f586cd5243
e466dc57,4ac8dfdc-a31d-58b3-a16c-cfd828907466
e46edc00,2d2020b3-947e-50a4-a061-f870ed7439b6
e47a36ac,49cc8a9b-22db-5640-bb1f-6a89074dfb17
e4c1d1e2,24aae05b-4a8b-554a-9009-2c823e826af1
e4c39baa,86a1f8e7-392a-5bc8-b300-192bf7570943
e4d635da-6246-4fa9-bcad-6fbfe6dd684b,e4d635da-6246-4fa9-bcad-6fbfe6dd684b
e4dcd390-b167-4200-9452-7fc7b8e8d3bf,e4dcd390-b167-4200-9452-7fc7b8e8d3bf
e4e1db04-4d17-4b4d-9f35-96dd0922f5de,e4e1db04-4d17-4b4d-9f35-96dd0922f5de
e504e92b,9be37cf7-ba3c-5cc8-a4f5-534123bae499
e50f5f7d,e6a1d209-8a75-544e-8337-00cde839462f
e552a33b,605f2684-be2d-5cc6-b3e6-43ee57d6411e
e5539a30-ecad-4a24-b610-6f7c39148150,e5539a30-ecad-4a24-b610-6f7c39148150
e560127d,8718579d-7287-571e-a17c-ee7edd258eba
e564f5d1,6f45a27f-0e83-5e68-bb7e-3f37f8db0cbe
e56679f8,d3176786-8595-5412-9fa8-c562c33bc163
e5788cca-e81d-4e72-9419-6cb1f1542f23,e5788cca-e81d-4e72-9419-6cb1f1542f23
e57dfc37,6c53cd96-6da1-59fb-a78d-266708b138ee
e5957046-efad-42a9-a3f9-fcde0f549f20,e5957046-efad-42a9-a3f9-fcde0f549f20
e5965763,cf02f550-90e8-5a28-925a-4cfc9566fff7
e5a54c23-af1c-4169-bce6-f819bf303fed,e5a54c23-af1c-4169-bce6-f819bf303fed
e5b0b89f,b693f76c-430c-5944-946d-842bf51f0ba8
e5b39595-127f-4dd5-a140-5b70d6e61a19,e5b39595-127f-4dd5-a140-5b70d6e61a19
e5c2570c-0576-4315-af3d-83b617ad2717,e5c2570c-0576-4315-af3d-83b617ad2717
e5cd653a,661612fc-24dd-559f-b79b-4cd82ad8da59
e5d524e0,287ff03d-c8ea-5c01-9ed1-5032dcecd787
e5f3cf13,8ce167b9-da90-5e55-be66-060f24c2324f
e6118619-2526-4dfd-b8b5-bf3ea7de3b60,e6118619-2526-4dfd-b8b5-bf3ea7de3b60
e6164794-9dcd-4343-891c-7a1cd6a930ee,e6164794-9dcd-4343-891c-7a1cd6a930ee
e6210ab0,52cb30ea-679d-56d6-98a4-41b367f598f4
e628fea8,7d2f62b0-b18a-5946-92c2-5319baf10cbb
e62ca288-5c8e-4abc-9f4f-4f23eb2efabb,e62ca288-5c8e-4abc-9f4f-4f23eb2efabb
e648d4fd-507c-4a1e-9cbf-ddc7b8e2e491,e648d4fd-507c-4a1e-9cbf-ddc7b8e2e491
e65ceaea,0026ee77-e8ea-53bf-a068-1c1b94585826
e67af401,29858e41-d0c3-5449-bc29-c73d2ea3258c
e6806735,88b0fd7d-3264-534b-a55c-5bd1d30d1172
e6b86224,626c3c86-167c-51da-8a36-fb4357822155
e6c93819,6ffe2dd4-d450-586d-9ade-2aa8cd5dc371
e6d487c0-ceea-4418-ab88-a9b0e69d5964,e6d487c0-ceea-4418-ab88-a9b0e69d5964
e6d73a3e,fb004559-eddf-54cc-bd0f-bbcd6682ede1
e6d7dd16,865a355a-3141-5cc5-ba95-4bd86ea7acaa
e6d81bd5,ac583ea3-b24d-5147-bf08-d3ebf95be883
e700f6da,13187893-7184-5fc9-a468-3850624352aa
e7048127-8fcd-4121-92ed-bde24b7bb4d1,e7048127-8fcd-4121-92ed-bde24b7bb4d1
e710a4d7-13be-4397-b9d1-7e076fcd3591,e710a4d7-13be-4397-b9d1-7e076fcd3591
e71266d9,1f0f1d13-87db-59a6-89f7-d4bdfb1ab434
e726a7ea,cce92f41-64cc-5c30-b4b2-46c9fa9091ed
e76ba40a,f9033a9a-bcdb-52a5-843a-c5940e3da08e
e77170cc,ac71c6d5-dda2-5e68-a36a-7e615884684c
e77c101a,4fbb2bda-6f4f-5ccf-be5f-95dc0e4c88b3
e79a9ea9-7b05-418c-8ca5-cbd859ffb7fa,e79a9ea9-7b05-418c-8ca5-cbd859ffb7fa
e79f136e,edce6593-2a59-5e8f-b5e6-5e884b32ed17
e7c74e71-c52a-4707-ab5c-7f28cb5ae0a8,e7c74e71-c52a-4707-ab5c-7f28cb5ae0a8
e7e41855,f51785ec-17ee-50ef-ba06-db8d884f71c7
e82a444a-d1a4-45e1-946d-48e0a2f4802c,e82a444a-d1a4-45e1-946d-48e0a2f4802c
e82b9a65,dbc78e2f-9f05-561d-aadb-e07b68d98228
e8366ad2,93bb5817-f9cf-51e2-bd1d-0c3754191269
e877538c,879c5659-b301-532a-9b40-cd054a0cf933
e89ef46e,8f328685-1b95-5070-89f1-475e70fbf884
e8a30fd3,a13c9bd5-9343-5e39-b207-37bc3d283f12
e8b02e91-7971-49c4-8967-ad1d2499e3ce,e8b02e91-7971-49c4-8967-ad1d2499e3ce
e8bb1ab8,1b528a2b-5512-5f9d-8382-d90a9f90901b
e90f46be,f3f9e189-13e8-5d34-910e-f6dd0bed2f9b
e92200cf-96c5-41e2-9874-55272d79cadd,e92200cf-96c5-41e2-9874-55272d79cadd
e92b51e9-804d-464e-bdd4-09f3134965b9,e92b51e9-804d-464e-bdd4-09f3134965b9
e937f2f6-8885-4817-920e-353df8384155,e937f2f6-8885-4817-920e-353df8384155
e9473843-5373-4eab-9341-001ff4c6570f,e9473843-5373-4eab-9341-001ff4c6570f
e959e24b,dd12e57d-427b-50f1-96e5-1dd59704521e
e9634320-fad0-4236-b89c-40857d727987,e9634320-fad0-4236-b89c-40857d727987
e969ea01-5a81-4630-a6be-7070c8336d5c,e969ea01-5a81-4630-a6be-7070c8336d5c
e98d19c8,5f21624a-78ef-55d2-8cd8-be277d075ea4
e99759f6-7a22-41b1-a606-a2a60bd7af6c,e99759f6-7a22-41b1-a606-a2a60bd7af6c
e9c1d77d,1fcf6d7e-5f5f-5f80-b788-4b9d76973e10
e9e8c722,7eb51885-9385-5601-a0ae-1662902026ba
ea23394a-8026-46fc-8f5b-d9df00eaca47,ea23394a-8026-46fc-8f5b-d9df00eaca47
ea40bcd6,16b2ee7e-6d03-5394-9faa-702c3981ab4c
ea6608aa-98e2-42a6-b171-9320da276736,ea6608aa-98e2-42a6-b171-9320da276736
ea7bc4c6,b47a51ba-74aa-58da-a3b0-a51a245c8188
eaae6f8f,f1c4431d-7688-59ab-bd89-5d5c26a05423
eabf70c9,35d36390-2ad7-546c-a6e0-015cb4ce2ecf
ead17374-c46d-409c-8117-816619b37252,ead17374-c46d-409c-8117-816619b37252
ead254b3,14b1ccd6-3d72-5791-9ff3-83e1d116f761
ead65a42,c6b942ee-3c5d-549c-93e6-c59421e13408
eadbb1ec-30a0-4b2f-ad3b-02e6adc75dfa,eadbb1ec-30a0-4b2f-ad3b-02e6adc75dfa
eb05f5c2,5ea05e49-0721-5a00-a8d9-db0b0d7916e5
eb0b42e8-2f64-46e9-a2e4-03f2ea7cfc38,eb0b42e8-2f64-46e9-a2e4-03f2ea7cfc38
eb225241-8fc5-45a5-ba4b-58e3ef4da55c,eb225241-8fc5-45a5-ba4b-58e3ef4da55c
eb26cd21,f4220317-b785-5e21-bae8-3874782e4cb9
eb286456-204f-4eaf-8f95-073241b9b7dd,eb286456-204f-4eaf-8f95-073241b9b7dd
eb344462-09f0-4681-a32d-fea1c6e5b711,eb344462-09f0-4681-a32d-fea1c6e5b711
eb5a163b-cb5e-40a9-943c-7cc3a97f6445,eb5a163b-cb5e-40a9-943c-7cc3a97f6445
eb66a591,25a3d9c3-d347-574f-89d2-752d83bfc904
eb7d27bb-ed65-4396-ac12-711d61860ef3,eb7d27bb-ed65-4396-ac12-711d61860ef3
eb7dfbc5-6948-4e13-a7c7-5ff5a87c6409,eb7dfbc5-6948-4e13-a7c7-5ff5a87c6409
eb92a0cb-d405-4990-8616-fd42dbc66c32,eb92a0cb-d405-4990-8616-fd42dbc66c32
ebaa9545,910fa8ec-0602-5b3f-a9ff-d8c5934a77e4
ebc43d80,2513eb10-9034-544a-8c18-b31c57240f05
ebc6610a,1d1a1406-9526-5fed-9240-9247be1ec5a6
ebc88406,e3cf0cc7-8e05-5325-b06a-08330045bb41
ec09d5d2-ab61-42b6-a42e-a1619c32a7b7,ec09d5d2-ab61-42b6-a42e-a1619c32a7b7
ec24bfcd-1462-4303-893a-01023331228d,ec24bfcd-1462-4303-893a-01023331228d
ec2b1f1a-d260-4c83-9291-cff82cfc263b,ec2b1f1a-d260-4c83-9291-cff82cfc263b
ec30a56a-2120-43dd-8721-c84194a7d91d,ec30a56a-2120-43dd-8721-c84194a7d91d
ec4d59f4,ae914cf1-28a7-5034-bc4a-cbbdc6d144a2
ec57179b,cbb7e56b-fbb0-58e2-952a-fadb208bf3de
ec64c4c2,78617671-9da3-5675-8eeb-de712d67b75a
ec871410-13ae-48cf-88d5-6f36ad02468e,ec871410-13ae-48cf-88d5-6f36ad02468e
ec87ec0e,d9cc73ad-0de4-5478-8af6-63114122b0e4
ec93a5ea,bcbacf9d-5d59-5953-ace5-e02f53c2d5cc
ecbb766c,0b878452-593a-5b59-b80a-6b33f4ed7a12
ecbf0f46-757b-4a78-90b6-141418898196,ecbf0f46-757b-4a78-90b6-141418898196
ecca64c3,0df78a32-6d90-58cb-83e7-7f3f5dfd4949
ece0ae22,a822f259-5fb7-5084-af66-5f86ec663e4d
ecec11b3,3062ef9d-272b-5f77-a58b-8f548c198f66
ed0f9af6,e7a15f2f-423e-54aa-8549-bb3743eccd6a
ed2f4f00,e128d36e-7d10-5f1c-b8aa-7e4137a226b7
ed32a918-ac57-4cf4-abe8-2e05e6c7ec54,ed32a918-ac57-4cf4-abe8-2e05e6c7ec54
ed3eed65-6f5c-49d7-b8b5-08f1749602c6,ed3eed65-6f5c-49d7-b8b5-08f1749602c6
ed46f4b7-f934-4e8a-952a-3dea24a9c85c,ed46f4b7-f934-4e8a-952a-3dea24a9c85c
ed4c9311,1478944f-9a29-5c69-825c-1bdae5093440
ed4ced99,732924a4-9beb-5a5b-b486-e01dcc030a23
ed6fbf89,f3f10089-263b-5448-92cf-8d7952725927
ed89b34a,70bfae33-c3ff-54dd-b443-4419a2fb4fe2
ed8f6d0e,4eff0a6e-03cd-5b37-a475-c4c60fdd59ac
ed96f167-3eef-44ed-8733-d6194a466d76,ed96f167-3eef-44ed-8733-d6194a466d76
ed9e9ff6-bd3d-4766-92dd-7052c003f976,ed9e9ff6-bd3d-4766-92dd-7052c003f976
eda1788b-cfd5-4296-83d3-77f164750628,eda1788b-cfd5-4296-83d3-77f164750628
edab4d6e,d645d681-fdfe-5a00-afa3-6878876fcc5e
edb56a26,2b60520a-1715-5bfe-a4fb-37fb3f56f080
edd00a32-4940-4210-b668-babdbb1a71f3,edd00a32-4940-4210-b668-babdbb1a71f3
edfd5896-31e8-4584-9b8b-71bd7f652c28,edfd5896-31e8-4584-9b8b-71bd7f652c28
ee2bb452-8ec5-4841-b51f-0b9477eed190,ee2bb452-8ec5-4841-b51f-0b9477eed190
ee361662-ae06-4f37-8447-3d461b9fb510,ee361662-ae06-4f37-8447-3d461b9fb510
ee637f36,ce01269a-20c7-513d-aeea-170637cd64f9
ee654623,bb4bab39-9518-5020-9130-eea8006adf77
ee6f3d5c,718124f0-6d97-5692-a466-abddad320892
ee8040ed-0e27-414b-8962-e00ac33e511a,ee8040ed-0e27-414b-8962-e00ac33e511a
ee8cd607,9e52107e-cde6-533c-9dd4-c8738c2b5749
ee8f4575-558e-44c4-bbe6-9d5e5ed49ed2,ee8f4575-558e-44c4-bbe6-9d5e5ed49ed2
ee91ed39,a8670ec2-76f9-5a6a-b4d8-8ae0bbfa3f8d
eea74eab-3d77-45d1-8d5b-d3540a1df724,eea74eab-3d77-45d1-8d5b-d3540a1df724
eeaa3f3d,7a2b26d8-8481-5d49-ae30-e2ecc5c13ff9
eeb44752-e771-4cad-bc8a-deee366ffb4a,eeb44752-e771-4cad-bc8a-deee366ffb4a
eebe29c8,57b78856-c6da-591e-b630-d0b5d5df1cc3
eebecfda-21fb-46c7-91ee-7e898b2afc90,eebecfda-21fb-46c7-91ee-7e898b2afc90
eec12002-27c2-4ccb-b983-a3edd627db47,eec12002-27c2-4ccb-b983-a3edd627db47
eed55d95-6d1d-445d-b3f6-f3b8db13bc1d,eed55d95-6d1d-445d-b3f6-f3b8db13bc1d
eef48b4c,3f0b0d04-5ed2-5200-a191-ab91dfb6c3e4
eef4b93e,07ec5ad1-ba93-537f-a016-102f10ebd13e
ef24e783-cc70-4735-847c-9835286a09e4,ef24e783-cc70-4735-847c-9835286a09e4
ef392992,015fdaa5-3322-5dd2-b04a-13e9a39dff01
ef6a832e,7994dc64-d6d3-5f63-a99f-2d5da4389bca
ef831c45,76bbb844-3f19-577a-977b-924108d8c85a
ef83aad2,b5863b74-13f6-57e1-9216-2fdf78ad3a57
efa83a9f-1905-41aa-b0cc-f194c4585b0b,efa83a9f-1905-41aa-b0cc-f194c4585b0b
efb01c1c-b746-4b73-8a80-482fe6a2c684,efb01c1c-b746-4b73-8a80-482fe6a2c684
efba57de,fd093d7f-5d17-5335-899b-24e2dbf6d1aa
efcfecaa-253e-47fc-8043-8b749ae7debc,efcfecaa-253e-47fc-8043-8b749ae7debc
efd27921,c577f944-fd1a-5ce4-b45b-f13878b8b4b1
efe75693-4449-4e45-8496-941b52747395,efe75693-4449-4e45-8496-941b52747395
f0304607,f0bbb975-06b9-5c2b-aca8-c14887c575aa
f0311008-9825-4319-97dd-3a4da8d6f9b8,f0311008-9825-4319-97dd-3a4da8d6f9b8
f0472d78,887ba50b-4d45-52de-83fc-5db4d59cc531
f0813d8b-50e1-432d-889f-f848df590b31,f0813d8b-50e1-432d-889f-f848df590b31
f095c95c,d822e677-9f30-57f5-80ac-9e24b30e0cae
f0a290d3,5ec94810-c4c5-58d8-a145-0e3965ef0c7f
f0c711ed-8f8c-450e-9c0d-09107531c5f2,f0c711ed-8f8c-450e-9c0d-09107531c5f2
f0e5ca38,69a5b1a3-46b0-5d5b-a19c-ffe742640e60
f127e8bc-48a4-4c1a-bffa-b91b4714d80a,f127e8bc-48a4-4c1a-bffa-b91b4714d80a
f16a44d8,3dacc520-8bba-5eb1-a35e-2e806437b866
f1855832-77e7-403f-8b7d-d13d0ccf3644,f1855832-77e7-403f-8b7d-d13d0ccf3644
f1936583,8117ec45-1bc9-5b40-a3a7-e209f7fbd7bb
f1a952a6,10d562f6-1771-57c5-8834-2e7db21896e6
f1dd8348,6f931379-fb9b-57dd-a29e-a07f8bfbb9e8
f1fb5576-8183-43d2-a7d9-20d020a10e30,f1fb5576-8183-43d2-a7d9-20d020a10e30
f2184ae2-0057-4424-8e1d-db753891180e,f2184ae2-0057-4424-8e1d-db753891180e
f251e21e-4f6f-4d77-80b7-c915452d3802,f251e21e-4f6f-4d77-80b7-c915452d3802
f25713e9-2380-41a5-a771-478e001ad970,f25713e9-2380-41a5-a771-478e001ad970
f25b6438-5bd0-41b9-a0ab-1123087ffaa7,f25b6438-5bd0-41b9-a0ab-1123087ffaa7
f26c41fe,c8311340-f291-53f1-9cd4-f6ace61e75b1
f26d4846,559473c3-48b9-574d-9b86-525ba30f5704
f2746ca1-8d00-41e8-9ff2-94c634467445,f2746ca1-8d00-41e8-9ff2-94c634467445
f2785307,1ed8a4d0-5fb1-5400-baa1-6731685ababc
f29f474c-c453-4fa7-b049-7a1aaad1d72b,f29f474c-c453-4fa7-b049-7a1aaad1d72b
f29f6204,d8d3f73c-823d-5167-ad8c-cf5376bd17b4
f2a08617-6f9a-41af-851e-45829beb0e8e,f2a08617-6f9a-41af-851e-45829beb0e8e
f2bce189-440a-4a10-942a-0ee9403a5484,f2bce189-440a-4a10-942a-0ee9403a5484
f2ce1376-40c8-423e-adee-ef98eba4d27e,f2ce1376-40c8-423e-adee-ef98eba4d27e
f2cf28d2-d6b8-4942-9588-89c8bb6f99af,f2cf28d2-d6b8-4942-9588-89c8bb6f99af
f2f34b3c,f711e5e8-99bc-50b0-853c-e71a4b607631
f305e5ce,0e32d539-980f-5e74-b32d-4f4e670d1638
f31f3c80,848a6ce1-bdbb-54a2-9f0c-2f623dbc5fd3
f32552e0-05a1-4a03-8a64-46c55c57f274,f32552e0-05a1-4a03-8a64-46c55c57f274
f345d3cc,97fe7c80-8f3b-50b0-a59e-4652d5b7bd1d
f34d87e5-9c70-48d6-905c-25e8352e4f6b,f34d87e5-9c70-48d6-905c-25e8352e4f6b
f34dc268,1bb1b664-2591-56de-8ff8-ecd6e1e5b295
f3539be4-6053-40ed-8e83-29a28edac5e0,f3539be4-6053-40ed-8e83-29a28edac5e0
f3565d0c-5b39-4359-a154-89ae75385051,f3565d0c-5b39-4359-a154-89ae75385051
f368b44b,517342f2-14f9-57ae-9221-93938f8dd0ee
f3694583,46ae8578-4317-532d-b6e4-e6cc6b6637de
f375f020-3e45-42b2-9e3e-46004992dd77,f375f020-3e45-42b2-9e3e-46004992dd77
f3887e7f-2a61-49ba-abdd-7d6bb8fe5d79,f3887e7f-2a61-49ba-abdd-7d6bb8fe5d79
f38b36fc,0c9b1dca-2fc3-57d1-a17b-5ca8df1e8e13
f3a91dfc-1251-4c84-8319-ae2df1aca6f2,f3a91dfc-1251-4c84-8319-ae2df1aca6f2
f3c025ad-9d11-4ccc-bd26-3dad73cccff9,f3c025ad-9d11-4ccc-bd26-3dad73cccff9
f3d172a7,a2415e3e-3c96-54ed-93b0-1f7e8e5890a4
f3d683a4-8164-4848-9e77-0ba59107f255,f3d683a4-8164-4848-9e77-0ba59107f255
f3e6dc60,4399501f-720f-5b32-9205-bc666b2d6e11
f41fee51,5224c792-cfd9-5143-948c-400c3f6b27bd
f42a6dd6-f25d-49c9-90e3-44d1808693c1,f42a6dd6-f25d-49c9-90e3-44d1808693c1
f438f26f-c666-4fc3-9565-6770fc4b5bb2,f438f26f-c666-4fc3-9565-6770fc4b5bb2
f44e1f3d,ffcd5cc6-c795-5096-bb1b-4205ccf99d61
f44f18fd-04ea-4076-873e-1a265c72c31c,f44f18fd-04ea-4076-873e-1a265c72c31c
f463ffaf,f2dcd9db-7838-5c9b-bc95-1c4db93a4c60
f46c677d-274b-4036-9131-b0e83c625358,f46c677d-274b-4036-9131-b0e83c625358
f48c62de-e9c2-484b-bb15-00ccbff64018,f48c62de-e9c2-484b-bb15-00ccbff64018
f4cc6dbe,3d511925-1768-5e4e-b462-ca7cccd36cca
f4e00fe8-5794-4d4e-aaf5-4686594c9f12,f4e00fe8-5794-4d4e-aaf5-4686594c9f12
f4f87a81-67d9-4b44-b70e-da19e5e35139,f4f87a81-67d9-4b44-b70e-da19e5e35139
f4f8e248,3bb37304-23af-5d0e-b134-efab2c8ea52e
f526440d,e4142381-6ff5-5fa0-aa49-f08782da8aa6
f5588eff-d9a2-4f05-a632-30bdca5e74a3,f5588eff-d9a2-4f05-a632-30bdca5e74a3
f5813b31-56cb-4d9a-be5a-637135ebb2f6,f5813b31-56cb-4d9a-be5a-637135ebb2f6
f5874777-6b0d-44dd-ae66-319d5eb68274,f5874777-6b0d-44dd-ae66-319d5eb68274
f58b877e,adf0165f-21a7-5783-ad90-33541846a939
f5a2f042-3de9-43d1-98f5-417c5de2dc32,f5a2f042-3de9-43d1-98f5-417c5de2dc32
f5b8c931,1dc912e7-5324-5fcc-ba80-7195c259e9ad
f5bb40df,67d7d1bc-43a4-5017-86a2-ed50aaea90bc
f5d83435,4fdc9ea9-1074-55da-a0d8-ae36dd340bc1
f5f2ca24-7ed3-4e7b-98dd-2dc3e81e7c08,f5f2ca24-7ed3-4e7b-98dd-2dc3e81e7c08
f60c1e0c,f2f8e310-8ec6-58c0-8fae-e98f636d26bf
f61f09d3-bfbe-45a6-b7ee-f288b7f33076,f61f09d3-bfbe-45a6-b7ee-f288b7f33076
f6230c0b-19f6-4887-99c3-bb8fd839ba18,f6230c0b-19f6-4887-99c3-bb8fd839ba18
f62841de,fa7a93a5-668e-57c4-b2d3-db2ec48db57e
f6321a41-638a-4d81-b78f-9688ef00d678,f6321a41-638a-4d81-b78f-9688ef00d678
f63d6af2-702c-43ef-be3d-e4921947f9c1,f63d6af2-702c-43ef-be3d-e4921947f9c1
f64c9480-2b3d-4a9e-8640-b76375989ad7,f64c9480-2b3d-4a9e-8640-b76375989ad7
f67e8daa,59b801a1-a619-5451-a83e-b022ba376985
f6942230,8ebbdf25-8334-559b-9755-f29a39cc88fd
f6a420e8-3100-4081-8e0a-e79cd76f8726,f6a420e8-3100-4081-8e0a-e79cd76f8726
f6b102ff,49f362f3-1bda-588e-8c84-94e4c7ee508c
f6b2bab3,758c76e8-fe14-5224-a325-2643313e7c0a
f6d934d3-20a8-40cd-babe-373175f4396b,f6d934d3-20a8-40cd-babe-373175f4396b
f6f196d6,7a8e1359-6bb8-5960-b597-69e4947c78a3
f708bc37-556f-45b3-9d3c-3926cea46cf4,f708bc37-556f-45b3-9d3c-3926cea46cf4
f70e7dfd,f310ac53-f825-57fe-bc68-d3749c1fd904
f71dca5e,21bf498f-a833-571b-99f0-1c25480bb52d
f71f5421-4c62-4a13-a7fb-d3b1553efecc,f71f5421-4c62-4a13-a7fb-d3b1553efecc
f721f40d,34bc3972-1f70-5ae5-90bd-f0b6baba7999
f725958d-3b81-4734-b6fb-4f8de26b6919,f725958d-3b81-4734-b6fb-4f8de26b6919
f73d07a6-f3f5-4294-8927-5c6c36087a03,f73d07a6-f3f5-4294-8927-5c6c36087a03
f7463551-ba03-4e4d-86d9-0117550f65a8,f7463551-ba03-4e4d-86d9-0117550f65a8
f74c578f,7a13f6e2-c0f3-525a-8ce1-b67463fa8974
f760b326-6599-42f1-8892-255b3ee945ac,f760b326-6599-42f1-8892-255b3ee945ac
f7749536,4dd9bc41-8a68-58ec-a6e6-865e3ecc6272
f7827e56-5316-4cb2-809a-6ee0ecfc30d4,f7827e56-5316-4cb2-809a-6ee0ecfc30d4
f7984407-bc74-42f1-9e4e-97d58828db08,f7984407-bc74-42f1-9e4e-97d58828db08
f79f6bb7-cfd7-43a0-9167-dbfcc7ef24d3,f79f6bb7-cfd7-43a0-9167-dbfcc7ef24d3
f7c6cbba-4bc0-4a0f-8fe6-d31e0dae5f94,f7c6cbba-4bc0-4a0f-8fe6-d31e0dae5f94
f7d1b09c,e7bfbdc2-19e6-5b4c-b85d-95cbfa064eeb
f7df50f3-f383-4fcf-a3c1-31b8b5e50340,f7df50f3-f383-4fcf-a3c1-31b8b5e50340
f807897a-3d10-48f5-8df7-b6ecbc7f29ba,f807897a-3d10-48f5-8df7-b6ecbc7f29ba
f8378aad-57d8-4f88-9f13-8e3053664820,f8378aad-57d8-4f88-9f13-8e3053664820
f86d3b49-7063-48d6-8254-4314af7d5716,f86d3b49-7063-48d6-8254-4314af7d5716
f87216c5,c731b918-ef5c-5d07-bff1-79d2291f1cbf
f8768388,ea9ae4f7-ff6d-5b95-b4e2-a0b5642be17f
f88263e5,cbfea160-6581-5662-9949-1d9f2771605f
f8a9db91,8e2775d5-8295-5e1b-81ab-91f1f5bb4077
f8b70247-005a-4683-ad0b-e3575b0f5ab3,f8b70247-005a-4683-ad0b-e3575b0f5ab3
f8c143e4-babf-4d15-ac1d-38f578afff28,f8c143e4-babf-4d15-ac1d-38f578afff28
f8c8ecf3-9ad4-4a3b-afad-4f6b8787ba62,f8c8ecf3-9ad4-4a3b-afad-4f6b8787ba62
f8f78685-c3f6-499f-bcda-3109c627b622,f8f78685-c3f6-499f-bcda-3109c627b622
f8f9864a-9465-4cd2-9d82-0130786ca37c,f8f9864a-9465-4cd2-9d82-0130786ca37c
f90480a2,ab04445a-0a7e-56b2-b037-3d4d2346ab65
f908666f,229de960-be6e-59f1-bb25-b40c2061467e
f90b112b,29620fd7-7ee4-5b5e-b1f9-08e02447e3c3
f930b8c9,9aabbd4a-1cc2-5aea-909e-4f0d348eab54
f99a879d-97fd-4101-b4fe-c6190a210afe,f99a879d-97fd-4101-b4fe-c6190a210afe
f9a078e9,d0e7410b-708e-5733-b2f6-8298b63bd036
f9a9e4b5,056d9eaf-6323-5883-ba54-2c2603365046
f9d81136-bd0c-44a4-ab6a-4258b7db5804,f9d81136-bd0c-44a4-ab6a-4258b7db5804
f9e7fae1,a418b7df-3e3b-5370-aa24-24d68aec074e
fa0a999a-8f4e-41c2-8ee8-fcb0f1e8cd79,fa0a999a-8f4e-41c2-8ee8-fcb0f1e8cd79
fa3a53da-d53c-4688-875c-5a96f95e8cea,fa3a53da-d53c-4688-875c-5a96f95e8cea
fa3d36f7,67fcf8cb-ce52-59b8-8cb9-db923cdae20e
fa4004ea,54cbcf13-4be3-5116-a14f-731d665bd6d0
fa4780d2-fb5c-41f5-8e5e-bf62f13cd652,fa4780d2-fb5c-41f5-8e5e-bf62f13cd652
fa83e4b2,cd2e63f9-c756-507d-8eb9-33c26c35a614
fa98bb46-448e-48c5-974b-424d4cdb3ef9,fa98bb46-448e-48c5-974b-424d4cdb3ef9
fab2231f,c6dc1ac1-463e-514b-8162-b46cabbb5798
fadd8c22,20d18e1e-47f1-587c-8487-b5081a4c1510
fae94df2-de78-4bc7-a533-ecd0ac8914c6,fae94df2-de78-4bc7-a533-ecd0ac8914c6
faecb57f,8b1184a8-400e-511e-b93b-35761ebc1116
faed88e2-223a-466b-8dc6-aca0e2aa875a,faed88e2-223a-466b-8dc6-aca0e2aa875a
faf282cc-01ac-43bb-8705-e696d2d7b8ef,faf282cc-01ac-43bb-8705-e696d2d7b8ef
fafc21dc-d3bd-4ecc-887d-45bb354b34c1,fafc21dc-d3bd-4ecc-887d-45bb354b34c1
fb009f53-0c79-4657-bbfd-36404eda8d51,fb009f53-0c79-4657-bbfd-36404eda8d51
fb0eaf77,c23dc2fe-238b-51a9-8878-838dbe305312
fb21a84a-577e-4b4f-a97b-ca77d7c35b6d,fb21a84a-577e-4b4f-a97b-ca77d7c35b6d
fb4a0d2e-059e-4046-b68d-9b346d3b95f1,fb4a0d2e-059e-4046-b68d-9b346d3b95f1
fb5244be,39e7026d-98fa-5389-9ee3-f86bf47d7bfd
fb7a759b,e22658fa-365b-5d5c-8109-fee8a405f679
fb873f81,0b2d5da3-46d8-5e98-9e0c-ab5390701e83
fb8f25f6,bf64f5a1-c3af-5e6e-a9e2-00639bccc5a7
fb91bd95,935ed25f-8aab-5816-861d-a638208e4f0e
fbabbf18-b7e5-4e24-9085-3191c244d728,fbabbf18-b7e5-4e24-9085-3191c244d728
fbc4dbe1-fa5a-48e3-b2c9-d0586792dd1f,fbc4dbe1-fa5a-48e3-b2c9-d0586792dd1f
fbd83880,f5e13cb2-f37b-5162-b27b-40b241f7a292
fbf973c1-6597-49d3-88bc-a966565542f1,fbf973c1-6597-49d3-88bc-a966565542f1
fc04438d-1439-4183-8aba-f34f8ce5a7f6,fc04438d-1439-4183-8aba-f34f8ce5a7f6
fc044925,359f6031-7d7d-58a6-bbd3-14b6f8c3f86c
fc06f27d,fc1b1f27-caa1-5297-80f7-51a01f390c66
fc2bb0f0,777b5d80-4256-5d81-8378-7111c4d59f76
fc505af5-97fc-4de8-8cab-425344e249b2,fc505af5-97fc-4de8-8cab-425344e249b2
fc6b108e,43ef0866-2699-5bf5-99f7-f374d88e0b38
fc74f7ed-f567-4bc9-841d-bf2c56462390,fc74f7ed-f567-4bc9-841d-bf2c56462390
fc754029-2666-4d2f-8176-e76b35f7db63,fc754029-2666-4d2f-8176-e76b35f7db63
fc90d62e-4684-4131-881c-fcf65ec24f9a,fc90d62e-4684-4131-881c-fcf65ec24f9a
fc96db05-d72d-4c9e-9a5a-387001243512,fc96db05-d72d-4c9e-9a5a-387001243512
fca91f55-c345-439c-8352-dfd261cd3ef1,fca91f55-c345-439c-8352-dfd261cd3ef1
fca9a178-a54b-432b-b8fe-c41d3d9e8258,fca9a178-a54b-432b-b8fe-c41d3d9e8258
fcadbea5,523e65f5-2d36-5789-94f5-508ed00659ce
fcb6443f,472d2db6-07f0-5c53-a171-fe3d16c73bd5
fcde09d7-2acb-45eb-aa0c-246922095ae4,fcde09d7-2acb-45eb-aa0c-246922095ae4
fcdf77d8,18f47da1-2d1d-598e-994a-9bd064eafd0b
fd045c03,dcfbab67-472c-5d49-8136-17ca6ef1f1d0
fd355d35-3093-48ee-979d-88d021d4a3f0,fd355d35-3093-48ee-979d-88d021d4a3f0
fd3a2f1a-11fc-48f2-8402-49beabe59dbe,fd3a2f1a-11fc-48f2-8402-49beabe59dbe
fd559f32,b92e06ff-c628-5031-b878-269c66b16aee
fd5afb29,75bb01fd-6674-5900-9865-51a95c1c7ac7
fd5ddcb0,6417b94e-2712-5bf9-a7ac-0d55106edfb5
fda26f18,44f46997-cecc-5133-af41-dc3f8a961ef0
fda34ef1-9552-4415-b200-3df4e5e79020,fda34ef1-9552-4415-b200-3df4e5e79020
fdbb00d4-a960-417b-8984-24df8a56fa57,fdbb00d4-a960-417b-8984-24df8a56fa57
fdc667cf,ce7b58b6-b0f5-5878-8f08-8bf775b1f57d
fde2c299-7166-40ba-8af2-96ab9cea165f,fde2c299-7166-40ba-8af2-96ab9cea165f
fdeff73b,038dd841-38c0-5292-b29c-b1bce76bff9c
fdfbdc0a-ca4a-440a-8b34-839c933c27d3,fdfbdc0a-ca4a-440a-8b34-839c933c27d3
fe0034fc,16457e80-cc8b-526f-aecc-cf4eaedcad0e
fe01353a,e374a306-10cf-53b4-b2bf-20f90c106525
fe5fa45c,83890e63-8163-522f-a182-2fed1a05bf72
fe65b52f-3b74-4e71-bbbc-b970e89846d3,fe65b52f-3b74-4e71-bbbc-b970e89846d3
fe7892e2,cf8f41dc-6ff1-5979-9525-47ee396acaf4
fea43997,a8389f30-41fb-595d-887c-e9ba2c4c719c
feb3815c-8b71-4127-b5a6-7bbd5c362092,feb3815c-8b71-4127-b5a6-7bbd5c362092
fecb4377,3312b70f-12e2-5a99-9b81-356d568820aa
fecb78d1-19f1-4484-8d6c-a5ce0eee44d1,fecb78d1-19f1-4484-8d6c-a5ce0eee44d1
fed91a8f-63e0-41ec-95bd-ac57908f25bc,fed91a8f-63e0-41ec-95bd-ac57908f25bc
fed9654e-b548-42e3-bd75-c8f42a038eaa,fed9654e-b548-42e3-bd75-c8f42a038eaa
fede2745-01d8-457d-8452-4a0baa0abaab,fede2745-01d8-457d-8452-4a0baa0abaab
fef9261c-c78a-4aad-9351-8e15db927728,fef9261c-c78a-4aad-9351-8e15db927728
ff06d3f5-7e7a-4db7-a61d-98ede3649404,ff06d3f5-7e7a-4db7-a61d-98ede3649404
ff477874,05baed29-9952-55c1-a97c-10fef085239d
ff5a646e-f0d8-4dbb-b633-f543578b516b,ff5a646e-f0d8-4dbb-b633-f543578b516b
ff609f2a-ca5e-4d64-8fd3-f25f5d4cd360,ff609f2a-ca5e-4d64-8fd3-f25f5d4cd360
ff657444,f28c7efa-0fc3-5f37-b510-2dfc9ef8ba18
ff6818c6-a0c9-401e-8633-ef146829d4d2,ff6818c6-a0c9-401e-8633-ef146829d4d2
ff6c2284,5af3aee7-d1e6-5ad5-ba5e-7d02e10cfd8d
ff7d9ef2-96bd-42e0-aa73-a7598d6eba2c,ff7d9ef2-96bd-42e0-aa73-a7598d6eba2c
ff8b48a0,74b83701-d58a-5b03-93a5-9f8ccb76c5e8
ff8b539d-896c-48d5-b05b-e1c0344949cd,ff8b539d-896c-48d5-b05b-e1c0344949cd
ffa9b970,03b5265d-a739-5de1-8114-754bf12c7945
ffcb5a33-a9f5-4cbc-9b20-5588e6ff88a9,ffcb5a33-a9f5-4cbc-9b20-5588e6ff88a9
ffdd6df5,ab3f7138-18b8-5aae-9ffb-084dac1dc8d0
ffeedc28,bd575696-9263-5aa4-b2fb-aa7d29614440
fff2d137,ad7037b8-e02c-52c8-9725-84df309da190
